version,git_sha,workload,run_id,frame_id,ok,best_score,pose_x,pose_y,pose_yaw,baseline_pose_x,baseline_pose_y,baseline_pose_yaw,pose_dx,pose_dy,pose_dyaw,candidate_count,top10_checksum,score_checksum,max_abs_diff,note
L0_relaunch3,ad6bb15,W0,1,0,1,0.856585,-2,6.82,-3.02553,-2,6.82,-3.02553,0,0,0,3840,4.72652e+08,1.91659e+12,0,profile_only
L0_relaunch3,ad6bb15,W0,1,1,1,0.851024,-2,6.82,-3.02553,-2,6.82,-3.02553,0,0,0,3840,4.67769e+08,1.91625e+12,0,profile_only
L0_relaunch3,ad6bb15,W0,1,2,1,0.843975,-2,6.82,-3.02553,-2,6.82,-3.02553,0,0,0,3840,4.66589e+08,1.91642e+12,0,profile_only
L0_relaunch3,ad6bb15,W0,1,3,1,0.852011,-2,6.82,-3.02553,-2,6.82,-3.02553,0,0,0,3840,4.67708e+08,1.91656e+12,0,profile_only
L0_relaunch3,ad6bb15,W0,1,4,1,0.835537,-2,6.82,-3.02553,-2,6.82,-3.02553,0,0,0,3840,4.63745e+08,1.91669e+12,0,profile_only
L0_relaunch3,ad6bb15,W0,1,5,1,0.854742,-2,6.82,-3.02553,-2,6.82,-3.02553,0,0,0,3840,4.62609e+08,1.91622e+12,0,profile_only
L0_relaunch3,ad6bb15,W0,1,6,1,0.844929,-2,6.82,-3.02553,-2,6.82,-3.02553,0,0,0,3840,4.66698e+08,1.91628e+12,0,profile_only
L0_relaunch3,ad6bb15,W0,1,7,1,0.840112,-2,6.82,-3.02553,-2,6.82,-3.02553,0,0,0,3840,4.68596e+08,1.91608e+12,0,profile_only
L0_relaunch3,ad6bb15,W0,1,8,1,0.842343,-2,6.82,-3.02553,-2,6.82,-3.02553,0,0,0,3840,4.67847e+08,1.91644e+12,0,profile_only
L0_relaunch3,ad6bb15,W0,1,9,1,0.855098,-2,6.82,-3.02553,-2,6.82,-3.02553,0,0,0,3840,4.64613e+08,1.91626e+12,0,profile_only
L0_relaunch3,ad6bb15,W0,1,10,1,0.843409,-2,6.82,-3.02553,-2,6.82,-3.02553,0,0,0,3840,4.64545e+08,1.91613e+12,0,profile_only
L0_relaunch3,ad6bb15,W0,1,11,1,0.844752,-2,6.82,-3.02553,-2,6.82,-3.02553,0,0,0,3840,4.65833e+08,1.9167e+12,0,profile_only
L0_relaunch3,ad6bb15,W0,1,12,1,0.854565,-2,6.82,-3.02553,-2,6.82,-3.02553,0,0,0,3840,4.62631e+08,1.91655e+12,0,profile_only
L0_relaunch3,ad6bb15,W0,1,13,1,0.84543,-2,6.82,-3.02553,-2,6.82,-3.02553,0,0,0,3840,4.64628e+08,1.91655e+12,0,profile_only
L0_relaunch3,ad6bb15,W0,1,14,1,0.847128,-2.1,6.82,-3.02553,-2.1,6.82,-3.02553,0,0,0,3840,4.76325e+08,1.91404e+12,0,profile_only
L0_relaunch3,ad6bb15,W0,1,15,1,0.816216,-2.3,6.82,-3.02553,-2.3,6.82,-3.02553,0,0,0,3840,5.03394e+08,1.91547e+12,0,profile_only
L0_relaunch3,ad6bb15,W0,1,16,1,0.883521,-2.65,6.77,-3.02553,-2.65,6.77,-3.02553,0,0,0,3840,4.7506e+08,1.93013e+12,0,profile_only
L0_relaunch3,ad6bb15,W0,1,17,1,0.871154,-2.95,6.72,-3.02553,-2.95,6.72,-3.02553,0,0,0,3840,4.56848e+08,1.98895e+12,0,profile_only
L0_relaunch3,ad6bb15,W0,1,18,1,0.917792,-3.4,6.67,-2.97553,-3.4,6.67,-2.97553,0,0,0,3840,5.20254e+08,2.04595e+12,0,profile_only
L0_relaunch3,ad6bb15,W0,1,19,1,0.923952,-3.7,6.62,-2.92553,-3.7,6.62,-2.92553,0,0,0,3840,5.54983e+08,2.07627e+12,0,profile_only
L0_relaunch3,ad6bb15,W0,1,20,1,0.804756,-4.15,6.52,-2.92553,-4.15,6.52,-2.92553,0,0,0,3840,6.3032e+08,1.99076e+12,0,profile_only
L0_relaunch3,ad6bb15,W0,1,21,1,0.77461,-4.5,6.47,-3.07553,-4.5,6.47,-3.07553,0,0,0,3840,4.00166e+08,2.00856e+12,0,profile_only
L0_relaunch3,ad6bb15,W0,1,22,1,0.863003,-5.1,6.67,2.85766,-5.1,6.67,2.85766,0,0,0,3840,3.08308e+08,1.98542e+12,0,profile_only
L0_relaunch3,ad6bb15,W0,1,23,1,0.862712,-5.3,6.72,2.65766,-5.3,6.72,2.65766,0,0,0,3840,2.28125e+08,1.88084e+12,0,profile_only
L0_relaunch3,ad6bb15,W0,1,24,1,0.862517,-5.6,7.07,2.40766,-5.6,7.07,2.40766,0,0,0,3840,1.44819e+08,1.85329e+12,0,profile_only
L0_relaunch3,ad6bb15,W0,1,25,1,0.893896,-5.8,7.32,2.15766,-5.8,7.32,2.15766,0,0,0,3840,2.03139e+08,1.75135e+12,0,profile_only
L0_relaunch3,ad6bb15,W0,1,26,1,0.869888,-6,7.72,2.10766,-6,7.72,2.10766,0,0,0,3840,3.37587e+08,1.67112e+12,0,profile_only
L0_relaunch3,ad6bb15,W0,1,27,1,0.873382,-6.2,8.07,2.10766,-6.2,8.07,2.10766,0,0,0,3840,3.67374e+08,1.53893e+12,0,profile_only
L0_relaunch3,ad6bb15,W0,1,28,1,0.91362,-6.4,8.37,2.15766,-6.4,8.37,2.15766,0,0,0,3840,4.45668e+08,1.40715e+12,0,profile_only
L0_relaunch3,ad6bb15,W0,1,29,1,0.891342,-6.55,8.52,2.25766,-6.55,8.52,2.25766,0,0,0,3840,5.46666e+08,1.27323e+12,0,profile_only
L0_relaunch3,ad6bb15,W0,1,30,1,0.907446,-6.7,8.67,2.35766,-6.7,8.67,2.35766,0,0,0,3840,4.53687e+08,1.23087e+12,0,profile_only
L0_relaunch3,ad6bb15,W0,1,31,1,0.918082,-6.9,8.77,2.50766,-6.9,8.77,2.50766,0,0,0,3840,5.43676e+08,1.19319e+12,0,profile_only
L0_relaunch3,ad6bb15,W0,1,32,1,0.885622,-7.1,8.87,2.65766,-7.1,8.87,2.65766,0,0,0,3840,5.57362e+08,1.18102e+12,0,profile_only
L0_relaunch3,ad6bb15,W0,1,33,1,0.882581,-7.3,8.92,2.80766,-7.3,8.92,2.80766,0,0,0,3840,5.68436e+08,1.16421e+12,0,profile_only
L0_relaunch3,ad6bb15,W0,1,34,1,0.861356,-7.45,8.92,2.90766,-7.45,8.92,2.90766,0,0,0,3840,5.3011e+08,1.16171e+12,0,profile_only
L0_relaunch3,ad6bb15,W0,1,35,1,0.78418,-7.75,8.92,3.10766,-7.75,8.92,3.10766,0,0,0,3840,6.3838e+08,1.16905e+12,0,profile_only
L0_relaunch3,ad6bb15,W0,1,36,1,0.850346,-8.05,8.87,-2.97553,-8.05,8.87,-2.97553,0,0,0,3840,6.19873e+08,1.21169e+12,0,profile_only
L0_relaunch3,ad6bb15,W0,1,37,1,0.835621,-8.3,8.82,-2.87553,-8.3,8.82,-2.87553,0,0,0,3840,5.3476e+08,1.26652e+12,0,profile_only
L0_relaunch3,ad6bb15,W0,1,38,1,0.795077,-8.45,8.72,-2.87553,-8.45,8.72,-2.87553,0,0,0,3840,4.86376e+08,1.29178e+12,0,profile_only
L0_relaunch3,ad6bb15,W0,1,39,1,0.833988,-8.75,8.67,-2.82553,-8.75,8.67,-2.82553,0,0,0,3840,4.47568e+08,1.33065e+12,0,profile_only
L0_relaunch3,ad6bb15,W0,1,40,1,0.82846,-9.05,8.57,-2.82553,-9.05,8.57,-2.82553,0,0,0,3840,4.20415e+08,1.34878e+12,0,profile_only
L0_relaunch3,ad6bb15,W0,1,41,1,0.832468,-9.3,8.47,-2.82553,-9.3,8.47,-2.82553,0,0,0,3840,4.07243e+08,1.37408e+12,0,profile_only
L0_relaunch3,ad6bb15,W0,1,42,1,0.739591,-9.55,8.37,-2.77553,-9.55,8.37,-2.77553,0,0,0,3840,4.06938e+08,1.40222e+12,0,profile_only
L0_relaunch3,ad6bb15,W0,1,43,1,0.833923,-9.8,8.27,-2.77553,-9.8,8.27,-2.77553,0,0,0,3840,4.2958e+08,1.44553e+12,0,profile_only
L0_relaunch3,ad6bb15,W0,1,44,1,0.770208,-10,8.22,-2.77553,-10,8.22,-2.77553,0,0,0,3840,4.49643e+08,1.44434e+12,0,profile_only
L0_relaunch3,ad6bb15,W0,1,45,1,0.810864,-10.25,8.12,-2.72553,-10.25,8.12,-2.72553,0,0,0,3840,5.31836e+08,1.43349e+12,0,profile_only
L0_relaunch3,ad6bb15,W0,1,46,1,0.83655,-10.5,7.92,-2.62553,-10.5,7.92,-2.62553,0,0,0,3840,5.25897e+08,1.41344e+12,0,profile_only
L0_relaunch3,ad6bb15,W0,1,47,1,0.885178,-10.7,7.77,-2.57553,-10.7,7.77,-2.57553,0,0,0,3840,5.28708e+08,1.41533e+12,0,profile_only
L0_relaunch3,ad6bb15,W0,1,48,1,0.888354,-10.8,7.72,-2.52553,-10.8,7.72,-2.52553,0,0,0,3840,5.58354e+08,1.41036e+12,0,profile_only
L0_relaunch3,ad6bb15,W0,1,49,1,0.858212,-11.05,7.52,-2.42553,-11.05,7.52,-2.42553,0,0,0,3840,5.50273e+08,1.41082e+12,0,profile_only
L0_relaunch3,ad6bb15,W0,1,50,1,0.916279,-11.1,7.42,-2.37553,-11.1,7.42,-2.37553,0,0,0,3840,5.52486e+08,1.37635e+12,0,profile_only
L0_relaunch3,ad6bb15,W0,1,51,1,0.857659,-11.3,7.22,-2.27553,-11.3,7.22,-2.27553,0,0,0,3840,5.42955e+08,1.38433e+12,0,profile_only
L0_relaunch3,ad6bb15,W0,1,52,1,0.857795,-11.4,7.02,-2.17553,-11.4,7.02,-2.17553,0,0,0,3840,5.14686e+08,1.34578e+12,0,profile_only
L0_relaunch3,ad6bb15,W0,1,53,1,0.846482,-11.45,6.87,-2.07553,-11.45,6.87,-2.07553,0,0,0,3840,5.50151e+08,1.34297e+12,0,profile_only
L0_relaunch3,ad6bb15,W0,1,54,1,0.79873,-11.55,6.62,-1.97553,-11.55,6.62,-1.97553,0,0,0,3840,5.12567e+08,1.34155e+12,0,profile_only
L0_relaunch3,ad6bb15,W0,1,55,1,0.771653,-11.6,6.42,-1.87553,-11.6,6.42,-1.87553,0,0,0,3840,5.78393e+08,1.32655e+12,0,profile_only
L0_relaunch3,ad6bb15,W0,1,56,1,0.802463,-11.6,6.17,-1.72553,-11.6,6.17,-1.72553,0,0,0,3840,6.03177e+08,1.32548e+12,0,profile_only
L0_relaunch3,ad6bb15,W0,1,57,1,0.808301,-11.6,5.92,-1.62553,-11.6,5.92,-1.62553,0,0,0,3840,5.33564e+08,1.34312e+12,0,profile_only
L0_relaunch3,ad6bb15,W0,1,58,1,0.787431,-11.6,5.72,-1.52553,-11.6,5.72,-1.52553,0,0,0,3840,5.52392e+08,1.36012e+12,0,profile_only
L0_relaunch3,ad6bb15,W0,1,59,1,0.769718,-11.55,5.47,-1.42553,-11.55,5.47,-1.42553,0,0,0,3840,5.31164e+08,1.38902e+12,0,profile_only
L0_relaunch3,ad6bb15,W0,1,60,1,0.786667,-11.45,5.27,-1.32553,-11.45,5.27,-1.32553,0,0,0,3840,5.11985e+08,1.4404e+12,0,profile_only
L0_relaunch3,ad6bb15,W0,1,61,1,0.758091,-11.35,4.97,-1.17553,-11.35,4.97,-1.17553,0,0,0,3840,5.61643e+08,1.51378e+12,0,profile_only
L0_relaunch3,ad6bb15,W0,1,62,1,0.767373,-11.2,4.77,-1.07553,-11.2,4.77,-1.07553,0,0,0,3840,5.49472e+08,1.57125e+12,0,profile_only
L0_relaunch3,ad6bb15,W0,1,63,1,0.779246,-10.95,4.52,-0.825528,-10.95,4.52,-0.825528,0,0,0,3840,7.19172e+08,1.6093e+12,0,profile_only
L0_relaunch3,ad6bb15,W0,1,64,1,0.71437,-10.65,4.32,-0.575528,-10.65,4.32,-0.575528,0,0,0,3840,6.51027e+08,1.66573e+12,0,profile_only
L0_relaunch3,ad6bb15,W0,1,65,1,0.775289,-10.15,4.22,-0.225528,-10.15,4.22,-0.225528,0,0,0,3840,7.49714e+08,1.71517e+12,0,profile_only
L0_relaunch3,ad6bb15,W0,1,66,1,0.752856,-9.9,4.17,-0.125528,-9.9,4.17,-0.125528,0,0,0,3840,5.51917e+08,1.85545e+12,0,profile_only
L0_relaunch3,ad6bb15,W0,1,67,1,0.72276,-9.4,4.12,-0.0755283,-9.4,4.12,-0.0755283,0,0,0,3840,4.3214e+08,1.90342e+12,0,profile_only
L0_relaunch3,ad6bb15,W0,1,68,1,0.72644,-8.8,4.07,-0.175528,-8.8,4.07,-0.175528,0,0,0,3840,3.28889e+08,1.89931e+12,0,profile_only
L0_relaunch3,ad6bb15,W0,1,69,1,0.684373,-8.5,3.97,-0.325528,-8.5,3.97,-0.325528,0,0,0,3840,2.90269e+08,1.89161e+12,0,profile_only
L0_relaunch3,ad6bb15,W0,1,70,1,0.817568,-7.85,3.67,-0.425528,-7.85,3.67,-0.425528,0,0,0,3840,3.41634e+08,1.83031e+12,0,profile_only
L0_relaunch3,ad6bb15,W0,1,71,1,0.802322,-7.45,3.42,-0.425528,-7.45,3.42,-0.425528,0,0,0,3840,4.20447e+08,1.81271e+12,0,profile_only
L0_relaunch3,ad6bb15,W0,1,72,1,0.888188,-7.2,3.32,-0.475528,-7.2,3.32,-0.475528,0,0,0,3840,4.17018e+08,1.79684e+12,0,profile_only
L0_relaunch3,ad6bb15,W0,1,73,1,0.873927,-7.05,3.22,-0.475528,-7.05,3.22,-0.475528,0,0,0,3840,4.27518e+08,1.7915e+12,0,profile_only
L0_relaunch3,ad6bb15,W0,1,74,1,0.846714,-6.9,3.12,-0.475528,-6.9,3.12,-0.475528,0,0,0,3840,3.81472e+08,1.79405e+12,0,profile_only
L0_relaunch3,ad6bb15,W0,1,75,1,0.873383,-6.6,2.97,-0.525528,-6.6,2.97,-0.525528,0,0,0,3840,3.57308e+08,1.79925e+12,0,profile_only
L0_relaunch3,ad6bb15,W0,1,76,1,0.844771,-6.45,2.87,-0.525528,-6.45,2.87,-0.525528,0,0,0,3840,3.73586e+08,1.79357e+12,0,profile_only
L0_relaunch3,ad6bb15,W0,1,77,1,0.87448,-6.15,2.72,-0.575528,-6.15,2.72,-0.575528,0,0,0,3840,3.61849e+08,1.79772e+12,0,profile_only
L0_relaunch3,ad6bb15,W0,1,78,1,0.848766,-6.05,2.62,-0.575528,-6.05,2.62,-0.575528,0,0,0,3840,4.47181e+08,1.79821e+12,0,profile_only
L0_relaunch3,ad6bb15,W0,1,79,1,0.811717,-5.75,2.42,-0.575528,-5.75,2.42,-0.575528,0,0,0,3840,4.36749e+08,1.80195e+12,0,profile_only
L0_relaunch3,ad6bb15,W0,1,80,1,0.872176,-5.45,2.22,-0.625528,-5.45,2.22,-0.625528,0,0,0,3840,4.07689e+08,1.80937e+12,0,profile_only
L0_relaunch3,ad6bb15,W0,1,81,1,0.807556,-5.3,2.07,-0.625528,-5.3,2.07,-0.625528,0,0,0,3840,4.71457e+08,1.80411e+12,0,profile_only
L0_relaunch3,ad6bb15,W0,1,82,1,0.780998,-4.9,1.77,-0.625528,-4.9,1.77,-0.625528,0,0,0,3840,4.3522e+08,1.82762e+12,0,profile_only
L0_relaunch3,ad6bb15,W0,1,83,1,0.773449,-4.3,1.42,-0.575528,-4.3,1.42,-0.575528,0,0,0,3840,4.93848e+08,1.84357e+12,0,profile_only
L0_relaunch3,ad6bb15,W0,1,84,1,0.857641,-4.2,1.37,-0.525528,-4.2,1.37,-0.525528,0,0,0,3840,5.07418e+08,1.84889e+12,0,profile_only
L0_relaunch3,ad6bb15,W0,1,85,1,0.820569,-4.05,1.27,-0.475528,-4.05,1.27,-0.475528,0,0,0,3840,4.77413e+08,1.86898e+12,0,profile_only
L0_relaunch3,ad6bb15,W0,1,86,1,0.811874,-3.85,1.22,-0.425528,-3.85,1.22,-0.425528,0,0,0,3840,4.88751e+08,1.85795e+12,0,profile_only
L0_relaunch3,ad6bb15,W0,1,87,1,0.833988,-3.65,1.12,-0.425528,-3.65,1.12,-0.425528,0,0,0,3840,4.26501e+08,1.82971e+12,0,profile_only
L0_relaunch3,ad6bb15,W0,1,88,1,0.891716,-3.4,1.02,-0.425528,-3.4,1.02,-0.425528,0,0,0,3840,4.11032e+08,1.7853e+12,0,profile_only
L0_relaunch3,ad6bb15,W0,1,89,1,0.888807,-3.25,0.92,-0.475528,-3.25,0.92,-0.475528,0,0,0,3840,3.79888e+08,1.76503e+12,0,profile_only
L0_relaunch3,ad6bb15,W0,1,90,1,0.908077,-3.05,0.82,-0.525528,-3.05,0.82,-0.525528,0,0,0,3840,3.77228e+08,1.76199e+12,0,profile_only
L0_relaunch3,ad6bb15,W0,1,91,1,0.858559,-2.95,0.72,-0.575528,-2.95,0.72,-0.575528,0,0,0,3840,3.38214e+08,1.76225e+12,0,profile_only
L0_relaunch3,ad6bb15,W0,1,92,1,0.852029,-2.75,0.57,-0.575528,-2.75,0.57,-0.575528,0,0,0,3840,3.65532e+08,1.77354e+12,0,profile_only
L0_relaunch3,ad6bb15,W0,1,93,1,0.734665,-2.55,0.42,-0.575528,-2.55,0.42,-0.575528,0,0,0,3840,3.44391e+08,1.77702e+12,0,profile_only
L0_relaunch3,ad6bb15,W0,1,94,1,0.864022,-2.25,0.22,-0.625528,-2.25,0.22,-0.625528,0,0,0,3840,3.85094e+08,1.74177e+12,0,profile_only
L0_relaunch3,ad6bb15,W0,1,95,1,0.818922,-2.05,0.07,-0.575528,-2.05,0.07,-0.575528,0,0,0,3840,4.64293e+08,1.69579e+12,0,profile_only
L0_relaunch3,ad6bb15,W0,1,96,1,0.831042,-1.7,-0.13,-0.525528,-1.7,-0.13,-0.525528,0,0,0,3840,5.39594e+08,1.65759e+12,0,profile_only
L0_relaunch3,ad6bb15,W0,1,97,1,0.847436,-1.35,-0.28,-0.425528,-1.35,-0.28,-0.425528,0,0,0,3840,5.40503e+08,1.64218e+12,0,profile_only
L0_relaunch3,ad6bb15,W0,1,98,1,0.797254,-1,-0.38,-0.325528,-1,-0.38,-0.325528,0,0,0,3840,4.17177e+08,1.63342e+12,0,profile_only
L0_relaunch3,ad6bb15,W0,1,99,1,0.849925,-0.6,-0.48,-0.225528,-0.6,-0.48,-0.225528,0,0,0,3840,4.36473e+08,1.63769e+12,0,profile_only
L0_relaunch3,ad6bb15,W0,1,100,1,0.762,-0.4,-0.53,-0.175528,-0.4,-0.53,-0.175528,0,0,0,3840,4.63683e+08,1.66936e+12,0,profile_only
L0_relaunch3,ad6bb15,W0,1,101,1,0.787894,0.1,-0.53,-0.0255283,0.1,-0.53,-0.0255283,0,0,0,3840,6.18274e+08,1.67824e+12,0,profile_only
L0_relaunch3,ad6bb15,W0,1,102,1,0.818255,0.35,-0.53,0.0244717,0.35,-0.53,0.0244717,0,0,0,3840,4.45245e+08,1.72752e+12,0,profile_only
L0_relaunch3,ad6bb15,W0,1,103,1,0.704609,0.65,-0.48,0.124472,0.65,-0.48,0.124472,0,0,0,3840,5.06989e+08,1.73824e+12,0,profile_only
L0_relaunch3,ad6bb15,W0,1,104,1,0.797011,0.95,-0.43,0.174472,0.95,-0.43,0.174472,0,0,0,3840,5.07794e+08,1.75442e+12,0,profile_only
L0_relaunch3,ad6bb15,W0,1,105,1,0.832192,1.2,-0.33,0.224472,1.2,-0.33,0.224472,0,0,0,3840,4.8439e+08,1.75351e+12,0,profile_only
L0_relaunch3,ad6bb15,W0,1,106,1,0.779754,1.35,-0.28,0.274472,1.35,-0.28,0.274472,0,0,0,3840,5.05142e+08,1.75319e+12,0,profile_only
L0_relaunch3,ad6bb15,W0,1,107,1,0.78484,1.6,-0.23,0.324472,1.6,-0.23,0.324472,0,0,0,3840,4.44065e+08,1.75234e+12,0,profile_only
L0_relaunch3,ad6bb15,W0,1,108,1,0.80628,1.85,-0.08,0.374472,1.85,-0.08,0.374472,0,0,0,3840,5.04118e+08,1.74621e+12,0,profile_only
L0_relaunch3,ad6bb15,W0,1,109,1,0.882422,2.1,0.02,0.424472,2.1,0.02,0.424472,0,0,0,3840,4.99677e+08,1.73994e+12,0,profile_only
L0_relaunch3,ad6bb15,W0,1,110,1,0.893559,2.3,0.12,0.474472,2.3,0.12,0.474472,0,0,0,3840,5.44855e+08,1.72878e+12,0,profile_only
L0_relaunch3,ad6bb15,W0,1,111,1,0.848067,2.45,0.22,0.524472,2.45,0.22,0.524472,0,0,0,3840,5.04983e+08,1.71861e+12,0,profile_only
L0_relaunch3,ad6bb15,W0,1,112,1,0.921445,2.65,0.32,0.574472,2.65,0.32,0.574472,0,0,0,3840,4.91057e+08,1.7002e+12,0,profile_only
L0_relaunch3,ad6bb15,W0,1,113,1,0.913395,2.8,0.47,0.624472,2.8,0.47,0.624472,0,0,0,3840,5.37129e+08,1.67914e+12,0,profile_only
L0_relaunch3,ad6bb15,W0,1,114,1,0.858493,2.95,0.57,0.674472,2.95,0.57,0.674472,0,0,0,3840,5.24851e+08,1.65332e+12,0,profile_only
L0_relaunch3,ad6bb15,W0,1,115,1,0.902839,3.1,0.77,0.824472,3.1,0.77,0.824472,0,0,0,3840,6.222e+08,1.63654e+12,0,profile_only
L0_relaunch3,ad6bb15,W0,1,116,1,0.848231,3.2,0.92,0.924472,3.2,0.92,0.924472,0,0,0,3840,5.64544e+08,1.64122e+12,0,profile_only
L0_relaunch3,ad6bb15,W0,1,117,1,0.900383,3.3,1.07,1.02447,3.3,1.07,1.02447,0,0,0,3840,5.94763e+08,1.67705e+12,0,profile_only
L0_relaunch3,ad6bb15,W0,1,118,1,0.887544,3.35,1.22,1.12447,3.35,1.22,1.12447,0,0,0,3840,5.57215e+08,1.69682e+12,0,profile_only
L0_relaunch3,ad6bb15,W0,1,119,1,0.854224,3.4,1.42,1.22447,3.4,1.42,1.22447,0,0,0,3840,5.57521e+08,1.7143e+12,0,profile_only
L0_relaunch3,ad6bb15,W0,1,120,1,0.831579,3.45,1.62,1.32447,3.45,1.62,1.32447,0,0,0,3840,5.25299e+08,1.7313e+12,0,profile_only
L0_relaunch3,ad6bb15,W0,1,121,1,0.789193,3.5,1.87,1.47447,3.5,1.87,1.47447,0,0,0,3840,5.65517e+08,1.73973e+12,0,profile_only
L0_relaunch3,ad6bb15,W0,1,122,1,0.733827,3.5,2.17,1.62447,3.5,2.17,1.62447,0,0,0,3840,5.80429e+08,1.74848e+12,0,profile_only
L0_relaunch3,ad6bb15,W0,1,123,1,0.780574,3.4,2.37,1.72447,3.4,2.37,1.72447,0,0,0,3840,5.28806e+08,1.76151e+12,0,profile_only
L0_relaunch3,ad6bb15,W0,1,124,1,0.77954,3.35,2.57,1.82447,3.35,2.57,1.82447,0,0,0,3840,5.77924e+08,1.77453e+12,0,profile_only
L0_relaunch3,ad6bb15,W0,1,125,1,0.831318,3.25,2.82,1.92447,3.25,2.82,1.92447,0,0,0,3840,5.85489e+08,1.78341e+12,0,profile_only
L0_relaunch3,ad6bb15,W0,1,126,1,0.784053,3.15,2.92,1.97447,3.15,2.92,1.97447,0,0,0,3840,4.98049e+08,1.79943e+12,0,profile_only
L0_relaunch3,ad6bb15,W0,1,127,1,0.822749,3.05,3.17,2.07447,3.05,3.17,2.07447,0,0,0,3840,5.52939e+08,1.80247e+12,0,profile_only
L0_relaunch3,ad6bb15,W0,1,128,1,0.858769,2.95,3.32,2.12447,2.95,3.32,2.12447,0,0,0,3840,4.89684e+08,1.81436e+12,0,profile_only
L0_relaunch3,ad6bb15,W0,1,129,1,0.819035,2.7,3.62,2.22447,2.7,3.62,2.22447,0,0,0,3840,5.25549e+08,1.81591e+12,0,profile_only
L0_relaunch3,ad6bb15,W0,1,130,1,0.893624,2.65,3.67,2.27447,2.65,3.67,2.27447,0,0,0,3840,5.10044e+08,1.83519e+12,0,profile_only
L0_relaunch3,ad6bb15,W0,1,131,1,0.862992,2.5,3.77,2.32447,2.5,3.77,2.32447,0,0,0,3840,5.42802e+08,1.82612e+12,0,profile_only
L0_relaunch3,ad6bb15,W0,1,132,1,0.804829,2.35,3.92,2.37447,2.35,3.92,2.37447,0,0,0,3840,5.30667e+08,1.79382e+12,0,profile_only
L0_relaunch3,ad6bb15,W0,1,133,1,0.917876,2.1,4.17,2.42447,2.1,4.17,2.42447,0,0,0,3840,5.24612e+08,1.77778e+12,0,profile_only
L0_relaunch3,ad6bb15,W0,1,134,1,0.939827,1.7,4.47,2.47447,1.7,4.47,2.47447,0,0,0,3840,4.87293e+08,1.77399e+12,0,profile_only
L0_relaunch3,ad6bb15,W0,1,135,1,0.914981,1.55,4.57,2.47447,1.55,4.57,2.47447,0,0,0,3840,4.25023e+08,1.76737e+12,0,profile_only
L0_relaunch3,ad6bb15,W0,1,136,1,0.915126,1.25,4.82,2.52447,1.25,4.82,2.52447,0,0,0,3840,4.97134e+08,1.76048e+12,0,profile_only
L0_relaunch3,ad6bb15,W0,1,137,1,0.828296,0.95,5.02,2.52447,0.95,5.02,2.52447,0,0,0,3840,4.71964e+08,1.75172e+12,0,profile_only
L0_relaunch3,ad6bb15,W0,1,138,1,0.855537,0.3,5.42,2.57447,0.3,5.42,2.57447,0,0,0,3840,5.61503e+08,1.74299e+12,0,profile_only
L0_relaunch3,ad6bb15,W0,1,139,1,0.930369,-0.2,5.72,2.62447,-0.2,5.72,2.62447,0,0,0,3840,5.01882e+08,1.73183e+12,0,profile_only
L0_relaunch3,ad6bb15,W0,1,140,1,0.929644,-0.4,5.82,2.67447,-0.4,5.82,2.67447,0,0,0,3840,5.0152e+08,1.73946e+12,0,profile_only
L0_relaunch3,ad6bb15,W0,1,141,1,0.980519,-0.6,5.92,2.67447,-0.6,5.92,2.67447,0,0,0,3840,4.29914e+08,1.75901e+12,0,profile_only
L0_relaunch3,ad6bb15,W0,1,142,1,0.946052,-0.8,6.02,2.72447,-0.8,6.02,2.72447,0,0,0,3840,4.15137e+08,1.76727e+12,0,profile_only
L0_relaunch3,ad6bb15,W0,1,143,1,0.933653,-1.05,6.12,2.77447,-1.05,6.12,2.77447,0,0,0,3840,4.20695e+08,1.78174e+12,0,profile_only
L0_relaunch3,ad6bb15,W0,1,144,1,0.895369,-1.25,6.17,2.82447,-1.25,6.17,2.82447,0,0,0,3840,5.0747e+08,1.79795e+12,0,profile_only
L0_relaunch3,ad6bb15,W0,1,145,1,0.892975,-1.45,6.22,2.87447,-1.45,6.22,2.87447,0,0,0,3840,4.9155e+08,1.80793e+12,0,profile_only
L0_relaunch3,ad6bb15,W0,1,146,1,0.908643,-1.75,6.27,2.97447,-1.75,6.27,2.97447,0,0,0,3840,5.0146e+08,1.80255e+12,0,profile_only
L0_relaunch3,ad6bb15,W0,1,147,1,0.81737,-1.9,6.27,2.97447,-1.9,6.27,2.97447,0,0,0,3840,4.91499e+08,1.83267e+12,0,profile_only
L0_relaunch3,ad6bb15,W0,1,148,1,0.843086,-2.3,6.32,3.12447,-2.3,6.32,3.12447,0,0,0,3840,5.68488e+08,1.83441e+12,0,profile_only
L0_relaunch3,ad6bb15,W0,1,149,1,0.831253,-2.5,6.32,-3.10871,-2.5,6.32,-3.10871,0,0,0,3840,5.1241e+08,1.88814e+12,0,profile_only
L0_relaunch3,ad6bb15,W0,1,150,1,0.899186,-2.85,6.27,-3.00871,-2.85,6.27,-3.00871,0,0,0,3840,6.18565e+08,1.9302e+12,0,profile_only
L0_relaunch3,ad6bb15,W0,1,151,1,0.87652,-3.1,6.22,-3.00871,-3.1,6.22,-3.00871,0,0,0,3840,4.64076e+08,2.0126e+12,0,profile_only
L0_relaunch3,ad6bb15,W0,1,152,1,0.863862,-3.35,6.17,-2.95871,-3.35,6.17,-2.95871,0,0,0,3840,5.57032e+08,2.05162e+12,0,profile_only
L0_relaunch3,ad6bb15,W0,1,153,1,0.821396,-3.6,6.12,-2.95871,-3.6,6.12,-2.95871,0,0,0,3840,4.76013e+08,2.09073e+12,0,profile_only
L0_relaunch3,ad6bb15,W0,1,154,1,0.805104,-3.85,6.07,-3.00871,-3.85,6.07,-3.00871,0,0,0,3840,4.63295e+08,2.10344e+12,0,profile_only
L0_relaunch3,ad6bb15,W0,1,155,1,0.81873,-4.1,6.07,-3.05871,-4.1,6.07,-3.05871,0,0,0,3840,4.50722e+08,2.09171e+12,0,profile_only
L0_relaunch3,ad6bb15,W0,1,156,1,0.817188,-4.2,6.12,-3.10871,-4.2,6.12,-3.10871,0,0,0,3840,3.59053e+08,2.07732e+12,0,profile_only
L0_relaunch3,ad6bb15,W0,1,157,1,0.826062,-4.45,6.17,3.07447,-4.45,6.17,3.07447,0,0,0,3840,3.19288e+08,2.02613e+12,0,profile_only
L0_relaunch3,ad6bb15,W0,1,158,1,0.857057,-4.6,6.17,3.02447,-4.6,6.17,3.02447,0,0,0,3840,4.6027e+08,1.98745e+12,0,profile_only
L0_relaunch3,ad6bb15,W0,1,159,1,0.844044,-4.8,6.22,2.92447,-4.8,6.22,2.92447,0,0,0,3840,3.07481e+08,1.97367e+12,0,profile_only
L0_relaunch3,ad6bb15,W0,1,160,1,0.792687,-4.9,6.22,2.82447,-4.9,6.22,2.82447,0,0,0,3840,4.72827e+08,1.94304e+12,0,profile_only
L0_relaunch3,ad6bb15,W0,1,161,1,0.832617,-5.15,6.37,2.67447,-5.15,6.37,2.67447,0,0,0,3840,4.64562e+08,1.92773e+12,0,profile_only
L0_relaunch3,ad6bb15,W0,1,162,1,0.874419,-5.35,6.57,2.52447,-5.35,6.57,2.52447,0,0,0,3840,4.26108e+08,1.89662e+12,0,profile_only
L0_relaunch3,ad6bb15,W0,1,163,1,0.859299,-5.55,6.82,2.37447,-5.55,6.82,2.37447,0,0,0,3840,3.7173e+08,1.84708e+12,0,profile_only
L0_relaunch3,ad6bb15,W0,1,164,1,0.839031,-5.7,6.97,2.22447,-5.7,6.97,2.22447,0,0,0,3840,3.35976e+08,1.78345e+12,0,profile_only
L0_relaunch3,ad6bb15,W0,1,165,1,0.829863,-5.85,7.22,2.12447,-5.85,7.22,2.12447,0,0,0,3840,3.41985e+08,1.74727e+12,0,profile_only
L0_relaunch3,ad6bb15,W0,1,166,1,0.919504,-6,7.57,2.07447,-6,7.57,2.07447,0,0,0,3840,3.9144e+08,1.69438e+12,0,profile_only
L0_relaunch3,ad6bb15,W0,1,167,1,0.889032,-6.1,7.77,2.07447,-6.1,7.77,2.07447,0,0,0,3840,4.71326e+08,1.56154e+12,0,profile_only
L0_relaunch3,ad6bb15,W0,1,168,1,0.886108,-6.25,8.02,2.07447,-6.25,8.02,2.07447,0,0,0,3840,4.46725e+08,1.49841e+12,0,profile_only
L0_relaunch3,ad6bb15,W0,1,169,1,0.899878,-6.35,8.22,2.07447,-6.35,8.22,2.07447,0,0,0,3840,5.1109e+08,1.40141e+12,0,profile_only
L0_relaunch3,ad6bb15,W0,1,170,1,0.888045,-6.4,8.32,2.07447,-6.4,8.32,2.07447,0,0,0,3840,4.5336e+08,1.32164e+12,0,profile_only
L0_relaunch3,ad6bb15,W0,1,171,1,0.934023,-6.5,8.47,2.12447,-6.5,8.47,2.12447,0,0,0,3840,3.8754e+08,1.28187e+12,0,profile_only
L0_relaunch3,ad6bb15,W0,1,172,1,0.879574,-6.55,8.57,2.12447,-6.55,8.57,2.12447,0,0,0,3840,4.63227e+08,1.23088e+12,0,profile_only
L0_relaunch3,ad6bb15,W0,1,173,1,0.905004,-6.65,8.67,2.17447,-6.65,8.67,2.17447,0,0,0,3840,4.70053e+08,1.19585e+12,0,profile_only
L0_relaunch3,ad6bb15,W0,1,174,1,0.912895,-6.75,8.77,2.27447,-6.75,8.77,2.27447,0,0,0,3840,5.64953e+08,1.16648e+12,0,profile_only
L0_relaunch3,ad6bb15,W0,1,175,1,0.916562,-6.85,8.82,2.37447,-6.85,8.82,2.37447,0,0,0,3840,5.19138e+08,1.14784e+12,0,profile_only
L0_relaunch3,ad6bb15,W0,1,176,1,0.904148,-7,8.92,2.52447,-7,8.92,2.52447,0,0,0,3840,5.47326e+08,1.14397e+12,0,profile_only
L0_relaunch3,ad6bb15,W0,1,177,1,0.879012,-7.1,8.97,2.62447,-7.1,8.97,2.62447,0,0,0,3840,5.03128e+08,1.13469e+12,0,profile_only
L0_relaunch3,ad6bb15,W0,1,178,1,0.901351,-7.25,8.97,2.72447,-7.25,8.97,2.72447,0,0,0,3840,5.0607e+08,1.13343e+12,0,profile_only
L0_relaunch3,ad6bb15,W0,1,179,1,0.879302,-7.35,9.02,2.82447,-7.35,9.02,2.82447,0,0,0,3840,5.23963e+08,1.13333e+12,0,profile_only
L0_relaunch3,ad6bb15,W0,1,180,1,0.915108,-7.5,9.02,2.92447,-7.5,9.02,2.92447,0,0,0,3840,5.36102e+08,1.13435e+12,0,profile_only
L0_relaunch3,ad6bb15,W0,1,181,1,0.848114,-7.6,9.02,2.97447,-7.6,9.02,2.97447,0,0,0,3840,4.77372e+08,1.16048e+12,0,profile_only
L0_relaunch3,ad6bb15,W0,1,182,1,0.856748,-7.7,9.02,3.02447,-7.7,9.02,3.02447,0,0,0,3840,4.67162e+08,1.17433e+12,0,profile_only
L0_relaunch3,ad6bb15,W0,1,183,1,0.775288,-7.8,9.07,3.07447,-7.8,9.07,3.07447,0,0,0,3840,4.69135e+08,1.19207e+12,0,profile_only
L0_relaunch3,ad6bb15,W0,1,184,1,0.881094,-8,9.02,3.12447,-8,9.02,3.12447,0,0,0,3840,5.35461e+08,1.20456e+12,0,profile_only
L0_relaunch3,ad6bb15,W0,1,185,1,0.940814,-8.1,9.02,-3.10871,-8.1,9.02,-3.10871,0,0,0,3840,5.14627e+08,1.23193e+12,0,profile_only
L0_relaunch3,ad6bb15,W0,1,186,1,0.797823,-8.25,9.02,-3.05871,-8.25,9.02,-3.05871,0,0,0,3840,4.7754e+08,1.24824e+12,0,profile_only
L0_relaunch3,ad6bb15,W0,1,187,1,0.880593,-8.4,8.97,-3.00871,-8.4,8.97,-3.00871,0,0,0,3840,5.03711e+08,1.25605e+12,0,profile_only
L0_relaunch3,ad6bb15,W0,1,188,1,0.817453,-8.5,8.92,-3.00871,-8.5,8.92,-3.00871,0,0,0,3840,4.92739e+08,1.28685e+12,0,profile_only
L0_relaunch3,ad6bb15,W0,1,189,1,0.913395,-8.7,8.92,-2.95871,-8.7,8.92,-2.95871,0,0,0,3840,4.66661e+08,1.3026e+12,0,profile_only
L0_relaunch3,ad6bb15,W0,1,190,1,0.81585,-8.85,8.87,-2.95871,-8.85,8.87,-2.95871,0,0,0,3840,4.98002e+08,1.30561e+12,0,profile_only
L0_relaunch3,ad6bb15,W0,1,191,1,0.856295,-9.05,8.82,-2.90871,-9.05,8.82,-2.90871,0,0,0,3840,4.66219e+08,1.30885e+12,0,profile_only
L0_relaunch3,ad6bb15,W0,1,192,1,0.838708,-9.25,8.77,-2.85871,-9.25,8.77,-2.85871,0,0,0,3840,4.66752e+08,1.32621e+12,0,profile_only
L0_relaunch3,ad6bb15,W0,1,193,1,0.808249,-9.4,8.72,-2.80871,-9.4,8.72,-2.80871,0,0,0,3840,4.27952e+08,1.33669e+12,0,profile_only
L0_relaunch3,ad6bb15,W0,1,194,1,0.81224,-9.6,8.62,-2.75871,-9.6,8.62,-2.75871,0,0,0,3840,4.40855e+08,1.35512e+12,0,profile_only
L0_relaunch3,ad6bb15,W0,1,195,1,0.780363,-9.75,8.57,-2.75871,-9.75,8.57,-2.75871,0,0,0,3840,4.59395e+08,1.37494e+12,0,profile_only
L0_relaunch3,ad6bb15,W0,1,196,1,0.784702,-9.95,8.42,-2.65871,-9.95,8.42,-2.65871,0,0,0,3840,5.01922e+08,1.37626e+12,0,profile_only
L0_relaunch3,ad6bb15,W0,1,197,1,0.812476,-10.1,8.32,-2.60871,-10.1,8.32,-2.60871,0,0,0,3840,4.83316e+08,1.41284e+12,0,profile_only
L0_relaunch3,ad6bb15,W0,1,198,1,0.83635,-10.2,8.27,-2.55871,-10.2,8.27,-2.55871,0,0,0,3840,5.06048e+08,1.41676e+12,0,profile_only
L0_relaunch3,ad6bb15,W0,1,199,1,0.847593,-10.3,8.17,-2.50871,-10.3,8.17,-2.50871,0,0,0,3840,4.83834e+08,1.4274e+12,0,profile_only
L0_relaunch3,ad6bb15,W0,1,200,1,0.892948,-10.4,8.07,-2.45871,-10.4,8.07,-2.45871,0,0,0,3840,4.80242e+08,1.4419e+12,0,profile_only
L0_relaunch3,ad6bb15,W0,1,201,1,0.897328,-10.5,7.97,-2.40871,-10.5,7.97,-2.40871,0,0,0,3840,5.32673e+08,1.45592e+12,0,profile_only
L0_relaunch3,ad6bb15,W0,1,202,1,0.896149,-10.6,7.87,-2.35871,-10.6,7.87,-2.35871,0,0,0,3840,5.33583e+08,1.46299e+12,0,profile_only
L0_relaunch3,ad6bb15,W0,1,203,1,0.883307,-10.65,7.82,-2.30871,-10.65,7.82,-2.30871,0,0,0,3840,5.39992e+08,1.46793e+12,0,profile_only
L0_relaunch3,ad6bb15,W0,1,204,1,0.872738,-10.75,7.67,-2.25871,-10.75,7.67,-2.25871,0,0,0,3840,5.42369e+08,1.47657e+12,0,profile_only
L0_relaunch3,ad6bb15,W0,1,205,1,0.917458,-10.8,7.57,-2.20871,-10.8,7.57,-2.20871,0,0,0,3840,5.39027e+08,1.48008e+12,0,profile_only
L0_relaunch3,ad6bb15,W0,1,206,1,0.891166,-10.85,7.47,-2.15871,-10.85,7.47,-2.15871,0,0,0,3840,5.38993e+08,1.48992e+12,0,profile_only
L0_relaunch3,ad6bb15,W0,1,207,1,0.852423,-10.95,7.32,-2.10871,-10.95,7.32,-2.10871,0,0,0,3840,5.60871e+08,1.48946e+12,0,profile_only
L0_relaunch3,ad6bb15,W0,1,208,1,0.856421,-11,7.22,-2.05871,-11,7.22,-2.05871,0,0,0,3840,5.39248e+08,1.47003e+12,0,profile_only
L0_relaunch3,ad6bb15,W0,1,209,1,0.830406,-11.05,7.07,-2.00871,-11.05,7.07,-2.00871,0,0,0,3840,5.18994e+08,1.45235e+12,0,profile_only
L0_relaunch3,ad6bb15,W0,1,210,1,0.811293,-11.15,6.87,-1.95871,-11.15,6.87,-1.95871,0,0,0,3840,4.67623e+08,1.44533e+12,0,profile_only
L0_relaunch3,ad6bb15,W0,1,211,1,0.835214,-11.2,6.67,-1.95871,-11.2,6.67,-1.95871,0,0,0,3840,3.83539e+08,1.38445e+12,0,profile_only
L0_relaunch3,ad6bb15,W0,1,212,1,0.775868,-11.3,6.42,-1.90871,-11.3,6.42,-1.90871,0,0,0,3840,4.05622e+08,1.36912e+12,0,profile_only
L0_relaunch3,ad6bb15,W0,1,213,1,0.789095,-11.35,6.22,-1.90871,-11.35,6.22,-1.90871,0,0,0,3840,4.22396e+08,1.36191e+12,0,profile_only
L0_relaunch3,ad6bb15,W0,1,214,1,0.847198,-11.4,6.02,-1.85871,-11.4,6.02,-1.85871,0,0,0,3840,4.48475e+08,1.36266e+12,0,profile_only
L0_relaunch3,ad6bb15,W0,1,215,1,0.798814,-11.45,5.82,-1.80871,-11.45,5.82,-1.80871,0,0,0,3840,4.44859e+08,1.36898e+12,0,profile_only
L0_relaunch3,ad6bb15,W0,1,216,1,0.791376,-11.5,5.62,-1.75871,-11.5,5.62,-1.75871,0,0,0,3840,4.52847e+08,1.36507e+12,0,profile_only
L0_relaunch3,ad6bb15,W0,1,217,1,0.842598,-11.5,5.42,-1.70871,-11.5,5.42,-1.70871,0,0,0,3840,4.87077e+08,1.39007e+12,0,profile_only
L0_relaunch3,ad6bb15,W0,1,218,1,0.790264,-11.55,5.12,-1.60871,-11.55,5.12,-1.60871,0,0,0,3840,5.74812e+08,1.43368e+12,0,profile_only
L0_relaunch3,ad6bb15,W0,1,219,1,0.824164,-11.5,5.02,-1.55871,-11.5,5.02,-1.55871,0,0,0,3840,5.00281e+08,1.44322e+12,0,profile_only
L0_relaunch3,ad6bb15,W0,1,220,1,0.775486,-11.5,4.82,-1.40871,-11.5,4.82,-1.40871,0,0,0,3840,5.97632e+08,1.48178e+12,0,profile_only
L0_relaunch3,ad6bb15,W0,1,221,1,0.819155,-11.35,4.67,-1.25871,-11.35,4.67,-1.25871,0,0,0,3840,6.41623e+08,1.50593e+12,0,profile_only
L0_relaunch3,ad6bb15,W0,1,222,1,0.790309,-11.3,4.57,-1.15871,-11.3,4.57,-1.15871,0,0,0,3840,6.22497e+08,1.57251e+12,0,profile_only
L0_relaunch3,ad6bb15,W0,1,223,1,0.772527,-11.15,4.42,-0.908714,-11.15,4.42,-0.908714,0,0,0,3840,7.32141e+08,1.58287e+12,0,profile_only
L0_relaunch3,ad6bb15,W0,1,224,1,0.795177,-10.95,4.27,-0.658714,-10.95,4.27,-0.658714,0,0,0,3840,6.53099e+08,1.61373e+12,0,profile_only
L0_relaunch3,ad6bb15,W0,1,225,1,0.818286,-10.75,4.22,-0.458714,-10.75,4.22,-0.458714,0,0,0,3840,6.81928e+08,1.67457e+12,0,profile_only
L0_relaunch3,ad6bb15,W0,1,226,1,0.746702,-10.55,4.17,-0.308714,-10.55,4.17,-0.308714,0,0,0,3840,6.01067e+08,1.73303e+12,0,profile_only
L0_relaunch3,ad6bb15,W0,1,227,1,0.768928,-10.2,4.17,-0.158714,-10.2,4.17,-0.158714,0,0,0,3840,6.16206e+08,1.7721e+12,0,profile_only
L0_relaunch3,ad6bb15,W0,1,228,1,0.744631,-9.95,4.12,-0.108714,-9.95,4.12,-0.108714,0,0,0,3840,4.11709e+08,1.87924e+12,0,profile_only
L0_relaunch3,ad6bb15,W0,1,229,1,0.8292,-9.55,4.07,-0.108714,-9.55,4.07,-0.108714,0,0,0,3840,4.08847e+08,1.92027e+12,0,profile_only
L0_relaunch3,ad6bb15,W0,1,230,1,0.737162,-9.35,4.02,-0.108714,-9.35,4.02,-0.108714,0,0,0,3840,4.06746e+08,1.94131e+12,0,profile_only
L0_relaunch3,ad6bb15,W0,1,231,1,0.780833,-9,3.97,-0.208714,-9,3.97,-0.208714,0,0,0,3840,3.32527e+08,1.93796e+12,0,profile_only
L0_relaunch3,ad6bb15,W0,1,232,1,0.715071,-8.7,3.87,-0.308714,-8.7,3.87,-0.308714,0,0,0,3840,3.71211e+08,1.91189e+12,0,profile_only
L0_relaunch3,ad6bb15,W0,1,233,1,0.748909,-8.25,3.67,-0.458714,-8.25,3.67,-0.458714,0,0,0,3840,2.99356e+08,1.88116e+12,0,profile_only
L0_relaunch3,ad6bb15,W0,1,234,1,0.815497,-7.6,3.27,-0.458714,-7.6,3.27,-0.458714,0,0,0,3840,4.46403e+08,1.82831e+12,0,profile_only
L0_relaunch3,ad6bb15,W0,1,235,1,0.842867,-7.2,3.07,-0.458714,-7.2,3.07,-0.458714,0,0,0,3840,4.25299e+08,1.7932e+12,0,profile_only
L0_relaunch3,ad6bb15,W0,1,236,1,0.867267,-6.9,2.92,-0.458714,-6.9,2.92,-0.458714,0,0,0,3840,3.99946e+08,1.79786e+12,0,profile_only
L0_relaunch3,ad6bb15,W0,1,237,1,0.848759,-6.7,2.82,-0.458714,-6.7,2.82,-0.458714,0,0,0,3840,4.36717e+08,1.80706e+12,0,profile_only
L0_relaunch3,ad6bb15,W0,1,238,1,0.798841,-6.45,2.72,-0.458714,-6.45,2.72,-0.458714,0,0,0,3840,4.07281e+08,1.80141e+12,0,profile_only
L0_relaunch3,ad6bb15,W0,1,239,1,0.858064,-6.05,2.52,-0.408714,-6.05,2.52,-0.408714,0,0,0,3840,4.63117e+08,1.79584e+12,0,profile_only
L0_relaunch3,ad6bb15,W0,1,240,1,0.904696,-5.75,2.42,-0.358714,-5.75,2.42,-0.358714,0,0,0,3840,5.06169e+08,1.79053e+12,0,profile_only
L0_relaunch3,ad6bb15,W0,1,241,1,0.811274,-5.6,2.37,-0.308714,-5.6,2.37,-0.308714,0,0,0,3840,4.70167e+08,1.79277e+12,0,profile_only
L0_relaunch3,ad6bb15,W0,1,242,1,0.788935,-5.15,2.22,-0.308714,-5.15,2.22,-0.308714,0,0,0,3840,3.97588e+08,1.80667e+12,0,profile_only
L0_relaunch3,ad6bb15,W0,1,243,1,0.861243,-4.5,1.97,-0.408714,-4.5,1.97,-0.408714,0,0,0,3840,3.40782e+08,1.83067e+12,0,profile_only
L0_relaunch3,ad6bb15,W0,1,244,1,0.796536,-4,1.72,-0.408714,-4,1.72,-0.408714,0,0,0,3840,3.99067e+08,1.81574e+12,0,profile_only
L0_relaunch3,ad6bb15,W0,1,245,1,0.812229,-3.75,1.57,-0.508714,-3.75,1.57,-0.508714,0,0,0,3840,2.87896e+08,1.80246e+12,0,profile_only
L0_relaunch3,ad6bb15,W0,1,246,1,0.797094,-3.55,1.42,-0.558714,-3.55,1.42,-0.558714,0,0,0,3840,3.65865e+08,1.80664e+12,0,profile_only
L0_relaunch3,ad6bb15,W0,1,247,1,0.799021,-3.3,1.27,-0.608714,-3.3,1.27,-0.608714,0,0,0,3840,3.49962e+08,1.80662e+12,0,profile_only
L0_relaunch3,ad6bb15,W0,1,248,1,0.813731,-3.05,1.07,-0.658714,-3.05,1.07,-0.658714,0,0,0,3840,3.97136e+08,1.80973e+12,0,profile_only
L0_relaunch3,ad6bb15,W0,1,249,1,0.809367,-2.85,0.87,-0.658714,-2.85,0.87,-0.658714,0,0,0,3840,3.65818e+08,1.80978e+12,0,profile_only
L0_relaunch3,ad6bb15,W0,1,250,1,0.774254,-2.65,0.72,-0.658714,-2.65,0.72,-0.658714,0,0,0,3840,3.80576e+08,1.80267e+12,0,profile_only
L0_relaunch3,ad6bb15,W0,1,251,1,0.722751,-2.45,0.57,-0.708714,-2.45,0.57,-0.708714,0,0,0,3840,3.73615e+08,1.79375e+12,0,profile_only
L0_relaunch3,ad6bb15,W0,1,252,1,0.856005,-2.1,0.27,-0.608714,-2.1,0.27,-0.608714,0,0,0,3840,5.83721e+08,1.70659e+12,0,profile_only
L0_relaunch3,ad6bb15,W0,1,253,1,0.839546,-1.95,0.22,-0.558714,-1.95,0.22,-0.558714,0,0,0,3840,4.31945e+08,1.69144e+12,0,profile_only
L0_relaunch3,ad6bb15,W0,1,254,1,0.811191,-1.75,0.12,-0.458714,-1.75,0.12,-0.458714,0,0,0,3840,5.25011e+08,1.67369e+12,0,profile_only
L0_relaunch3,ad6bb15,W0,1,255,1,0.762384,-1.45,0.02,-0.308714,-1.45,0.02,-0.308714,0,0,0,3840,4.67935e+08,1.66513e+12,0,profile_only
L0_relaunch3,ad6bb15,W0,1,256,1,0.727014,-1,-0.03,-0.208714,-1,-0.03,-0.208714,0,0,0,3840,5.72924e+08,1.65694e+12,0,profile_only
L0_relaunch3,ad6bb15,W0,1,257,1,0.730297,-0.3,-0.13,-0.108714,-0.3,-0.13,-0.108714,0,0,0,3840,4.09755e+08,1.69057e+12,0,profile_only
L0_relaunch3,ad6bb15,W0,1,258,1,0.836459,0.2,-0.18,-0.108714,0.2,-0.18,-0.108714,0,0,0,3840,4.44156e+08,1.73763e+12,0,profile_only
L0_relaunch3,ad6bb15,W0,1,259,1,0.697836,0.5,-0.23,-0.0587136,0.5,-0.23,-0.0587136,0,0,0,3840,4.11662e+08,1.74411e+12,0,profile_only
L0_relaunch3,ad6bb15,W0,1,260,1,0.780668,0.8,-0.23,-0.0587136,0.8,-0.23,-0.0587136,0,0,0,3840,4.15397e+08,1.75833e+12,0,profile_only
L0_relaunch3,ad6bb15,W0,1,261,1,0.732608,1.05,-0.23,-0.00871357,1.05,-0.23,-0.00871357,0,0,0,3840,4.26121e+08,1.75207e+12,0,profile_only
L0_relaunch3,ad6bb15,W0,1,262,1,0.831188,1.35,-0.23,0.0412864,1.35,-0.23,0.0412864,0,0,0,3840,4.55042e+08,1.7498e+12,0,profile_only
L0_relaunch3,ad6bb15,W0,1,263,1,0.752669,1.55,-0.18,0.0912864,1.55,-0.18,0.0912864,0,0,0,3840,5.25777e+08,1.73664e+12,0,profile_only
L0_relaunch3,ad6bb15,W0,1,264,1,0.824175,1.75,-0.13,0.191286,1.75,-0.13,0.191286,0,0,0,3840,4.99718e+08,1.73422e+12,0,profile_only
L0_relaunch3,ad6bb15,W0,1,265,1,0.909158,1.9,-0.08,0.291286,1.9,-0.08,0.291286,0,0,0,3840,5.48194e+08,1.73267e+12,0,profile_only
L0_relaunch3,ad6bb15,W0,1,266,1,0.857703,2.05,0.02,0.391286,2.05,0.02,0.391286,0,0,0,3840,5.7284e+08,1.73135e+12,0,profile_only
L0_relaunch3,ad6bb15,W0,1,267,1,0.860369,2.15,0.07,0.491286,2.15,0.07,0.491286,0,0,0,3840,5.99683e+08,1.73362e+12,0,profile_only
L0_relaunch3,ad6bb15,W0,1,268,1,0.853531,2.25,0.17,0.591286,2.25,0.17,0.591286,0,0,0,3840,6.02562e+08,1.74086e+12,0,profile_only
L0_relaunch3,ad6bb15,W0,1,269,1,0.81655,2.3,0.22,0.691286,2.3,0.22,0.691286,0,0,0,3840,6.28354e+08,1.74889e+12,0,profile_only
L0_relaunch3,ad6bb15,W0,1,270,1,0.888882,2.45,0.42,0.841286,2.45,0.42,0.841286,0,0,0,3840,6.11697e+08,1.76603e+12,0,profile_only
L0_relaunch3,ad6bb15,W0,1,271,1,0.826486,2.55,0.57,0.941286,2.55,0.57,0.941286,0,0,0,3840,5.66837e+08,1.76695e+12,0,profile_only
L0_relaunch3,ad6bb15,W0,1,272,1,0.854677,2.6,0.67,0.991286,2.6,0.67,0.991286,0,0,0,3840,5.35654e+08,1.76295e+12,0,profile_only
L0_relaunch3,ad6bb15,W0,1,273,1,0.877231,2.7,0.87,1.09129,2.7,0.87,1.09129,0,0,0,3840,5.53722e+08,1.76767e+12,0,profile_only
L0_relaunch3,ad6bb15,W0,1,274,1,0.828329,2.75,1.02,1.14129,2.75,1.02,1.14129,0,0,0,3840,5.26705e+08,1.77e+12,0,profile_only
L0_relaunch3,ad6bb15,W0,1,275,1,0.802492,2.8,1.22,1.24129,2.8,1.22,1.24129,0,0,0,3840,5.64457e+08,1.78005e+12,0,profile_only
L0_relaunch3,ad6bb15,W0,1,276,1,0.820696,2.85,1.42,1.34129,2.85,1.42,1.34129,0,0,0,3840,5.57294e+08,1.78572e+12,0,profile_only
L0_relaunch3,ad6bb15,W0,1,277,1,0.787103,2.9,1.67,1.44129,2.9,1.67,1.44129,0,0,0,3840,5.1913e+08,1.78279e+12,0,profile_only
L0_relaunch3,ad6bb15,W0,1,278,1,0.81302,2.85,1.82,1.49129,2.85,1.82,1.49129,0,0,0,3840,5.09614e+08,1.7768e+12,0,profile_only
L0_relaunch3,ad6bb15,W0,1,279,1,0.805583,2.85,2.02,1.54129,2.85,2.02,1.54129,0,0,0,3840,5.22884e+08,1.77552e+12,0,profile_only
L0_relaunch3,ad6bb15,W0,1,280,1,0.747851,2.85,2.27,1.64129,2.85,2.27,1.64129,0,0,0,3840,5.39731e+08,1.76114e+12,0,profile_only
L0_relaunch3,ad6bb15,W0,1,281,1,0.807618,2.8,2.57,1.69129,2.8,2.57,1.69129,0,0,0,3840,4.57114e+08,1.75411e+12,0,profile_only
L0_relaunch3,ad6bb15,W0,1,282,1,0.832613,2.75,2.82,1.69129,2.75,2.82,1.69129,0,0,0,3840,3.81666e+08,1.74976e+12,0,profile_only
L0_relaunch3,ad6bb15,W0,1,283,1,0.862049,2.75,3.07,1.69129,2.75,3.07,1.69129,0,0,0,3840,4.33966e+08,1.75613e+12,0,profile_only
L0_relaunch3,ad6bb15,W0,1,284,1,0.769143,2.7,3.27,1.69129,2.7,3.27,1.69129,0,0,0,3840,4.5521e+08,1.77421e+12,0,profile_only
L0_relaunch3,ad6bb15,W0,1,285,1,0.848343,2.65,3.52,1.74129,2.65,3.52,1.74129,0,0,0,3840,5.18058e+08,1.80962e+12,0,profile_only
L0_relaunch3,ad6bb15,W0,1,286,1,0.847668,2.5,3.77,1.79129,2.5,3.77,1.79129,0,0,0,3840,5.23488e+08,1.8136e+12,0,profile_only
L0_relaunch3,ad6bb15,W0,1,287,1,0.88905,2.55,3.92,1.84129,2.55,3.92,1.84129,0,0,0,3840,5.57582e+08,1.81936e+12,0,profile_only
L0_relaunch3,ad6bb15,W0,1,288,1,0.900804,2.45,4.12,1.89129,2.45,4.12,1.89129,0,0,0,3840,5.01334e+08,1.81778e+12,0,profile_only
L0_relaunch3,ad6bb15,W0,1,289,1,0.889648,2.4,4.27,1.94129,2.4,4.27,1.94129,0,0,0,3840,5.24532e+08,1.82116e+12,0,profile_only
L0_relaunch3,ad6bb15,W0,1,290,1,0.903033,2.35,4.42,1.99129,2.35,4.42,1.99129,0,0,0,3840,5.38745e+08,1.81668e+12,0,profile_only
L0_relaunch3,ad6bb15,W0,1,291,1,0.872435,2.35,4.52,2.04129,2.35,4.52,2.04129,0,0,0,3840,5.27834e+08,1.80039e+12,0,profile_only
L0_relaunch3,ad6bb15,W0,1,292,1,0.943282,2.05,4.87,2.19129,2.05,4.87,2.19129,0,0,0,3840,5.92545e+08,1.77855e+12,0,profile_only
L0_relaunch3,ad6bb15,W0,1,293,1,0.917614,1.9,5.02,2.29129,1.9,5.02,2.29129,0,0,0,3840,5.21313e+08,1.74137e+12,0,profile_only
L0_relaunch3,ad6bb15,W0,1,294,1,0.868361,1.85,5.07,2.39129,1.85,5.07,2.39129,0,0,0,3840,5.68588e+08,1.73534e+12,0,profile_only
L0_relaunch3,ad6bb15,W0,1,295,1,0.826388,1.4,5.37,2.59129,1.4,5.37,2.59129,0,0,0,3840,6.05269e+08,1.7387e+12,0,profile_only
L0_relaunch3,ad6bb15,W0,1,296,1,0.808979,1.05,5.52,2.74129,1.05,5.52,2.74129,0,0,0,3840,5.684e+08,1.7393e+12,0,profile_only
L0_relaunch3,ad6bb15,W0,1,297,1,0.892057,0.5,5.67,2.84129,0.5,5.67,2.84129,0,0,0,3840,5.56757e+08,1.74319e+12,0,profile_only
L0_relaunch3,ad6bb15,W0,1,298,1,0.851122,0.2,5.77,2.84129,0.2,5.77,2.84129,0,0,0,3840,4.90055e+08,1.75115e+12,0,profile_only
L0_relaunch3,ad6bb15,W0,1,299,1,0.950046,-0.3,5.92,2.89129,-0.3,5.92,2.89129,0,0,0,3840,4.7722e+08,1.74561e+12,0,profile_only
L0_relaunch3,ad6bb15,W0,1,300,1,0.956997,-0.5,5.97,2.89129,-0.5,5.97,2.89129,0,0,0,3840,4.30157e+08,1.77282e+12,0,profile_only
L0_relaunch3,ad6bb15,W0,1,301,1,0.930192,-0.6,5.97,2.89129,-0.6,5.97,2.89129,0,0,0,3840,4.28545e+08,1.78098e+12,0,profile_only
L0_relaunch3,ad6bb15,W0,1,302,1,0.913751,-0.9,6.07,2.89129,-0.9,6.07,2.89129,0,0,0,3840,4.3152e+08,1.78332e+12,0,profile_only
L0_relaunch3,ad6bb15,W0,1,303,1,0.867062,-1.15,6.12,2.89129,-1.15,6.12,2.89129,0,0,0,3840,4.80947e+08,1.78918e+12,0,profile_only
L0_relaunch3,ad6bb15,W0,1,304,1,0.857057,-1.45,6.17,2.89129,-1.45,6.17,2.89129,0,0,0,3840,4.81274e+08,1.81306e+12,0,profile_only
L0_relaunch3,ad6bb15,W0,1,305,1,0.850716,-1.85,6.27,2.94129,-1.85,6.27,2.94129,0,0,0,3840,4.74463e+08,1.82719e+12,0,profile_only
L0_relaunch3,ad6bb15,W0,1,306,1,0.872362,-2.15,6.32,2.99129,-2.15,6.32,2.99129,0,0,0,3840,4.80206e+08,1.85464e+12,0,profile_only
L0_relaunch3,ad6bb15,W0,1,307,1,0.87246,-2.25,6.32,2.99129,-2.25,6.32,2.99129,0,0,0,3840,4.70286e+08,1.88484e+12,0,profile_only
L0_relaunch3,ad6bb15,W0,1,308,1,0.864167,-2.5,6.37,3.04129,-2.5,6.37,3.04129,0,0,0,3840,5.14522e+08,1.9103e+12,0,profile_only
L0_relaunch3,ad6bb15,W0,1,309,1,0.906183,-2.7,6.37,3.09129,-2.7,6.37,3.09129,0,0,0,3840,5.15584e+08,1.94321e+12,0,profile_only
L0_relaunch3,ad6bb15,W0,1,310,1,0.901674,-2.95,6.37,3.14129,-2.95,6.37,3.14129,0,0,0,3840,4.84439e+08,2.0037e+12,0,profile_only
L0_relaunch3,ad6bb15,W0,1,311,1,0.883793,-3.1,6.37,3.14129,-3.1,6.37,3.14129,0,0,0,3840,4.75327e+08,2.05393e+12,0,profile_only
L0_relaunch3,ad6bb15,W0,1,312,1,0.863924,-3.35,6.37,3.14129,-3.35,6.37,3.14129,0,0,0,3840,4.85747e+08,2.07712e+12,0,profile_only
L0_relaunch3,ad6bb15,W0,1,313,1,0.8449,-3.65,6.37,-3.0919,-3.65,6.37,-3.0919,0,0,0,3840,5.35723e+08,2.08721e+12,0,profile_only
L0_relaunch3,ad6bb15,W0,1,314,1,0.871767,-3.95,6.37,3.14129,-3.95,6.37,3.14129,0,0,0,3840,4.58488e+08,2.09706e+12,0,profile_only
L0_relaunch3,ad6bb15,W0,1,315,1,0.805159,-4.05,6.42,3.14129,-4.05,6.42,3.14129,0,0,0,3840,5.10067e+08,2.07295e+12,0,profile_only
L0_relaunch3,ad6bb15,W0,1,316,1,0.826225,-4.45,6.42,3.09129,-4.45,6.42,3.09129,0,0,0,3840,3.8423e+08,1.99315e+12,0,profile_only
L0_relaunch3,ad6bb15,W0,1,317,1,0.835976,-4.7,6.42,3.04129,-4.7,6.42,3.04129,0,0,0,3840,3.74589e+08,1.95771e+12,0,profile_only
L0_relaunch3,ad6bb15,W0,1,318,1,0.835359,-5,6.52,2.99129,-5,6.52,2.99129,0,0,0,3840,3.98337e+08,1.94529e+12,0,profile_only
L0_relaunch3,ad6bb15,W0,1,319,1,0.914382,-5.2,6.52,2.89129,-5.2,6.52,2.89129,0,0,0,3840,3.33413e+08,1.9083e+12,0,profile_only
L0_relaunch3,ad6bb15,W0,1,320,1,0.879654,-5.35,6.62,2.84129,-5.35,6.62,2.84129,0,0,0,3840,3.24818e+08,1.89785e+12,0,profile_only
L0_relaunch3,ad6bb15,W0,1,321,1,0.874626,-5.55,6.77,2.69129,-5.55,6.77,2.69129,0,0,0,3840,2.87501e+08,1.84737e+12,0,profile_only
L0_relaunch3,ad6bb15,W0,1,322,1,0.919537,-5.7,6.87,2.54129,-5.7,6.87,2.54129,0,0,0,3840,3.3353e+08,1.79856e+12,0,profile_only
L0_relaunch3,ad6bb15,W0,1,323,1,0.913022,-5.8,6.97,2.39129,-5.8,6.97,2.39129,0,0,0,3840,3.23024e+08,1.75895e+12,0,profile_only
L0_relaunch3,ad6bb15,W0,1,324,1,0.844733,-5.9,7.17,2.29129,-5.9,7.17,2.29129,0,0,0,3840,3.54041e+08,1.72428e+12,0,profile_only
L0_relaunch3,ad6bb15,W0,1,325,1,0.869242,-6.1,7.47,2.09129,-6.1,7.47,2.09129,0,0,0,3840,2.20591e+08,1.68617e+12,0,profile_only
L0_relaunch3,ad6bb15,W0,1,326,1,0.883826,-6.25,7.72,2.09129,-6.25,7.72,2.09129,0,0,0,3840,4.30369e+08,1.58101e+12,0,profile_only
L0_relaunch3,ad6bb15,W0,1,327,1,0.888691,-6.35,7.92,2.09129,-6.35,7.92,2.09129,0,0,0,3840,4.44545e+08,1.48632e+12,0,profile_only
L0_relaunch3,ad6bb15,W0,1,328,1,0.948784,-6.45,8.07,2.14129,-6.45,8.07,2.14129,0,0,0,3840,5.23782e+08,1.40708e+12,0,profile_only
L0_relaunch3,ad6bb15,W0,1,329,1,0.868778,-6.55,8.17,2.19129,-6.55,8.17,2.19129,0,0,0,3840,3.86071e+08,1.34136e+12,0,profile_only
L0_relaunch3,ad6bb15,W0,1,330,1,0.91797,-6.6,8.27,2.19129,-6.6,8.27,2.19129,0,0,0,3840,3.00471e+08,1.30457e+12,0,profile_only
L0_relaunch3,ad6bb15,W0,1,331,1,0.922156,-6.75,8.42,2.29129,-6.75,8.42,2.29129,0,0,0,3840,4.77187e+08,1.2672e+12,0,profile_only
L0_relaunch3,ad6bb15,W0,1,332,1,0.913054,-6.8,8.47,2.34129,-6.8,8.47,2.34129,0,0,0,3840,4.69374e+08,1.21505e+12,0,profile_only
L0_relaunch3,ad6bb15,W0,1,333,1,0.931712,-6.95,8.57,2.44129,-6.95,8.57,2.44129,0,0,0,3840,5.13085e+08,1.20704e+12,0,profile_only
L0_relaunch3,ad6bb15,W0,1,334,1,0.863489,-7.15,8.67,2.59129,-7.15,8.67,2.59129,0,0,0,3840,5.50705e+08,1.18439e+12,0,profile_only
L0_relaunch3,ad6bb15,W0,1,335,1,0.847146,-7.3,8.72,2.69129,-7.3,8.72,2.69129,0,0,0,3840,5.51363e+08,1.17201e+12,0,profile_only
L0_relaunch3,ad6bb15,W0,1,336,1,0.837155,-7.5,8.77,2.84129,-7.5,8.77,2.84129,0,0,0,3840,5.63516e+08,1.16474e+12,0,profile_only
L0_relaunch3,ad6bb15,W0,1,337,1,0.899461,-7.65,8.77,2.94129,-7.65,8.77,2.94129,0,0,0,3840,5.27831e+08,1.17489e+12,0,profile_only
L0_relaunch3,ad6bb15,W0,1,338,1,0.89267,-7.85,8.77,3.04129,-7.85,8.77,3.04129,0,0,0,3840,5.33782e+08,1.19806e+12,0,profile_only
L0_relaunch3,ad6bb15,W0,1,339,1,0.79404,-8,8.77,3.09129,-8,8.77,3.09129,0,0,0,3840,5.5141e+08,1.23091e+12,0,profile_only
L0_relaunch3,ad6bb15,W0,1,340,1,0.771181,-8.25,8.77,-3.0919,-8.25,8.77,-3.0919,0,0,0,3840,5.03651e+08,1.25609e+12,0,profile_only
L0_relaunch3,ad6bb15,W0,1,341,1,0.904101,-8.5,8.72,-3.0419,-8.5,8.72,-3.0419,0,0,0,3840,4.6744e+08,1.28667e+12,0,profile_only
L0_relaunch3,ad6bb15,W0,1,342,1,0.762439,-8.6,8.67,-3.0419,-8.6,8.67,-3.0419,0,0,0,3840,4.85008e+08,1.30738e+12,0,profile_only
L0_relaunch3,ad6bb15,W0,1,343,1,0.761339,-8.9,8.67,-2.9419,-8.9,8.67,-2.9419,0,0,0,3840,5.06273e+08,1.31247e+12,0,profile_only
L0_relaunch3,ad6bb15,W0,1,344,1,0.837347,-9.1,8.57,-2.8919,-9.1,8.57,-2.8919,0,0,0,3840,4.73265e+08,1.32455e+12,0,profile_only
L0_relaunch3,ad6bb15,W0,1,345,1,0.752125,-9.25,8.57,-2.8419,-9.25,8.57,-2.8419,0,0,0,3840,5.26552e+08,1.34843e+12,0,profile_only
L0_relaunch3,ad6bb15,W0,1,346,1,0.791112,-9.4,8.47,-2.7919,-9.4,8.47,-2.7919,0,0,0,3840,4.89513e+08,1.35786e+12,0,profile_only
L0_relaunch3,ad6bb15,W0,1,347,1,0.844447,-9.6,8.37,-2.7419,-9.6,8.37,-2.7419,0,0,0,3840,4.83456e+08,1.39988e+12,0,profile_only
L0_relaunch3,ad6bb15,W0,1,348,1,0.839437,-9.75,8.32,-2.6919,-9.75,8.32,-2.6919,0,0,0,3840,5.0012e+08,1.42569e+12,0,profile_only
L0_relaunch3,ad6bb15,W0,1,349,1,0.792813,-9.85,8.22,-2.6419,-9.85,8.22,-2.6419,0,0,0,3840,4.20958e+08,1.43611e+12,0,profile_only
L0_relaunch3,ad6bb15,W0,1,350,1,0.840492,-10.1,8.07,-2.5419,-10.1,8.07,-2.5419,0,0,0,3840,5.38796e+08,1.47298e+12,0,profile_only
L0_relaunch3,ad6bb15,W0,1,351,1,0.834547,-10.35,7.87,-2.4419,-10.35,7.87,-2.4419,0,0,0,3840,5.01902e+08,1.49085e+12,0,profile_only
L0_relaunch3,ad6bb15,W0,1,352,1,0.877239,-10.45,7.77,-2.3919,-10.45,7.77,-2.3919,0,0,0,3840,4.81773e+08,1.48912e+12,0,profile_only
L0_relaunch3,ad6bb15,W0,1,353,1,0.891314,-10.65,7.52,-2.2919,-10.65,7.52,-2.2919,0,0,0,3840,5.59057e+08,1.50092e+12,0,profile_only
L0_relaunch3,ad6bb15,W0,1,354,1,0.914458,-10.75,7.37,-2.2419,-10.75,7.37,-2.2419,0,0,0,3840,5.31346e+08,1.49261e+12,0,profile_only
L0_relaunch3,ad6bb15,W0,1,355,1,0.85533,-10.85,7.22,-2.1919,-10.85,7.22,-2.1919,0,0,0,3840,5.58056e+08,1.48033e+12,0,profile_only
L0_relaunch3,ad6bb15,W0,1,356,1,0.863863,-11,6.97,-2.0919,-11,6.97,-2.0919,0,0,0,3840,5.38006e+08,1.44697e+12,0,profile_only
L0_relaunch3,ad6bb15,W0,1,357,1,0.87238,-11.05,6.82,-2.0419,-11.05,6.82,-2.0419,0,0,0,3840,4.81191e+08,1.41657e+12,0,profile_only
L0_relaunch3,ad6bb15,W0,1,358,1,0.82506,-11.15,6.57,-1.9419,-11.15,6.57,-1.9419,0,0,0,3840,4.8553e+08,1.36803e+12,0,profile_only
L0_relaunch3,ad6bb15,W0,1,359,1,0.812809,-11.2,6.37,-1.8919,-11.2,6.37,-1.8919,0,0,0,3840,4.52611e+08,1.34915e+12,0,profile_only
L0_relaunch3,ad6bb15,W0,1,360,1,0.87201,-11.25,6.07,-1.7919,-11.25,6.07,-1.7919,0,0,0,3840,4.65257e+08,1.36164e+12,0,profile_only
L0_relaunch3,ad6bb15,W0,1,361,1,0.760158,-11.25,5.87,-1.7419,-11.25,5.87,-1.7419,0,0,0,3840,5.1761e+08,1.38167e+12,0,profile_only
L0_relaunch3,ad6bb15,W0,1,362,1,0.76046,-11.25,5.47,-1.5919,-11.25,5.47,-1.5919,0,0,0,3840,6.37466e+08,1.40608e+12,0,profile_only
L0_relaunch3,ad6bb15,W0,1,363,1,0.781118,-11.25,5.12,-1.4419,-11.25,5.12,-1.4419,0,0,0,3840,5.52188e+08,1.50901e+12,0,profile_only
L0_relaunch3,ad6bb15,W0,1,364,1,0.782313,-11.15,4.92,-1.3419,-11.15,4.92,-1.3419,0,0,0,3840,5.50466e+08,1.54313e+12,0,profile_only
L0_relaunch3,ad6bb15,W0,1,365,1,0.731465,-11.05,4.67,-1.1919,-11.05,4.67,-1.1919,0,0,0,3840,5.95697e+08,1.59983e+12,0,profile_only
L0_relaunch3,ad6bb15,W0,1,366,1,0.749747,-10.85,4.42,-0.891899,-10.85,4.42,-0.891899,0,0,0,3840,7.16084e+08,1.6364e+12,0,profile_only
L0_relaunch3,ad6bb15,W0,1,367,1,0.762678,-10.5,4.22,-0.591899,-10.5,4.22,-0.591899,0,0,0,3840,6.88505e+08,1.67215e+12,0,profile_only
L0_relaunch3,ad6bb15,W0,1,368,1,0.775313,-10.15,4.12,-0.291899,-10.15,4.12,-0.291899,0,0,0,3840,6.80295e+08,1.74624e+12,0,profile_only
L0_relaunch3,ad6bb15,W0,1,369,1,0.759117,-9.9,4.07,-0.141899,-9.9,4.07,-0.141899,0,0,0,3840,5.26875e+08,1.84374e+12,0,profile_only
L0_relaunch3,ad6bb15,W0,1,370,1,0.714937,-9.4,4.07,-0.0918989,-9.4,4.07,-0.0918989,0,0,0,3840,4.94621e+08,1.89278e+12,0,profile_only
L0_relaunch3,ad6bb15,W0,1,371,1,0.711707,-8.75,4.02,-0.0918989,-8.75,4.02,-0.0918989,0,0,0,3840,4.41748e+08,1.87354e+12,0,profile_only
L0_relaunch3,ad6bb15,W0,1,372,1,0.75414,-8.2,3.92,-0.241899,-8.2,3.92,-0.241899,0,0,0,3840,2.75229e+08,1.83976e+12,0,profile_only
L0_relaunch3,ad6bb15,W0,1,373,1,0.802265,-7.65,3.72,-0.341899,-7.65,3.72,-0.341899,0,0,0,3840,3.30226e+08,1.78341e+12,0,profile_only
L0_relaunch3,ad6bb15,W0,1,374,1,0.882522,-7.2,3.47,-0.391899,-7.2,3.47,-0.391899,0,0,0,3840,3.80303e+08,1.77548e+12,0,profile_only
L0_relaunch3,ad6bb15,W0,1,375,1,0.892889,-6.95,3.37,-0.441899,-6.95,3.37,-0.441899,0,0,0,3840,3.62605e+08,1.7659e+12,0,profile_only
L0_relaunch3,ad6bb15,W0,1,376,1,0.847865,-6.8,3.27,-0.441899,-6.8,3.27,-0.441899,0,0,0,3840,3.757e+08,1.77019e+12,0,profile_only
L0_relaunch3,ad6bb15,W0,1,377,1,0.821618,-6.6,3.17,-0.441899,-6.6,3.17,-0.441899,0,0,0,3840,3.9353e+08,1.76965e+12,0,profile_only
L0_relaunch3,ad6bb15,W0,1,378,1,0.820068,-6.3,3.02,-0.441899,-6.3,3.02,-0.441899,0,0,0,3840,3.84585e+08,1.76719e+12,0,profile_only
L0_relaunch3,ad6bb15,W0,1,379,1,0.795789,-5.85,2.82,-0.441899,-5.85,2.82,-0.441899,0,0,0,3840,4.37376e+08,1.77602e+12,0,profile_only
L0_relaunch3,ad6bb15,W0,1,380,1,0.78612,-5.4,2.62,-0.441899,-5.4,2.62,-0.441899,0,0,0,3840,4.35559e+08,1.78716e+12,0,profile_only
L0_relaunch3,ad6bb15,W0,1,381,1,0.853661,-4.9,2.37,-0.441899,-4.9,2.37,-0.441899,0,0,0,3840,4.30861e+08,1.80323e+12,0,profile_only
L0_relaunch3,ad6bb15,W0,1,382,1,0.792879,-4.6,2.22,-0.491899,-4.6,2.22,-0.491899,0,0,0,3840,3.81155e+08,1.80307e+12,0,profile_only
L0_relaunch3,ad6bb15,W0,1,383,1,0.795208,-4,1.87,-0.491899,-4,1.87,-0.491899,0,0,0,3840,4.28395e+08,1.81121e+12,0,profile_only
L0_relaunch3,ad6bb15,W0,1,384,1,0.818516,-3.8,1.72,-0.541899,-3.8,1.72,-0.541899,0,0,0,3840,3.56877e+08,1.77845e+12,0,profile_only
L0_relaunch3,ad6bb15,W0,1,385,1,0.841505,-3.55,1.57,-0.591899,-3.55,1.57,-0.591899,0,0,0,3840,3.82382e+08,1.78875e+12,0,profile_only
L0_relaunch3,ad6bb15,W0,1,386,1,0.833792,-3.3,1.37,-0.641899,-3.3,1.37,-0.641899,0,0,0,3840,3.84092e+08,1.80443e+12,0,profile_only
L0_relaunch3,ad6bb15,W0,1,387,1,0.770877,-3.15,1.27,-0.691899,-3.15,1.27,-0.691899,0,0,0,3840,3.74296e+08,1.80493e+12,0,profile_only
L0_relaunch3,ad6bb15,W0,1,388,1,0.788123,-2.9,1.02,-0.741899,-2.9,1.02,-0.741899,0,0,0,3840,3.19625e+08,1.82857e+12,0,profile_only
L0_relaunch3,ad6bb15,W0,1,389,1,0.855453,-2.7,0.82,-0.741899,-2.7,0.82,-0.741899,0,0,0,3840,4.00703e+08,1.83362e+12,0,profile_only
L0_relaunch3,ad6bb15,W0,1,390,1,0.77794,-2.6,0.77,-0.791899,-2.6,0.77,-0.791899,0,0,0,3840,3.38251e+08,1.81069e+12,0,profile_only
L0_relaunch3,ad6bb15,W0,1,391,1,0.814554,-2.4,0.52,-0.791899,-2.4,0.52,-0.791899,0,0,0,3840,4.40418e+08,1.78676e+12,0,profile_only
L0_relaunch3,ad6bb15,W0,1,392,1,0.822412,-2.25,0.32,-0.791899,-2.25,0.32,-0.791899,0,0,0,3840,4.75027e+08,1.70908e+12,0,profile_only
L0_relaunch3,ad6bb15,W0,1,393,1,0.827117,-1.9,0.07,-0.641899,-1.9,0.07,-0.641899,0,0,0,3840,5.87088e+08,1.66034e+12,0,profile_only
L0_relaunch3,ad6bb15,W0,1,394,1,0.785747,-1.65,-0.08,-0.541899,-1.65,-0.08,-0.541899,0,0,0,3840,4.55486e+08,1.65521e+12,0,profile_only
L0_relaunch3,ad6bb15,W0,1,395,1,0.77359,-1.2,-0.28,-0.391899,-1.2,-0.28,-0.391899,0,0,0,3840,5.33176e+08,1.64413e+12,0,profile_only
L0_relaunch3,ad6bb15,W0,1,396,1,0.89797,-0.6,-0.48,-0.341899,-0.6,-0.48,-0.341899,0,0,0,3840,4.08141e+08,1.64387e+12,0,profile_only
L0_relaunch3,ad6bb15,W0,1,397,1,0.707968,-0.4,-0.53,-0.341899,-0.4,-0.53,-0.341899,0,0,0,3840,3.87906e+08,1.66143e+12,0,profile_only
L0_relaunch3,ad6bb15,W0,1,398,1,0.789929,0.35,-0.68,-0.141899,0.35,-0.68,-0.141899,0,0,0,3840,5.33239e+08,1.6494e+12,0,profile_only
L0_relaunch3,ad6bb15,W0,1,399,1,0.742417,0.65,-0.68,-0.0418989,0.65,-0.68,-0.0418989,0,0,0,3840,5.22996e+08,1.70798e+12,0,profile_only
L0_relaunch3,ad6bb15,W0,1,400,1,0.696965,0.95,-0.68,0.108101,0.95,-0.68,0.108101,0,0,0,3840,5.40309e+08,1.7298e+12,0,profile_only
L0_relaunch3,ad6bb15,W0,1,401,1,0.697549,1.3,-0.53,0.208101,1.3,-0.53,0.208101,0,0,0,3840,4.87499e+08,1.7332e+12,0,profile_only
L0_relaunch3,ad6bb15,W0,1,402,1,0.895061,1.6,-0.48,0.308101,1.6,-0.48,0.308101,0,0,0,3840,5.31808e+08,1.7301e+12,0,profile_only
L0_relaunch3,ad6bb15,W0,1,403,1,0.848339,1.8,-0.38,0.358101,1.8,-0.38,0.358101,0,0,0,3840,5.28354e+08,1.72782e+12,0,profile_only
L0_relaunch3,ad6bb15,W0,1,404,1,0.901866,2,-0.28,0.458101,2,-0.28,0.458101,0,0,0,3840,5.76274e+08,1.72736e+12,0,profile_only
L0_relaunch3,ad6bb15,W0,1,405,1,0.889111,2.25,-0.13,0.558101,2.25,-0.13,0.558101,0,0,0,3840,5.59642e+08,1.72719e+12,0,profile_only
L0_relaunch3,ad6bb15,W0,1,406,1,0.813227,2.45,0.02,0.608101,2.45,0.02,0.608101,0,0,0,3840,5.29588e+08,1.71644e+12,0,profile_only
L0_relaunch3,ad6bb15,W0,1,407,1,0.884074,2.65,0.22,0.708101,2.65,0.22,0.708101,0,0,0,3840,5.82889e+08,1.69992e+12,0,profile_only
L0_relaunch3,ad6bb15,W0,1,408,1,0.877086,2.8,0.37,0.808101,2.8,0.37,0.808101,0,0,0,3840,5.59603e+08,1.68961e+12,0,profile_only
L0_relaunch3,ad6bb15,W0,1,409,1,0.882759,2.95,0.57,0.858101,2.95,0.57,0.858101,0,0,0,3840,5.36477e+08,1.67693e+12,0,profile_only
L0_relaunch3,ad6bb15,W0,1,410,1,0.851851,3.1,0.77,0.958101,3.1,0.77,0.958101,0,0,0,3840,5.74265e+08,1.66327e+12,0,profile_only
L0_relaunch3,ad6bb15,W0,1,411,1,0.814634,3.2,0.97,1.0081,3.2,0.97,1.0081,0,0,0,3840,5.4578e+08,1.67714e+12,0,profile_only
L0_relaunch3,ad6bb15,W0,1,412,1,0.837416,3.35,1.27,1.1581,3.35,1.27,1.1581,0,0,0,3840,5.61727e+08,1.70507e+12,0,profile_only
L0_relaunch3,ad6bb15,W0,1,413,1,0.857347,3.4,1.47,1.2081,3.4,1.47,1.2081,0,0,0,3840,4.92576e+08,1.71924e+12,0,profile_only
L0_relaunch3,ad6bb15,W0,1,414,1,0.770877,3.45,1.77,1.3081,3.45,1.77,1.3081,0,0,0,3840,5.14447e+08,1.73006e+12,0,profile_only
L0_relaunch3,ad6bb15,W0,1,415,1,0.870313,3.55,2.22,1.4581,3.55,2.22,1.4581,0,0,0,3840,5.05384e+08,1.73713e+12,0,profile_only
L0_relaunch3,ad6bb15,W0,1,416,1,0.814297,3.55,2.37,1.5081,3.55,2.37,1.5081,0,0,0,3840,4.84612e+08,1.74785e+12,0,profile_only
L0_relaunch3,ad6bb15,W0,1,417,1,0.794192,3.55,2.72,1.6081,3.55,2.72,1.6081,0,0,0,3840,5.138e+08,1.75279e+12,0,profile_only
L0_relaunch3,ad6bb15,W0,1,418,1,0.768774,3.5,2.92,1.6581,3.5,2.92,1.6581,0,0,0,3840,4.98543e+08,1.77215e+12,0,profile_only
L0_relaunch3,ad6bb15,W0,1,419,1,0.761904,3.45,3.22,1.7581,3.45,3.22,1.7581,0,0,0,3840,5.71856e+08,1.79335e+12,0,profile_only
L0_relaunch3,ad6bb15,W0,1,420,1,0.80382,3.35,3.52,1.8581,3.35,3.52,1.8581,0,0,0,3840,5.84159e+08,1.82042e+12,0,profile_only
L0_relaunch3,ad6bb15,W0,1,421,1,0.853988,3.15,3.82,1.9581,3.15,3.82,1.9581,0,0,0,3840,5.79461e+08,1.8413e+12,0,profile_only
L0_relaunch3,ad6bb15,W0,1,422,1,0.93058,3.05,4.07,2.0581,3.05,4.07,2.0581,0,0,0,3840,5.58391e+08,1.85165e+12,0,profile_only
L0_relaunch3,ad6bb15,W0,1,423,1,0.863282,3,4.17,2.1081,3,4.17,2.1081,0,0,0,3840,5.31981e+08,1.83867e+12,0,profile_only
L0_relaunch3,ad6bb15,W0,1,424,1,0.918321,2.8,4.42,2.2081,2.8,4.42,2.2081,0,0,0,3840,5.90295e+08,1.8038e+12,0,profile_only
L0_relaunch3,ad6bb15,W0,1,425,1,0.953755,2.6,4.62,2.3081,2.6,4.62,2.3081,0,0,0,3840,5.73574e+08,1.76394e+12,0,profile_only
L0_relaunch3,ad6bb15,W0,1,426,1,0.857086,2.35,4.87,2.4081,2.35,4.87,2.4081,0,0,0,3840,5.41583e+08,1.742e+12,0,profile_only
L0_relaunch3,ad6bb15,W0,1,427,1,0.842009,2.15,4.97,2.5081,2.15,4.97,2.5081,0,0,0,3840,5.66384e+08,1.73046e+12,0,profile_only
L0_relaunch3,ad6bb15,W0,1,428,1,0.803196,1.8,5.17,2.6581,1.8,5.17,2.6581,0,0,0,3840,5.95701e+08,1.73958e+12,0,profile_only
L0_relaunch3,ad6bb15,W0,1,429,1,0.840906,1.2,5.42,2.8081,1.2,5.42,2.8081,0,0,0,3840,5.64716e+08,1.74751e+12,0,profile_only
L0_relaunch3,ad6bb15,W0,1,430,1,0.846079,0.6,5.62,2.8581,0.6,5.62,2.8581,0,0,0,3840,4.99899e+08,1.76157e+12,0,profile_only
L0_relaunch3,ad6bb15,W0,1,431,1,0.840373,0.25,5.72,2.8081,0.25,5.72,2.8081,0,0,0,3840,3.97273e+08,1.75432e+12,0,profile_only
L0_relaunch3,ad6bb15,W0,1,432,1,0.913508,-0.25,5.92,2.8081,-0.25,5.92,2.8081,0,0,0,3840,4.4032e+08,1.74894e+12,0,profile_only
L0_relaunch3,ad6bb15,W0,1,433,1,0.928171,-0.4,5.97,2.8081,-0.4,5.97,2.8081,0,0,0,3840,4.9063e+08,1.76819e+12,0,profile_only
L0_relaunch3,ad6bb15,W0,1,434,1,0.919523,-0.65,6.07,2.8081,-0.65,6.07,2.8081,0,0,0,3840,4.39166e+08,1.77703e+12,0,profile_only
L0_relaunch3,ad6bb15,W0,1,435,1,0.924728,-0.8,6.12,2.8081,-0.8,6.12,2.8081,0,0,0,3840,4.5276e+08,1.79512e+12,0,profile_only
L0_relaunch3,ad6bb15,W0,1,436,1,0.902142,-0.95,6.17,2.7581,-0.95,6.17,2.7581,0,0,0,3840,3.78154e+08,1.81259e+12,0,profile_only
L0_relaunch3,ad6bb15,W0,1,437,1,0.906913,-1.15,6.27,2.7581,-1.15,6.27,2.7581,0,0,0,3840,4.08902e+08,1.8189e+12,0,profile_only
L0_relaunch3,ad6bb15,W0,1,438,1,0.880561,-1.3,6.32,2.7581,-1.3,6.32,2.7581,0,0,0,3840,4.09911e+08,1.83414e+12,0,profile_only
L0_relaunch3,ad6bb15,W0,1,439,1,0.843348,-1.35,6.37,2.7081,-1.35,6.37,2.7081,0,0,0,3840,3.83703e+08,1.86073e+12,0,profile_only
L0_relaunch3,ad6bb15,W0,1,440,1,0.875468,-1.55,6.47,2.7081,-1.55,6.47,2.7081,0,0,0,3840,4.10739e+08,1.85871e+12,0,profile_only
L0_relaunch3,ad6bb15,W0,1,441,1,0.846482,-1.7,6.52,2.7081,-1.7,6.52,2.7081,0,0,0,3840,4.03231e+08,1.85668e+12,0,profile_only
L0_relaunch3,ad6bb15,W0,1,442,1,0.783367,-1.75,6.57,2.7081,-1.75,6.57,2.7081,0,0,0,3840,4.51535e+08,1.86516e+12,0,profile_only
L0_relaunch3,ad6bb15,W0,1,443,1,0.781168,-1.75,6.57,2.7081,-1.75,6.57,2.7081,0,0,0,3840,4.35979e+08,1.861e+12,0,profile_only
L0_relaunch3,ad6bb15,W0,1,444,1,0.7839,-1.75,6.57,2.7081,-1.75,6.57,2.7081,0,0,0,3840,4.34064e+08,1.86087e+12,0,profile_only
L0_relaunch3,ad6bb15,W0,1,445,1,0.776384,-1.8,6.57,2.7081,-1.8,6.57,2.7081,0,0,0,3840,4.34089e+08,1.86084e+12,0,profile_only
L0_relaunch3,ad6bb15,W0,1,446,1,0.775009,-1.75,6.57,2.7081,-1.75,6.57,2.7081,0,0,0,3840,4.56558e+08,1.86525e+12,0,profile_only
L0_relaunch3,ad6bb15,W0,1,447,1,0.771889,-1.75,6.57,2.7081,-1.75,6.57,2.7081,0,0,0,3840,4.34128e+08,1.86137e+12,0,profile_only
L0_relaunch3,ad6bb15,W0,1,448,1,0.783011,-1.75,6.57,2.7081,-1.75,6.57,2.7081,0,0,0,3840,4.35965e+08,1.86054e+12,0,profile_only
L0_relaunch3,ad6bb15,W0,1,449,1,0.7834,-1.75,6.57,2.7081,-1.75,6.57,2.7081,0,0,0,3840,4.36037e+08,1.8606e+12,0,profile_only
L0_relaunch3,ad6bb15,W0,1,450,1,0.782445,-1.75,6.57,2.7081,-1.75,6.57,2.7081,0,0,0,3840,4.36009e+08,1.8609e+12,0,profile_only
L0_relaunch3,ad6bb15,W0,1,451,1,0.77614,-1.75,6.57,2.7081,-1.75,6.57,2.7081,0,0,0,3840,4.34044e+08,1.861e+12,0,profile_only
L0_relaunch3,ad6bb15,W0,1,452,1,0.773942,-1.75,6.57,2.7081,-1.75,6.57,2.7081,0,0,0,3840,4.34078e+08,1.86091e+12,0,profile_only
L0_relaunch3,ad6bb15,W0,1,453,1,0.787053,-1.75,6.57,2.7081,-1.75,6.57,2.7081,0,0,0,3840,4.35122e+08,1.86071e+12,0,profile_only
L0_relaunch3,ad6bb15,W0,1,454,1,0.77745,-1.75,6.57,2.7081,-1.75,6.57,2.7081,0,0,0,3840,4.35986e+08,1.86095e+12,0,profile_only
L0_relaunch3,ad6bb15,W0,1,455,1,0.785631,-1.8,6.57,2.7081,-1.8,6.57,2.7081,0,0,0,3840,4.36041e+08,1.86054e+12,0,profile_only
L0_relaunch3,ad6bb15,W0,1,456,1,0.772099,-1.75,6.57,2.7081,-1.75,6.57,2.7081,0,0,0,3840,4.48077e+08,1.86511e+12,0,profile_only
L0_relaunch3,ad6bb15,W0,1,457,1,0.783011,-1.75,6.57,2.7081,-1.75,6.57,2.7081,0,0,0,3840,4.3512e+08,1.86071e+12,0,profile_only
L0_relaunch3,ad6bb15,W0,2,0,1,0.844897,-2,6.82,-3.02553,-2,6.82,-3.02553,0,0,0,3840,4.62658e+08,1.9164e+12,0,profile_only
L0_relaunch3,ad6bb15,W0,2,1,1,0.848325,-2,6.82,-3.02553,-2,6.82,-3.02553,0,0,0,3840,4.66403e+08,1.91676e+12,0,profile_only
L0_relaunch3,ad6bb15,W0,2,2,1,0.841033,-2,6.82,-3.02553,-2,6.82,-3.02553,0,0,0,3840,4.69575e+08,1.91637e+12,0,profile_only
L0_relaunch3,ad6bb15,W0,2,3,1,0.852156,-2,6.82,-3.02553,-2,6.82,-3.02553,0,0,0,3840,4.71556e+08,1.91653e+12,0,profile_only
L0_relaunch3,ad6bb15,W0,2,4,1,0.835537,-2,6.82,-3.02553,-2,6.82,-3.02553,0,0,0,3840,4.63745e+08,1.91669e+12,0,profile_only
L0_relaunch3,ad6bb15,W0,2,5,1,0.844153,-2,6.82,-3.02553,-2,6.82,-3.02553,0,0,0,3840,4.72532e+08,1.9163e+12,0,profile_only
L0_relaunch3,ad6bb15,W0,2,6,1,0.844929,-2,6.82,-3.02553,-2,6.82,-3.02553,0,0,0,3840,4.66698e+08,1.91628e+12,0,profile_only
L0_relaunch3,ad6bb15,W0,2,7,1,0.840112,-2,6.82,-3.02553,-2,6.82,-3.02553,0,0,0,3840,4.68596e+08,1.91608e+12,0,profile_only
L0_relaunch3,ad6bb15,W0,2,8,1,0.845883,-2,6.82,-3.02553,-2,6.82,-3.02553,0,0,0,3840,4.65556e+08,1.91646e+12,0,profile_only
L0_relaunch3,ad6bb15,W0,2,9,1,0.84868,-2,6.82,-3.02553,-2,6.82,-3.02553,0,0,0,3840,4.62752e+08,1.91644e+12,0,profile_only
L0_relaunch3,ad6bb15,W0,2,10,1,0.856164,-2,6.82,-3.02553,-2,6.82,-3.02553,0,0,0,3840,4.6854e+08,1.9164e+12,0,profile_only
L0_relaunch3,ad6bb15,W0,2,11,1,0.844897,-2,6.82,-3.02553,-2,6.82,-3.02553,0,0,0,3840,4.63521e+08,1.91626e+12,0,profile_only
L0_relaunch3,ad6bb15,W0,2,12,1,0.848114,-2,6.82,-3.02553,-2,6.82,-3.02553,0,0,0,3840,4.6576e+08,1.91624e+12,0,profile_only
L0_relaunch3,ad6bb15,W0,2,13,1,0.838058,-2,6.82,-3.02553,-2,6.82,-3.02553,0,0,0,3840,4.61789e+08,1.91627e+12,0,profile_only
L0_relaunch3,ad6bb15,W0,2,14,1,0.872703,-2.1,6.82,-3.02553,-2.1,6.82,-3.02553,0,0,0,3840,4.71214e+08,1.91467e+12,0,profile_only
L0_relaunch3,ad6bb15,W0,2,15,1,0.834355,-2.25,6.82,-3.02553,-2.25,6.82,-3.02553,0,0,0,3840,4.73693e+08,1.91991e+12,0,profile_only
L0_relaunch3,ad6bb15,W0,2,16,1,0.818454,-2.55,6.77,-3.02553,-2.55,6.77,-3.02553,0,0,0,3840,4.68298e+08,1.92495e+12,0,profile_only
L0_relaunch3,ad6bb15,W0,2,17,1,0.849606,-2.95,6.72,-3.02553,-2.95,6.72,-3.02553,0,0,0,3840,4.83418e+08,1.97678e+12,0,profile_only
L0_relaunch3,ad6bb15,W0,2,18,1,0.917792,-3.4,6.67,-2.97553,-3.4,6.67,-2.97553,0,0,0,3840,5.20254e+08,2.04595e+12,0,profile_only
L0_relaunch3,ad6bb15,W0,2,19,1,0.927558,-3.65,6.62,-2.92553,-3.65,6.62,-2.92553,0,0,0,3840,5.22241e+08,2.08533e+12,0,profile_only
L0_relaunch3,ad6bb15,W0,2,20,1,0.816916,-4.1,6.52,-2.92553,-4.1,6.52,-2.92553,0,0,0,3840,6.24343e+08,2.01635e+12,0,profile_only
L0_relaunch3,ad6bb15,W0,2,21,1,0.835795,-4.45,6.52,-3.02553,-4.45,6.52,-3.02553,0,0,0,3840,5.10085e+08,2.00868e+12,0,profile_only
L0_relaunch3,ad6bb15,W0,2,22,1,0.807651,-4.9,6.52,2.95766,-4.9,6.52,2.95766,0,0,0,3840,3.16285e+08,1.98249e+12,0,profile_only
L0_relaunch3,ad6bb15,W0,2,23,1,0.89,-5.25,6.72,2.70766,-5.25,6.72,2.70766,0,0,0,3840,3.25666e+08,1.92606e+12,0,profile_only
L0_relaunch3,ad6bb15,W0,2,24,1,0.863732,-5.5,6.87,2.45766,-5.5,6.87,2.45766,0,0,0,3840,1.92972e+08,1.85312e+12,0,profile_only
L0_relaunch3,ad6bb15,W0,2,25,1,0.9024,-5.75,7.27,2.20766,-5.75,7.27,2.20766,0,0,0,3840,2.05531e+08,1.80222e+12,0,profile_only
L0_relaunch3,ad6bb15,W0,2,26,1,0.908349,-5.95,7.62,2.10766,-5.95,7.62,2.10766,0,0,0,3840,3.05816e+08,1.68417e+12,0,profile_only
L0_relaunch3,ad6bb15,W0,2,27,1,0.899911,-6.15,7.97,2.10766,-6.15,7.97,2.10766,0,0,0,3840,4.324e+08,1.56747e+12,0,profile_only
L0_relaunch3,ad6bb15,W0,2,28,1,0.881482,-6.3,8.17,2.10766,-6.3,8.17,2.10766,0,0,0,3840,5.31597e+08,1.43321e+12,0,profile_only
L0_relaunch3,ad6bb15,W0,2,29,1,0.92623,-6.4,8.37,2.15766,-6.4,8.37,2.15766,0,0,0,3840,5.13571e+08,1.35681e+12,0,profile_only
L0_relaunch3,ad6bb15,W0,2,30,1,0.873432,-6.6,8.57,2.30766,-6.6,8.57,2.30766,0,0,0,3840,5.31807e+08,1.27352e+12,0,profile_only
L0_relaunch3,ad6bb15,W0,2,31,1,0.868034,-6.8,8.72,2.45766,-6.8,8.72,2.45766,0,0,0,3840,5.28543e+08,1.22375e+12,0,profile_only
L0_relaunch3,ad6bb15,W0,2,32,1,0.914364,-7,8.82,2.60766,-7,8.82,2.60766,0,0,0,3840,5.17969e+08,1.18905e+12,0,profile_only
L0_relaunch3,ad6bb15,W0,2,33,1,0.831641,-7.25,8.92,2.75766,-7.25,8.92,2.75766,0,0,0,3840,5.36037e+08,1.17757e+12,0,profile_only
L0_relaunch3,ad6bb15,W0,2,34,1,0.799184,-7.55,8.97,2.95766,-7.55,8.97,2.95766,0,0,0,3840,6.09224e+08,1.13986e+12,0,profile_only
L0_relaunch3,ad6bb15,W0,2,35,1,0.788025,-7.85,8.92,-3.12553,-7.85,8.92,-3.12553,0,0,0,3840,6.24231e+08,1.16966e+12,0,profile_only
L0_relaunch3,ad6bb15,W0,2,36,1,0.850346,-8.05,8.87,-2.97553,-8.05,8.87,-2.97553,0,0,0,3840,6.61181e+08,1.22787e+12,0,profile_only
L0_relaunch3,ad6bb15,W0,2,37,1,0.779231,-8.2,8.82,-2.92553,-8.2,8.82,-2.92553,0,0,0,3840,5.42858e+08,1.27503e+12,0,profile_only
L0_relaunch3,ad6bb15,W0,2,38,1,0.806552,-8.55,8.72,-2.82553,-8.55,8.72,-2.82553,0,0,0,3840,5.18553e+08,1.2774e+12,0,profile_only
L0_relaunch3,ad6bb15,W0,2,39,1,0.816804,-8.8,8.62,-2.82553,-8.8,8.62,-2.82553,0,0,0,3840,4.12151e+08,1.33677e+12,0,profile_only
L0_relaunch3,ad6bb15,W0,2,40,1,0.82846,-9.05,8.57,-2.82553,-9.05,8.57,-2.82553,0,0,0,3840,4.04313e+08,1.35809e+12,0,profile_only
L0_relaunch3,ad6bb15,W0,2,41,1,0.770456,-9.35,8.47,-2.82553,-9.35,8.47,-2.82553,0,0,0,3840,4.32983e+08,1.38124e+12,0,profile_only
L0_relaunch3,ad6bb15,W0,2,42,1,0.828895,-9.7,8.32,-2.77553,-9.7,8.32,-2.77553,0,0,0,3840,4.29019e+08,1.42083e+12,0,profile_only
L0_relaunch3,ad6bb15,W0,2,43,1,0.89238,-9.85,8.27,-2.77553,-9.85,8.27,-2.77553,0,0,0,3840,4.42906e+08,1.43859e+12,0,profile_only
L0_relaunch3,ad6bb15,W0,2,44,1,0.821804,-9.95,8.22,-2.77553,-9.95,8.22,-2.77553,0,0,0,3840,4.58983e+08,1.42661e+12,0,profile_only
L0_relaunch3,ad6bb15,W0,2,45,1,0.88832,-10.15,8.12,-2.72553,-10.15,8.12,-2.72553,0,0,0,3840,4.68431e+08,1.43515e+12,0,profile_only
L0_relaunch3,ad6bb15,W0,2,46,1,0.841359,-10.35,8.02,-2.67553,-10.35,8.02,-2.67553,0,0,0,3840,4.87441e+08,1.43235e+12,0,profile_only
L0_relaunch3,ad6bb15,W0,2,47,1,0.893745,-10.5,7.92,-2.62553,-10.5,7.92,-2.62553,0,0,0,3840,5.33646e+08,1.42481e+12,0,profile_only
L0_relaunch3,ad6bb15,W0,2,48,1,0.892575,-10.7,7.82,-2.57553,-10.7,7.82,-2.57553,0,0,0,3840,5.30694e+08,1.41993e+12,0,profile_only
L0_relaunch3,ad6bb15,W0,2,49,1,0.934915,-10.8,7.72,-2.52553,-10.8,7.72,-2.52553,0,0,0,3840,5.42187e+08,1.39939e+12,0,profile_only
L0_relaunch3,ad6bb15,W0,2,50,1,0.927196,-11.05,7.47,-2.42553,-11.05,7.47,-2.42553,0,0,0,3840,5.47159e+08,1.41272e+12,0,profile_only
L0_relaunch3,ad6bb15,W0,2,51,1,0.885198,-11.15,7.37,-2.37553,-11.15,7.37,-2.37553,0,0,0,3840,4.91135e+08,1.38428e+12,0,profile_only
L0_relaunch3,ad6bb15,W0,2,52,1,0.857659,-11.3,7.22,-2.27553,-11.3,7.22,-2.27553,0,0,0,3840,5.95685e+08,1.36866e+12,0,profile_only
L0_relaunch3,ad6bb15,W0,2,53,1,0.857795,-11.4,7.02,-2.17553,-11.4,7.02,-2.17553,0,0,0,3840,5.14686e+08,1.34578e+12,0,profile_only
L0_relaunch3,ad6bb15,W0,2,54,1,0.846482,-11.45,6.87,-2.07553,-11.45,6.87,-2.07553,0,0,0,3840,5.50151e+08,1.34297e+12,0,profile_only
L0_relaunch3,ad6bb15,W0,2,55,1,0.817355,-11.55,6.67,-1.97553,-11.55,6.67,-1.97553,0,0,0,3840,5.09211e+08,1.34169e+12,0,profile_only
L0_relaunch3,ad6bb15,W0,2,56,1,0.771653,-11.6,6.42,-1.87553,-11.6,6.42,-1.87553,0,0,0,3840,5.51692e+08,1.32528e+12,0,profile_only
L0_relaunch3,ad6bb15,W0,2,57,1,0.802463,-11.6,6.17,-1.72553,-11.6,6.17,-1.72553,0,0,0,3840,6.03177e+08,1.32548e+12,0,profile_only
L0_relaunch3,ad6bb15,W0,2,58,1,0.744042,-11.6,6.02,-1.67553,-11.6,6.02,-1.67553,0,0,0,3840,5.15084e+08,1.35227e+12,0,profile_only
L0_relaunch3,ad6bb15,W0,2,59,1,0.761545,-11.6,5.62,-1.47553,-11.6,5.62,-1.47553,0,0,0,3840,6.88528e+08,1.34194e+12,0,profile_only
L0_relaunch3,ad6bb15,W0,2,60,1,0.731983,-11.55,5.42,-1.37553,-11.55,5.42,-1.37553,0,0,0,3840,4.53211e+08,1.38903e+12,0,profile_only
L0_relaunch3,ad6bb15,W0,2,61,1,0.722933,-11.4,5.07,-1.22553,-11.4,5.07,-1.22553,0,0,0,3840,5.32729e+08,1.44333e+12,0,profile_only
L0_relaunch3,ad6bb15,W0,2,62,1,0.767373,-11.2,4.77,-1.07553,-11.2,4.77,-1.07553,0,0,0,3840,6.41657e+08,1.54989e+12,0,profile_only
L0_relaunch3,ad6bb15,W0,2,63,1,0.743679,-11,4.57,-0.875528,-11,4.57,-0.875528,0,0,0,3840,6.93127e+08,1.61392e+12,0,profile_only
L0_relaunch3,ad6bb15,W0,2,64,1,0.74321,-10.7,4.37,-0.575528,-10.7,4.37,-0.575528,0,0,0,3840,6.30695e+08,1.65359e+12,0,profile_only
L0_relaunch3,ad6bb15,W0,2,65,1,0.762342,-10.35,4.27,-0.325528,-10.35,4.27,-0.325528,0,0,0,3840,6.72867e+08,1.72091e+12,0,profile_only
L0_relaunch3,ad6bb15,W0,2,66,1,0.756162,-10,4.22,-0.125528,-10,4.22,-0.125528,0,0,0,3840,6.05092e+08,1.80422e+12,0,profile_only
L0_relaunch3,ad6bb15,W0,2,67,1,0.73643,-9.5,4.17,-0.125528,-9.5,4.17,-0.125528,0,0,0,3840,4.38848e+08,1.90807e+12,0,profile_only
L0_relaunch3,ad6bb15,W0,2,68,1,0.760803,-8.9,4.07,-0.125528,-8.9,4.07,-0.125528,0,0,0,3840,4.39223e+08,1.88048e+12,0,profile_only
L0_relaunch3,ad6bb15,W0,2,69,1,0.719892,-8.65,4.02,-0.225528,-8.65,4.02,-0.225528,0,0,0,3840,3.28685e+08,1.89664e+12,0,profile_only
L0_relaunch3,ad6bb15,W0,2,70,1,0.730566,-8.35,3.92,-0.375528,-8.35,3.92,-0.375528,0,0,0,3840,3.02581e+08,1.87059e+12,0,profile_only
L0_relaunch3,ad6bb15,W0,2,71,1,0.858569,-7.7,3.57,-0.425528,-7.7,3.57,-0.425528,0,0,0,3840,3.75148e+08,1.81993e+12,0,profile_only
L0_relaunch3,ad6bb15,W0,2,72,1,0.822607,-7.55,3.47,-0.425528,-7.55,3.47,-0.425528,0,0,0,3840,4.15285e+08,1.81467e+12,0,profile_only
L0_relaunch3,ad6bb15,W0,2,73,1,0.834265,-7.2,3.32,-0.475528,-7.2,3.32,-0.475528,0,0,0,3840,4.12677e+08,1.79695e+12,0,profile_only
L0_relaunch3,ad6bb15,W0,2,74,1,0.840377,-7.05,3.22,-0.475528,-7.05,3.22,-0.475528,0,0,0,3840,4.248e+08,1.78866e+12,0,profile_only
L0_relaunch3,ad6bb15,W0,2,75,1,0.795678,-6.9,3.12,-0.475528,-6.9,3.12,-0.475528,0,0,0,3840,4.06233e+08,1.79128e+12,0,profile_only
L0_relaunch3,ad6bb15,W0,2,76,1,0.884126,-6.5,2.92,-0.525528,-6.5,2.92,-0.525528,0,0,0,3840,3.6124e+08,1.79283e+12,0,profile_only
L0_relaunch3,ad6bb15,W0,2,77,1,0.825805,-6.5,2.87,-0.525528,-6.5,2.87,-0.525528,0,0,0,3840,3.69303e+08,1.79336e+12,0,profile_only
L0_relaunch3,ad6bb15,W0,2,78,1,0.895571,-6.05,2.62,-0.575528,-6.05,2.62,-0.575528,0,0,0,3840,3.70367e+08,1.79581e+12,0,profile_only
L0_relaunch3,ad6bb15,W0,2,79,1,0.842538,-5.85,2.47,-0.575528,-5.85,2.47,-0.575528,0,0,0,3840,4.35944e+08,1.79657e+12,0,profile_only
L0_relaunch3,ad6bb15,W0,2,80,1,0.835706,-5.6,2.32,-0.625528,-5.6,2.32,-0.625528,0,0,0,3840,3.98762e+08,1.79714e+12,0,profile_only
L0_relaunch3,ad6bb15,W0,2,81,1,0.866917,-5.35,2.12,-0.625528,-5.35,2.12,-0.625528,0,0,0,3840,4.33411e+08,1.81058e+12,0,profile_only
L0_relaunch3,ad6bb15,W0,2,82,1,0.856264,-5.2,2.02,-0.625528,-5.2,2.02,-0.625528,0,0,0,3840,4.57749e+08,1.79964e+12,0,profile_only
L0_relaunch3,ad6bb15,W0,2,83,1,0.793412,-4.95,1.82,-0.625528,-4.95,1.82,-0.625528,0,0,0,3840,4.60463e+08,1.81811e+12,0,profile_only
L0_relaunch3,ad6bb15,W0,2,84,1,0.773449,-4.3,1.42,-0.575528,-4.3,1.42,-0.575528,0,0,0,3840,4.64765e+08,1.84863e+12,0,profile_only
L0_relaunch3,ad6bb15,W0,2,85,1,0.808884,-4.05,1.27,-0.525528,-4.05,1.27,-0.525528,0,0,0,3840,4.6127e+08,1.83841e+12,0,profile_only
L0_relaunch3,ad6bb15,W0,2,86,1,0.868938,-4.05,1.27,-0.475528,-4.05,1.27,-0.475528,0,0,0,3840,4.53961e+08,1.85706e+12,0,profile_only
L0_relaunch3,ad6bb15,W0,2,87,1,0.834068,-3.9,1.22,-0.425528,-3.9,1.22,-0.425528,0,0,0,3840,4.79424e+08,1.85662e+12,0,profile_only
L0_relaunch3,ad6bb15,W0,2,88,1,0.817174,-3.65,1.12,-0.425528,-3.65,1.12,-0.425528,0,0,0,3840,3.99343e+08,1.83571e+12,0,profile_only
L0_relaunch3,ad6bb15,W0,2,89,1,0.870958,-3.45,1.02,-0.425528,-3.45,1.02,-0.425528,0,0,0,3840,4.02843e+08,1.79103e+12,0,profile_only
L0_relaunch3,ad6bb15,W0,2,90,1,0.831336,-3.3,0.97,-0.475528,-3.3,0.97,-0.475528,0,0,0,3840,3.85476e+08,1.76523e+12,0,profile_only
L0_relaunch3,ad6bb15,W0,2,91,1,0.854162,-3,0.77,-0.525528,-3,0.77,-0.525528,0,0,0,3840,3.333e+08,1.77483e+12,0,profile_only
L0_relaunch3,ad6bb15,W0,2,92,1,0.920589,-2.85,0.67,-0.575528,-2.85,0.67,-0.575528,0,0,0,3840,3.45712e+08,1.77328e+12,0,profile_only
L0_relaunch3,ad6bb15,W0,2,93,1,0.812632,-2.7,0.57,-0.575528,-2.7,0.57,-0.575528,0,0,0,3840,3.74033e+08,1.77253e+12,0,profile_only
L0_relaunch3,ad6bb15,W0,2,94,1,0.789705,-2.5,0.42,-0.625528,-2.5,0.42,-0.625528,0,0,0,3840,3.79427e+08,1.77692e+12,0,profile_only
L0_relaunch3,ad6bb15,W0,2,95,1,0.801995,-2.2,0.17,-0.625528,-2.2,0.17,-0.625528,0,0,0,3840,4.50983e+08,1.70652e+12,0,profile_only
L0_relaunch3,ad6bb15,W0,2,96,1,0.768239,-1.9,-0.03,-0.575528,-1.9,-0.03,-0.575528,0,0,0,3840,4.73069e+08,1.66452e+12,0,profile_only
L0_relaunch3,ad6bb15,W0,2,97,1,0.783418,-1.3,-0.28,-0.425528,-1.3,-0.28,-0.425528,0,0,0,3840,6.02668e+08,1.63813e+12,0,profile_only
L0_relaunch3,ad6bb15,W0,2,98,1,0.800181,-0.8,-0.43,-0.275528,-0.8,-0.43,-0.275528,0,0,0,3840,5.01607e+08,1.62482e+12,0,profile_only
L0_relaunch3,ad6bb15,W0,2,99,1,0.738866,-0.3,-0.53,-0.125528,-0.3,-0.53,-0.125528,0,0,0,3840,5.72685e+08,1.65353e+12,0,profile_only
L0_relaunch3,ad6bb15,W0,2,100,1,0.786211,0.2,-0.53,-0.0255283,0.2,-0.53,-0.0255283,0,0,0,3840,5.7262e+08,1.69393e+12,0,profile_only
L0_relaunch3,ad6bb15,W0,2,101,1,0.79142,0.5,-0.53,0.0744717,0.5,-0.53,0.0744717,0,0,0,3840,4.78281e+08,1.72805e+12,0,profile_only
L0_relaunch3,ad6bb15,W0,2,102,1,0.799064,0.7,-0.48,0.124472,0.7,-0.48,0.124472,0,0,0,3840,4.96164e+08,1.74586e+12,0,profile_only
L0_relaunch3,ad6bb15,W0,2,103,1,0.879055,0.9,-0.43,0.174472,0.9,-0.43,0.174472,0,0,0,3840,4.97641e+08,1.7545e+12,0,profile_only
L0_relaunch3,ad6bb15,W0,2,104,1,0.807883,1.15,-0.33,0.224472,1.15,-0.33,0.224472,0,0,0,3840,5.0262e+08,1.75685e+12,0,profile_only
L0_relaunch3,ad6bb15,W0,2,105,1,0.844512,1.4,-0.28,0.274472,1.4,-0.28,0.274472,0,0,0,3840,4.36499e+08,1.75591e+12,0,profile_only
L0_relaunch3,ad6bb15,W0,2,106,1,0.790245,1.6,-0.18,0.324472,1.6,-0.18,0.324472,0,0,0,3840,4.56589e+08,1.75016e+12,0,profile_only
L0_relaunch3,ad6bb15,W0,2,107,1,0.80628,1.85,-0.08,0.374472,1.85,-0.08,0.374472,0,0,0,3840,5.42544e+08,1.74722e+12,0,profile_only
L0_relaunch3,ad6bb15,W0,2,108,1,0.808264,2,-0.08,0.374472,2,-0.08,0.374472,0,0,0,3840,4.94443e+08,1.74053e+12,0,profile_only
L0_relaunch3,ad6bb15,W0,2,109,1,0.893559,2.3,0.12,0.474472,2.3,0.12,0.474472,0,0,0,3840,5.6536e+08,1.73126e+12,0,profile_only
L0_relaunch3,ad6bb15,W0,2,110,1,0.848067,2.45,0.22,0.524472,2.45,0.22,0.524472,0,0,0,3840,5.04983e+08,1.71861e+12,0,profile_only
L0_relaunch3,ad6bb15,W0,2,111,1,0.826907,2.6,0.32,0.574472,2.6,0.32,0.574472,0,0,0,3840,5.15223e+08,1.70627e+12,0,profile_only
L0_relaunch3,ad6bb15,W0,2,112,1,0.913395,2.8,0.47,0.624472,2.8,0.47,0.624472,0,0,0,3840,4.91872e+08,1.68037e+12,0,profile_only
L0_relaunch3,ad6bb15,W0,2,113,1,0.858493,2.95,0.57,0.674472,2.95,0.57,0.674472,0,0,0,3840,5.24851e+08,1.65332e+12,0,profile_only
L0_relaunch3,ad6bb15,W0,2,114,1,0.902839,3.1,0.77,0.824472,3.1,0.77,0.824472,0,0,0,3840,6.222e+08,1.63654e+12,0,profile_only
L0_relaunch3,ad6bb15,W0,2,115,1,0.915528,3.2,0.92,0.924472,3.2,0.92,0.924472,0,0,0,3840,5.93817e+08,1.64394e+12,0,profile_only
L0_relaunch3,ad6bb15,W0,2,116,1,0.886365,3.3,1.07,1.02447,3.3,1.07,1.02447,0,0,0,3840,5.59653e+08,1.6727e+12,0,profile_only
L0_relaunch3,ad6bb15,W0,2,117,1,0.805097,3.4,1.27,1.12447,3.4,1.27,1.12447,0,0,0,3840,5.75811e+08,1.69366e+12,0,profile_only
L0_relaunch3,ad6bb15,W0,2,118,1,0.854224,3.4,1.42,1.22447,3.4,1.42,1.22447,0,0,0,3840,4.78908e+08,1.71232e+12,0,profile_only
L0_relaunch3,ad6bb15,W0,2,119,1,0.830059,3.5,1.72,1.37447,3.5,1.72,1.37447,0,0,0,3840,6.15401e+08,1.73321e+12,0,profile_only
L0_relaunch3,ad6bb15,W0,2,120,1,0.789193,3.5,1.87,1.47447,3.5,1.87,1.47447,0,0,0,3840,5.36466e+08,1.73472e+12,0,profile_only
L0_relaunch3,ad6bb15,W0,2,121,1,0.733827,3.5,2.17,1.62447,3.5,2.17,1.62447,0,0,0,3840,5.80429e+08,1.74848e+12,0,profile_only
L0_relaunch3,ad6bb15,W0,2,122,1,0.722958,3.4,2.47,1.77447,3.4,2.47,1.77447,0,0,0,3840,5.65473e+08,1.76085e+12,0,profile_only
L0_relaunch3,ad6bb15,W0,2,123,1,0.747079,3.25,2.72,1.87447,3.25,2.72,1.87447,0,0,0,3840,5.53774e+08,1.77547e+12,0,profile_only
L0_relaunch3,ad6bb15,W0,2,124,1,0.830219,3.2,2.92,1.97447,3.2,2.92,1.97447,0,0,0,3840,5.63392e+08,1.79428e+12,0,profile_only
L0_relaunch3,ad6bb15,W0,2,125,1,0.732818,3.1,3.07,2.02447,3.1,3.07,2.02447,0,0,0,3840,5.28116e+08,1.80337e+12,0,profile_only
L0_relaunch3,ad6bb15,W0,2,126,1,0.765069,2.9,3.37,2.12447,2.9,3.37,2.12447,0,0,0,3840,5.84449e+08,1.80385e+12,0,profile_only
L0_relaunch3,ad6bb15,W0,2,127,1,0.823529,2.6,3.72,2.27447,2.6,3.72,2.27447,0,0,0,3840,5.53268e+08,1.81432e+12,0,profile_only
L0_relaunch3,ad6bb15,W0,2,128,1,0.862992,2.5,3.77,2.32447,2.5,3.77,2.32447,0,0,0,3840,5.37516e+08,1.82689e+12,0,profile_only
L0_relaunch3,ad6bb15,W0,2,129,1,0.857819,2.35,3.92,2.37447,2.35,3.92,2.37447,0,0,0,3840,5.31846e+08,1.80013e+12,0,profile_only
L0_relaunch3,ad6bb15,W0,2,130,1,0.934251,2.05,4.17,2.42447,2.05,4.17,2.42447,0,0,0,3840,5.26158e+08,1.77806e+12,0,profile_only
L0_relaunch3,ad6bb15,W0,2,131,1,0.858609,2.05,4.22,2.42447,2.05,4.22,2.42447,0,0,0,3840,4.51546e+08,1.78231e+12,0,profile_only
L0_relaunch3,ad6bb15,W0,2,132,1,0.897263,1.5,4.62,2.47447,1.5,4.62,2.47447,0,0,0,3840,5.21675e+08,1.76424e+12,0,profile_only
L0_relaunch3,ad6bb15,W0,2,133,1,0.903582,1.15,4.87,2.52447,1.15,4.87,2.52447,0,0,0,3840,5.25981e+08,1.75853e+12,0,profile_only
L0_relaunch3,ad6bb15,W0,2,134,1,0.832305,0.7,5.17,2.57447,0.7,5.17,2.57447,0,0,0,3840,5.04032e+08,1.74622e+12,0,profile_only
L0_relaunch3,ad6bb15,W0,2,135,1,0.902937,0.05,5.57,2.62447,0.05,5.57,2.62447,0,0,0,3840,4.54879e+08,1.74354e+12,0,profile_only
L0_relaunch3,ad6bb15,W0,2,136,1,0.942011,-0.1,5.67,2.62447,-0.1,5.67,2.62447,0,0,0,3840,4.07106e+08,1.72538e+12,0,profile_only
L0_relaunch3,ad6bb15,W0,2,137,1,0.896468,-0.4,5.82,2.67447,-0.4,5.82,2.67447,0,0,0,3840,5.12559e+08,1.73266e+12,0,profile_only
L0_relaunch3,ad6bb15,W0,2,138,1,0.957465,-0.6,5.92,2.67447,-0.6,5.92,2.67447,0,0,0,3840,4.75481e+08,1.7602e+12,0,profile_only
L0_relaunch3,ad6bb15,W0,2,139,1,0.946052,-0.8,6.02,2.72447,-0.8,6.02,2.72447,0,0,0,3840,4.15137e+08,1.76727e+12,0,profile_only
L0_relaunch3,ad6bb15,W0,2,140,1,0.933653,-1.05,6.12,2.77447,-1.05,6.12,2.77447,0,0,0,3840,4.20695e+08,1.78174e+12,0,profile_only
L0_relaunch3,ad6bb15,W0,2,141,1,0.895369,-1.25,6.17,2.82447,-1.25,6.17,2.82447,0,0,0,3840,5.0747e+08,1.79795e+12,0,profile_only
L0_relaunch3,ad6bb15,W0,2,142,1,0.892975,-1.45,6.22,2.87447,-1.45,6.22,2.87447,0,0,0,3840,4.9155e+08,1.80793e+12,0,profile_only
L0_relaunch3,ad6bb15,W0,2,143,1,0.908643,-1.75,6.27,2.97447,-1.75,6.27,2.97447,0,0,0,3840,5.0146e+08,1.80255e+12,0,profile_only
L0_relaunch3,ad6bb15,W0,2,144,1,0.81737,-1.9,6.27,2.97447,-1.9,6.27,2.97447,0,0,0,3840,4.91499e+08,1.83267e+12,0,profile_only
L0_relaunch3,ad6bb15,W0,2,145,1,0.815846,-2.3,6.32,3.12447,-2.3,6.32,3.12447,0,0,0,3840,5.56239e+08,1.8353e+12,0,profile_only
L0_relaunch3,ad6bb15,W0,2,146,1,0.824288,-2.7,6.27,-3.05871,-2.7,6.27,-3.05871,0,0,0,3840,6.05951e+08,1.89056e+12,0,profile_only
L0_relaunch3,ad6bb15,W0,2,147,1,0.881061,-2.9,6.27,-3.00871,-2.9,6.27,-3.00871,0,0,0,3840,5.31575e+08,1.98528e+12,0,profile_only
L0_relaunch3,ad6bb15,W0,2,148,1,0.898054,-3.15,6.22,-2.95871,-3.15,6.22,-2.95871,0,0,0,3840,5.29511e+08,2.01989e+12,0,profile_only
L0_relaunch3,ad6bb15,W0,2,149,1,0.863862,-3.35,6.17,-2.95871,-3.35,6.17,-2.95871,0,0,0,3840,4.79725e+08,2.07271e+12,0,profile_only
L0_relaunch3,ad6bb15,W0,2,150,1,0.821396,-3.6,6.12,-2.95871,-3.6,6.12,-2.95871,0,0,0,3840,4.76013e+08,2.09073e+12,0,profile_only
L0_relaunch3,ad6bb15,W0,2,151,1,0.812117,-3.75,6.12,-2.95871,-3.75,6.12,-2.95871,0,0,0,3840,4.63358e+08,2.10433e+12,0,profile_only
L0_relaunch3,ad6bb15,W0,2,152,1,0.795563,-4.05,6.07,-3.05871,-4.05,6.07,-3.05871,0,0,0,3840,4.38965e+08,2.09489e+12,0,profile_only
L0_relaunch3,ad6bb15,W0,2,153,1,0.837558,-4.2,6.12,-3.10871,-4.2,6.12,-3.10871,0,0,0,3840,3.87262e+08,2.07818e+12,0,profile_only
L0_relaunch3,ad6bb15,W0,2,154,1,0.877572,-4.35,6.12,3.12447,-4.35,6.12,3.12447,0,0,0,3840,3.86293e+08,2.04242e+12,0,profile_only
L0_relaunch3,ad6bb15,W0,2,155,1,0.858025,-4.5,6.17,3.07447,-4.5,6.17,3.07447,0,0,0,3840,3.97236e+08,2.01877e+12,0,profile_only
L0_relaunch3,ad6bb15,W0,2,156,1,0.77272,-4.7,6.17,2.97447,-4.7,6.17,2.97447,0,0,0,3840,3.1514e+08,1.98553e+12,0,profile_only
L0_relaunch3,ad6bb15,W0,2,157,1,0.822053,-4.85,6.27,2.87447,-4.85,6.27,2.87447,0,0,0,3840,3.3974e+08,1.96311e+12,0,profile_only
L0_relaunch3,ad6bb15,W0,2,158,1,0.819354,-5.05,6.37,2.77447,-5.05,6.37,2.77447,0,0,0,3840,3.80762e+08,1.91884e+12,0,profile_only
L0_relaunch3,ad6bb15,W0,2,159,1,0.81512,-5.3,6.52,2.57447,-5.3,6.52,2.57447,0,0,0,3840,3.83407e+08,1.89532e+12,0,profile_only
L0_relaunch3,ad6bb15,W0,2,160,1,0.862342,-5.45,6.67,2.42447,-5.45,6.67,2.42447,0,0,0,3840,3.75253e+08,1.86021e+12,0,profile_only
L0_relaunch3,ad6bb15,W0,2,161,1,0.886347,-5.6,6.87,2.32447,-5.6,6.87,2.32447,0,0,0,3840,3.64103e+08,1.82443e+12,0,profile_only
L0_relaunch3,ad6bb15,W0,2,162,1,0.881773,-5.7,7.02,2.22447,-5.7,7.02,2.22447,0,0,0,3840,3.36722e+08,1.77233e+12,0,profile_only
L0_relaunch3,ad6bb15,W0,2,163,1,0.890566,-5.85,7.27,2.17447,-5.85,7.27,2.17447,0,0,0,3840,3.72218e+08,1.73818e+12,0,profile_only
L0_relaunch3,ad6bb15,W0,2,164,1,0.914995,-5.95,7.47,2.12447,-5.95,7.47,2.12447,0,0,0,3840,4.00488e+08,1.65885e+12,0,profile_only
L0_relaunch3,ad6bb15,W0,2,165,1,0.893817,-6.05,7.62,2.07447,-6.05,7.62,2.07447,0,0,0,3840,4.20566e+08,1.59283e+12,0,profile_only
L0_relaunch3,ad6bb15,W0,2,166,1,0.859868,-6.15,7.87,2.07447,-6.15,7.87,2.07447,0,0,0,3840,4.62399e+08,1.55173e+12,0,profile_only
L0_relaunch3,ad6bb15,W0,2,167,1,0.910631,-6.3,8.12,2.07447,-6.3,8.12,2.07447,0,0,0,3840,4.27639e+08,1.46336e+12,0,profile_only
L0_relaunch3,ad6bb15,W0,2,168,1,0.880753,-6.35,8.27,2.07447,-6.35,8.27,2.07447,0,0,0,3840,5.30332e+08,1.36413e+12,0,profile_only
L0_relaunch3,ad6bb15,W0,2,169,1,0.837979,-6.45,8.37,2.07447,-6.45,8.37,2.07447,0,0,0,3840,3.11791e+08,1.29973e+12,0,profile_only
L0_relaunch3,ad6bb15,W0,2,170,1,0.908092,-6.55,8.52,2.12447,-6.55,8.52,2.12447,0,0,0,3840,4.83768e+08,1.26097e+12,0,profile_only
L0_relaunch3,ad6bb15,W0,2,171,1,0.916805,-6.6,8.62,2.17447,-6.6,8.62,2.17447,0,0,0,3840,4.51858e+08,1.21293e+12,0,profile_only
L0_relaunch3,ad6bb15,W0,2,172,1,0.894658,-6.75,8.77,2.27447,-6.75,8.77,2.27447,0,0,0,3840,4.71946e+08,1.19024e+12,0,profile_only
L0_relaunch3,ad6bb15,W0,2,173,1,0.89563,-6.8,8.82,2.32447,-6.8,8.82,2.32447,0,0,0,3840,4.6428e+08,1.14897e+12,0,profile_only
L0_relaunch3,ad6bb15,W0,2,174,1,0.909775,-6.9,8.87,2.42447,-6.9,8.87,2.42447,0,0,0,3840,5.56555e+08,1.13744e+12,0,profile_only
L0_relaunch3,ad6bb15,W0,2,175,1,0.872333,-7,8.92,2.52447,-7,8.92,2.52447,0,0,0,3840,5.55232e+08,1.13439e+12,0,profile_only
L0_relaunch3,ad6bb15,W0,2,176,1,0.89883,-7.2,8.97,2.67447,-7.2,8.97,2.67447,0,0,0,3840,5.52105e+08,1.13248e+12,0,profile_only
L0_relaunch3,ad6bb15,W0,2,177,1,0.852352,-7.25,8.97,2.72447,-7.25,8.97,2.72447,0,0,0,3840,4.85206e+08,1.13948e+12,0,profile_only
L0_relaunch3,ad6bb15,W0,2,178,1,0.849167,-7.45,9.02,2.87447,-7.45,9.02,2.87447,0,0,0,3840,5.12812e+08,1.13015e+12,0,profile_only
L0_relaunch3,ad6bb15,W0,2,179,1,0.905215,-7.5,9.02,2.92447,-7.5,9.02,2.92447,0,0,0,3840,5.1139e+08,1.14586e+12,0,profile_only
L0_relaunch3,ad6bb15,W0,2,180,1,0.877942,-7.6,9.02,2.97447,-7.6,9.02,2.97447,0,0,0,3840,4.67151e+08,1.15953e+12,0,profile_only
L0_relaunch3,ad6bb15,W0,2,181,1,0.823802,-7.7,9.02,3.02447,-7.7,9.02,3.02447,0,0,0,3840,4.80033e+08,1.17427e+12,0,profile_only
L0_relaunch3,ad6bb15,W0,2,182,1,0.820504,-7.8,9.02,3.07447,-7.8,9.02,3.07447,0,0,0,3840,4.67087e+08,1.19118e+12,0,profile_only
L0_relaunch3,ad6bb15,W0,2,183,1,0.881094,-8,9.02,3.12447,-8,9.02,3.12447,0,0,0,3840,4.73287e+08,1.21566e+12,0,profile_only
L0_relaunch3,ad6bb15,W0,2,184,1,0.866046,-8.15,9.02,-3.10871,-8.15,9.02,-3.10871,0,0,0,3840,5.57298e+08,1.23518e+12,0,profile_only
L0_relaunch3,ad6bb15,W0,2,185,1,0.818324,-8.25,8.97,-3.05871,-8.25,8.97,-3.05871,0,0,0,3840,5.60137e+08,1.24848e+12,0,profile_only
L0_relaunch3,ad6bb15,W0,2,186,1,0.884508,-8.45,8.97,-3.00871,-8.45,8.97,-3.00871,0,0,0,3840,4.66582e+08,1.28148e+12,0,profile_only
L0_relaunch3,ad6bb15,W0,2,187,1,0.807814,-8.65,8.92,-2.95871,-8.65,8.92,-2.95871,0,0,0,3840,4.68285e+08,1.28276e+12,0,profile_only
L0_relaunch3,ad6bb15,W0,2,188,1,0.820167,-8.8,8.87,-2.95871,-8.8,8.87,-2.95871,0,0,0,3840,4.97989e+08,1.30892e+12,0,profile_only
L0_relaunch3,ad6bb15,W0,2,189,1,0.796452,-9,8.87,-2.90871,-9,8.87,-2.90871,0,0,0,3840,4.70425e+08,1.31135e+12,0,profile_only
L0_relaunch3,ad6bb15,W0,2,190,1,0.750746,-9.15,8.77,-2.90871,-9.15,8.77,-2.90871,0,0,0,3840,4.81892e+08,1.31544e+12,0,profile_only
L0_relaunch3,ad6bb15,W0,2,191,1,0.817206,-9.35,8.72,-2.85871,-9.35,8.72,-2.85871,0,0,0,3840,5.50907e+08,1.3315e+12,0,profile_only
L0_relaunch3,ad6bb15,W0,2,192,1,0.753786,-9.55,8.62,-2.80871,-9.55,8.62,-2.80871,0,0,0,3840,4.6521e+08,1.34547e+12,0,profile_only
L0_relaunch3,ad6bb15,W0,2,193,1,0.780363,-9.75,8.57,-2.75871,-9.75,8.57,-2.75871,0,0,0,3840,5.04708e+08,1.37205e+12,0,profile_only
L0_relaunch3,ad6bb15,W0,2,194,1,0.784702,-9.95,8.42,-2.65871,-9.95,8.42,-2.65871,0,0,0,3840,5.01922e+08,1.37626e+12,0,profile_only
L0_relaunch3,ad6bb15,W0,2,195,1,0.870505,-10.05,8.37,-2.60871,-10.05,8.37,-2.60871,0,0,0,3840,4.98199e+08,1.41534e+12,0,profile_only
L0_relaunch3,ad6bb15,W0,2,196,1,0.83635,-10.2,8.27,-2.55871,-10.2,8.27,-2.55871,0,0,0,3840,4.91539e+08,1.41995e+12,0,profile_only
L0_relaunch3,ad6bb15,W0,2,197,1,0.878832,-10.3,8.17,-2.50871,-10.3,8.17,-2.50871,0,0,0,3840,4.84242e+08,1.42518e+12,0,profile_only
L0_relaunch3,ad6bb15,W0,2,198,1,0.892948,-10.4,8.07,-2.45871,-10.4,8.07,-2.45871,0,0,0,3840,4.80242e+08,1.4419e+12,0,profile_only
L0_relaunch3,ad6bb15,W0,2,199,1,0.887852,-10.5,7.97,-2.40871,-10.5,7.97,-2.40871,0,0,0,3840,4.81262e+08,1.45279e+12,0,profile_only
L0_relaunch3,ad6bb15,W0,2,200,1,0.896149,-10.6,7.87,-2.35871,-10.6,7.87,-2.35871,0,0,0,3840,5.33583e+08,1.46299e+12,0,profile_only
L0_relaunch3,ad6bb15,W0,2,201,1,0.879496,-10.65,7.82,-2.30871,-10.65,7.82,-2.30871,0,0,0,3840,5.48434e+08,1.46787e+12,0,profile_only
L0_relaunch3,ad6bb15,W0,2,202,1,0.890873,-10.75,7.67,-2.25871,-10.75,7.67,-2.25871,0,0,0,3840,5.44093e+08,1.47588e+12,0,profile_only
L0_relaunch3,ad6bb15,W0,2,203,1,0.917458,-10.8,7.57,-2.20871,-10.8,7.57,-2.20871,0,0,0,3840,5.39027e+08,1.48008e+12,0,profile_only
L0_relaunch3,ad6bb15,W0,2,204,1,0.89079,-10.85,7.47,-2.15871,-10.85,7.47,-2.15871,0,0,0,3840,5.44851e+08,1.48655e+12,0,profile_only
L0_relaunch3,ad6bb15,W0,2,205,1,0.852423,-10.95,7.32,-2.10871,-10.95,7.32,-2.10871,0,0,0,3840,5.60871e+08,1.48946e+12,0,profile_only
L0_relaunch3,ad6bb15,W0,2,206,1,0.837741,-11,7.22,-2.05871,-11,7.22,-2.05871,0,0,0,3840,5.557e+08,1.46466e+12,0,profile_only
L0_relaunch3,ad6bb15,W0,2,207,1,0.826186,-11.05,7.07,-2.00871,-11.05,7.07,-2.00871,0,0,0,3840,5.16296e+08,1.44456e+12,0,profile_only
L0_relaunch3,ad6bb15,W0,2,208,1,0.81064,-11.15,6.82,-1.95871,-11.15,6.82,-1.95871,0,0,0,3840,4.61483e+08,1.44116e+12,0,profile_only
L0_relaunch3,ad6bb15,W0,2,209,1,0.809962,-11.2,6.67,-1.95871,-11.2,6.67,-1.95871,0,0,0,3840,3.78696e+08,1.38517e+12,0,profile_only
L0_relaunch3,ad6bb15,W0,2,210,1,0.78497,-11.3,6.42,-1.90871,-11.3,6.42,-1.90871,0,0,0,3840,4.22348e+08,1.37117e+12,0,profile_only
L0_relaunch3,ad6bb15,W0,2,211,1,0.826163,-11.35,6.22,-1.90871,-11.35,6.22,-1.90871,0,0,0,3840,3.82395e+08,1.36471e+12,0,profile_only
L0_relaunch3,ad6bb15,W0,2,212,1,0.824525,-11.4,6.02,-1.85871,-11.4,6.02,-1.85871,0,0,0,3840,4.49003e+08,1.36198e+12,0,profile_only
L0_relaunch3,ad6bb15,W0,2,213,1,0.798814,-11.45,5.82,-1.80871,-11.45,5.82,-1.80871,0,0,0,3840,4.44859e+08,1.36898e+12,0,profile_only
L0_relaunch3,ad6bb15,W0,2,214,1,0.791376,-11.5,5.62,-1.75871,-11.5,5.62,-1.75871,0,0,0,3840,4.52847e+08,1.36507e+12,0,profile_only
L0_relaunch3,ad6bb15,W0,2,215,1,0.842598,-11.5,5.42,-1.70871,-11.5,5.42,-1.70871,0,0,0,3840,4.87077e+08,1.39007e+12,0,profile_only
L0_relaunch3,ad6bb15,W0,2,216,1,0.790264,-11.55,5.12,-1.60871,-11.55,5.12,-1.60871,0,0,0,3840,5.74812e+08,1.43368e+12,0,profile_only
L0_relaunch3,ad6bb15,W0,2,217,1,0.852835,-11.5,4.97,-1.50871,-11.5,4.97,-1.50871,0,0,0,3840,5.34388e+08,1.44883e+12,0,profile_only
L0_relaunch3,ad6bb15,W0,2,218,1,0.828817,-11.45,4.82,-1.40871,-11.45,4.82,-1.40871,0,0,0,3840,5.0953e+08,1.48933e+12,0,profile_only
L0_relaunch3,ad6bb15,W0,2,219,1,0.819155,-11.35,4.67,-1.25871,-11.35,4.67,-1.25871,0,0,0,3840,5.91772e+08,1.52637e+12,0,profile_only
L0_relaunch3,ad6bb15,W0,2,220,1,0.814879,-11.3,4.57,-1.10871,-11.3,4.57,-1.10871,0,0,0,3840,6.74038e+08,1.5707e+12,0,profile_only
L0_relaunch3,ad6bb15,W0,2,221,1,0.791193,-11.15,4.42,-0.958714,-11.15,4.42,-0.958714,0,0,0,3840,6.59046e+08,1.58517e+12,0,profile_only
L0_relaunch3,ad6bb15,W0,2,222,1,0.777615,-11,4.32,-0.758714,-11,4.32,-0.758714,0,0,0,3840,6.88417e+08,1.60922e+12,0,profile_only
L0_relaunch3,ad6bb15,W0,2,223,1,0.73115,-10.7,4.17,-0.458714,-10.7,4.17,-0.458714,0,0,0,3840,7.27129e+08,1.65704e+12,0,profile_only
L0_relaunch3,ad6bb15,W0,2,224,1,0.738256,-10.35,4.17,-0.158714,-10.35,4.17,-0.158714,0,0,0,3840,7.02895e+08,1.7238e+12,0,profile_only
L0_relaunch3,ad6bb15,W0,2,225,1,0.764531,-10.05,4.12,-0.108714,-10.05,4.12,-0.108714,0,0,0,3840,4.75991e+08,1.85404e+12,0,profile_only
L0_relaunch3,ad6bb15,W0,2,226,1,0.791065,-9.7,4.07,-0.108714,-9.7,4.07,-0.108714,0,0,0,3840,4.20797e+08,1.91292e+12,0,profile_only
L0_relaunch3,ad6bb15,W0,2,227,1,0.706176,-9.45,4.02,-0.108714,-9.45,4.02,-0.108714,0,0,0,3840,4.01367e+08,1.93604e+12,0,profile_only
L0_relaunch3,ad6bb15,W0,2,228,1,0.780833,-9,3.97,-0.208714,-9,3.97,-0.208714,0,0,0,3840,3.59428e+08,1.93387e+12,0,profile_only
L0_relaunch3,ad6bb15,W0,2,229,1,0.715071,-8.7,3.87,-0.308714,-8.7,3.87,-0.308714,0,0,0,3840,3.71211e+08,1.91189e+12,0,profile_only
L0_relaunch3,ad6bb15,W0,2,230,1,0.723321,-8.2,3.57,-0.408714,-8.2,3.57,-0.408714,0,0,0,3840,3.38421e+08,1.88283e+12,0,profile_only
L0_relaunch3,ad6bb15,W0,2,231,1,0.806391,-7.55,3.27,-0.458714,-7.55,3.27,-0.458714,0,0,0,3840,3.31714e+08,1.8287e+12,0,profile_only
L0_relaunch3,ad6bb15,W0,2,232,1,0.842867,-7.2,3.07,-0.458714,-7.2,3.07,-0.458714,0,0,0,3840,3.98658e+08,1.79508e+12,0,profile_only
L0_relaunch3,ad6bb15,W0,2,233,1,0.839153,-7,2.97,-0.458714,-7,2.97,-0.458714,0,0,0,3840,4.02153e+08,1.79588e+12,0,profile_only
L0_relaunch3,ad6bb15,W0,2,234,1,0.899699,-6.7,2.82,-0.458714,-6.7,2.82,-0.458714,0,0,0,3840,4.31453e+08,1.80528e+12,0,profile_only
L0_relaunch3,ad6bb15,W0,2,235,1,0.88229,-6.45,2.72,-0.458714,-6.45,2.72,-0.458714,0,0,0,3840,4.12917e+08,1.80033e+12,0,profile_only
L0_relaunch3,ad6bb15,W0,2,236,1,0.794955,-6.3,2.62,-0.408714,-6.3,2.62,-0.408714,0,0,0,3840,4.31691e+08,1.79935e+12,0,profile_only
L0_relaunch3,ad6bb15,W0,2,237,1,0.808641,-5.9,2.47,-0.358714,-5.9,2.47,-0.358714,0,0,0,3840,4.36871e+08,1.79258e+12,0,profile_only
L0_relaunch3,ad6bb15,W0,2,238,1,0.8027,-5.55,2.37,-0.308714,-5.55,2.37,-0.308714,0,0,0,3840,4.49266e+08,1.79106e+12,0,profile_only
L0_relaunch3,ad6bb15,W0,2,239,1,0.788061,-4.95,2.17,-0.358714,-4.95,2.17,-0.358714,0,0,0,3840,3.88441e+08,1.81289e+12,0,profile_only
L0_relaunch3,ad6bb15,W0,2,240,1,0.890327,-4.4,1.92,-0.408714,-4.4,1.92,-0.408714,0,0,0,3840,3.52495e+08,1.829e+12,0,profile_only
L0_relaunch3,ad6bb15,W0,2,241,1,0.812875,-4.2,1.82,-0.458714,-4.2,1.82,-0.458714,0,0,0,3840,3.56997e+08,1.80653e+12,0,profile_only
L0_relaunch3,ad6bb15,W0,2,242,1,0.896777,-3.85,1.62,-0.508714,-3.85,1.62,-0.508714,0,0,0,3840,3.87123e+08,1.80556e+12,0,profile_only
L0_relaunch3,ad6bb15,W0,2,243,1,0.771334,-3.4,1.37,-0.508714,-3.4,1.37,-0.508714,0,0,0,3840,4.41995e+08,1.80148e+12,0,profile_only
L0_relaunch3,ad6bb15,W0,2,244,1,0.796383,-3.35,1.27,-0.608714,-3.35,1.27,-0.608714,0,0,0,3840,3.55535e+08,1.80502e+12,0,profile_only
L0_relaunch3,ad6bb15,W0,2,245,1,0.808866,-3.1,1.12,-0.658714,-3.1,1.12,-0.658714,0,0,0,3840,4.00694e+08,1.81051e+12,0,profile_only
L0_relaunch3,ad6bb15,W0,2,246,1,0.809367,-2.85,0.87,-0.658714,-2.85,0.87,-0.658714,0,0,0,3840,3.8368e+08,1.81473e+12,0,profile_only
L0_relaunch3,ad6bb15,W0,2,247,1,0.777679,-2.7,0.77,-0.708714,-2.7,0.77,-0.708714,0,0,0,3840,3.34576e+08,1.80345e+12,0,profile_only
L0_relaunch3,ad6bb15,W0,2,248,1,0.71661,-2.5,0.62,-0.708714,-2.5,0.62,-0.708714,0,0,0,3840,4.43139e+08,1.7946e+12,0,profile_only
L0_relaunch3,ad6bb15,W0,2,249,1,0.809106,-2.15,0.32,-0.658714,-2.15,0.32,-0.658714,0,0,0,3840,5.46513e+08,1.72139e+12,0,profile_only
L0_relaunch3,ad6bb15,W0,2,250,1,0.839546,-1.95,0.22,-0.558714,-1.95,0.22,-0.558714,0,0,0,3840,5.50619e+08,1.68696e+12,0,profile_only
L0_relaunch3,ad6bb15,W0,2,251,1,0.811191,-1.75,0.12,-0.458714,-1.75,0.12,-0.458714,0,0,0,3840,5.25011e+08,1.67369e+12,0,profile_only
L0_relaunch3,ad6bb15,W0,2,252,1,0.762384,-1.45,0.02,-0.308714,-1.45,0.02,-0.308714,0,0,0,3840,4.67935e+08,1.66513e+12,0,profile_only
L0_relaunch3,ad6bb15,W0,2,253,1,0.748192,-1,-0.03,-0.158714,-1,-0.03,-0.158714,0,0,0,3840,5.557e+08,1.6577e+12,0,profile_only
L0_relaunch3,ad6bb15,W0,2,254,1,0.733188,-0.5,-0.13,-0.158714,-0.5,-0.13,-0.158714,0,0,0,3840,4.08656e+08,1.70269e+12,0,profile_only
L0_relaunch3,ad6bb15,W0,2,255,1,0.832544,0.1,-0.18,-0.108714,0.1,-0.18,-0.108714,0,0,0,3840,4.82509e+08,1.71991e+12,0,profile_only
L0_relaunch3,ad6bb15,W0,2,256,1,0.77634,0.3,-0.18,-0.108714,0.3,-0.18,-0.108714,0,0,0,3840,4.04597e+08,1.73703e+12,0,profile_only
L0_relaunch3,ad6bb15,W0,2,257,1,0.708327,0.55,-0.23,-0.0587136,0.55,-0.23,-0.0587136,0,0,0,3840,4.48441e+08,1.74343e+12,0,profile_only
L0_relaunch3,ad6bb15,W0,2,258,1,0.806697,0.9,-0.23,-0.0587136,0.9,-0.23,-0.0587136,0,0,0,3840,4.06145e+08,1.7589e+12,0,profile_only
L0_relaunch3,ad6bb15,W0,2,259,1,0.806599,1.1,-0.23,-0.00871357,1.1,-0.23,-0.00871357,0,0,0,3840,4.55058e+08,1.74702e+12,0,profile_only
L0_relaunch3,ad6bb15,W0,2,260,1,0.831188,1.35,-0.23,0.0412864,1.35,-0.23,0.0412864,0,0,0,3840,4.41088e+08,1.74628e+12,0,profile_only
L0_relaunch3,ad6bb15,W0,2,261,1,0.752669,1.55,-0.18,0.0912864,1.55,-0.18,0.0912864,0,0,0,3840,5.25777e+08,1.73664e+12,0,profile_only
L0_relaunch3,ad6bb15,W0,2,262,1,0.824175,1.75,-0.13,0.191286,1.75,-0.13,0.191286,0,0,0,3840,4.99718e+08,1.73422e+12,0,profile_only
L0_relaunch3,ad6bb15,W0,2,263,1,0.909158,1.9,-0.08,0.291286,1.9,-0.08,0.291286,0,0,0,3840,5.48194e+08,1.73267e+12,0,profile_only
L0_relaunch3,ad6bb15,W0,2,264,1,0.857703,2.05,0.02,0.391286,2.05,0.02,0.391286,0,0,0,3840,5.7284e+08,1.73135e+12,0,profile_only
L0_relaunch3,ad6bb15,W0,2,265,1,0.860369,2.15,0.07,0.491286,2.15,0.07,0.491286,0,0,0,3840,5.99683e+08,1.73362e+12,0,profile_only
L0_relaunch3,ad6bb15,W0,2,266,1,0.853531,2.25,0.17,0.591286,2.25,0.17,0.591286,0,0,0,3840,6.02562e+08,1.74086e+12,0,profile_only
L0_relaunch3,ad6bb15,W0,2,267,1,0.81655,2.3,0.22,0.691286,2.3,0.22,0.691286,0,0,0,3840,6.28354e+08,1.74889e+12,0,profile_only
L0_relaunch3,ad6bb15,W0,2,268,1,0.839626,2.45,0.42,0.841286,2.45,0.42,0.841286,0,0,0,3840,6.04312e+08,1.76351e+12,0,profile_only
L0_relaunch3,ad6bb15,W0,2,269,1,0.826486,2.55,0.57,0.941286,2.55,0.57,0.941286,0,0,0,3840,5.66837e+08,1.76695e+12,0,profile_only
L0_relaunch3,ad6bb15,W0,2,270,1,0.854677,2.6,0.67,0.991286,2.6,0.67,0.991286,0,0,0,3840,5.35654e+08,1.76295e+12,0,profile_only
L0_relaunch3,ad6bb15,W0,2,271,1,0.877231,2.7,0.87,1.09129,2.7,0.87,1.09129,0,0,0,3840,5.53722e+08,1.76767e+12,0,profile_only
L0_relaunch3,ad6bb15,W0,2,272,1,0.828329,2.75,1.02,1.14129,2.75,1.02,1.14129,0,0,0,3840,5.26705e+08,1.77e+12,0,profile_only
L0_relaunch3,ad6bb15,W0,2,273,1,0.802492,2.8,1.22,1.24129,2.8,1.22,1.24129,0,0,0,3840,5.64457e+08,1.78005e+12,0,profile_only
L0_relaunch3,ad6bb15,W0,2,274,1,0.820696,2.85,1.42,1.34129,2.85,1.42,1.34129,0,0,0,3840,5.57294e+08,1.78572e+12,0,profile_only
L0_relaunch3,ad6bb15,W0,2,275,1,0.787103,2.9,1.67,1.44129,2.9,1.67,1.44129,0,0,0,3840,5.1913e+08,1.78279e+12,0,profile_only
L0_relaunch3,ad6bb15,W0,2,276,1,0.81302,2.85,1.82,1.49129,2.85,1.82,1.49129,0,0,0,3840,5.09614e+08,1.7768e+12,0,profile_only
L0_relaunch3,ad6bb15,W0,2,277,1,0.763131,2.9,2.07,1.59129,2.9,2.07,1.59129,0,0,0,3840,5.10971e+08,1.77426e+12,0,profile_only
L0_relaunch3,ad6bb15,W0,2,278,1,0.747851,2.85,2.27,1.64129,2.85,2.27,1.64129,0,0,0,3840,5.19398e+08,1.76152e+12,0,profile_only
L0_relaunch3,ad6bb15,W0,2,279,1,0.807618,2.8,2.57,1.69129,2.8,2.57,1.69129,0,0,0,3840,4.57114e+08,1.75411e+12,0,profile_only
L0_relaunch3,ad6bb15,W0,2,280,1,0.832613,2.75,2.82,1.69129,2.75,2.82,1.69129,0,0,0,3840,3.81666e+08,1.74976e+12,0,profile_only
L0_relaunch3,ad6bb15,W0,2,281,1,0.797239,2.75,3.12,1.69129,2.75,3.12,1.69129,0,0,0,3840,3.86258e+08,1.76127e+12,0,profile_only
L0_relaunch3,ad6bb15,W0,2,282,1,0.799946,2.65,3.42,1.74129,2.65,3.42,1.74129,0,0,0,3840,4.54989e+08,1.78041e+12,0,profile_only
L0_relaunch3,ad6bb15,W0,2,283,1,0.848343,2.65,3.52,1.74129,2.65,3.52,1.74129,0,0,0,3840,4.41403e+08,1.80432e+12,0,profile_only
L0_relaunch3,ad6bb15,W0,2,284,1,0.847668,2.5,3.77,1.79129,2.5,3.77,1.79129,0,0,0,3840,5.23488e+08,1.8136e+12,0,profile_only
L0_relaunch3,ad6bb15,W0,2,285,1,0.829221,2.5,3.92,1.84129,2.5,3.92,1.84129,0,0,0,3840,5.57339e+08,1.81858e+12,0,profile_only
L0_relaunch3,ad6bb15,W0,2,286,1,0.910149,2.45,4.12,1.89129,2.45,4.12,1.89129,0,0,0,3840,5.13307e+08,1.82357e+12,0,profile_only
L0_relaunch3,ad6bb15,W0,2,287,1,0.8778,2.45,4.27,1.94129,2.45,4.27,1.94129,0,0,0,3840,5.17413e+08,1.8265e+12,0,profile_only
L0_relaunch3,ad6bb15,W0,2,288,1,0.85622,2.4,4.42,1.99129,2.4,4.42,1.99129,0,0,0,3840,5.30088e+08,1.81132e+12,0,profile_only
L0_relaunch3,ad6bb15,W0,2,289,1,0.913813,2.3,4.62,2.09129,2.3,4.62,2.09129,0,0,0,3840,5.65575e+08,1.7929e+12,0,profile_only
L0_relaunch3,ad6bb15,W0,2,290,1,0.895996,2.1,4.82,2.19129,2.1,4.82,2.19129,0,0,0,3840,5.59094e+08,1.76192e+12,0,profile_only
L0_relaunch3,ad6bb15,W0,2,291,1,0.877702,1.8,5.12,2.39129,1.8,5.12,2.39129,0,0,0,3840,6.61515e+08,1.74645e+12,0,profile_only
L0_relaunch3,ad6bb15,W0,2,292,1,0.861435,1.5,5.32,2.54129,1.5,5.32,2.54129,0,0,0,3840,5.68393e+08,1.73507e+12,0,profile_only
L0_relaunch3,ad6bb15,W0,2,293,1,0.858769,1.15,5.47,2.69129,1.15,5.47,2.69129,0,0,0,3840,5.83073e+08,1.73581e+12,0,profile_only
L0_relaunch3,ad6bb15,W0,2,294,1,0.832178,0.8,5.62,2.79129,0.8,5.62,2.79129,0,0,0,3840,5.36997e+08,1.74314e+12,0,profile_only
L0_relaunch3,ad6bb15,W0,2,295,1,0.858171,0.35,5.72,2.84129,0.35,5.72,2.84129,0,0,0,3840,5.3465e+08,1.73898e+12,0,profile_only
L0_relaunch3,ad6bb15,W0,2,296,1,0.926459,-0.15,5.87,2.89129,-0.15,5.87,2.89129,0,0,0,3840,4.75071e+08,1.7447e+12,0,profile_only
L0_relaunch3,ad6bb15,W0,2,297,1,0.910809,-0.45,5.97,2.89129,-0.45,5.97,2.89129,0,0,0,3840,3.84406e+08,1.76588e+12,0,profile_only
L0_relaunch3,ad6bb15,W0,2,298,1,0.930192,-0.6,5.97,2.89129,-0.6,5.97,2.89129,0,0,0,3840,4.27409e+08,1.77364e+12,0,profile_only
L0_relaunch3,ad6bb15,W0,2,299,1,0.931534,-0.8,6.02,2.89129,-0.8,6.02,2.89129,0,0,0,3840,4.37904e+08,1.78813e+12,0,profile_only
L0_relaunch3,ad6bb15,W0,2,300,1,0.91493,-1,6.07,2.89129,-1,6.07,2.89129,0,0,0,3840,4.21049e+08,1.79092e+12,0,profile_only
L0_relaunch3,ad6bb15,W0,2,301,1,0.892249,-1.35,6.17,2.94129,-1.35,6.17,2.94129,0,0,0,3840,4.12959e+08,1.8033e+12,0,profile_only
L0_relaunch3,ad6bb15,W0,2,302,1,0.920509,-1.65,6.22,2.94129,-1.65,6.22,2.94129,0,0,0,3840,4.24493e+08,1.82887e+12,0,profile_only
L0_relaunch3,ad6bb15,W0,2,303,1,0.925164,-1.85,6.27,2.94129,-1.85,6.27,2.94129,0,0,0,3840,4.41528e+08,1.84164e+12,0,profile_only
L0_relaunch3,ad6bb15,W0,2,304,1,0.813241,-2.1,6.32,2.99129,-2.1,6.32,2.99129,0,0,0,3840,4.64346e+08,1.8518e+12,0,profile_only
L0_relaunch3,ad6bb15,W0,2,305,1,0.816753,-2.35,6.37,3.04129,-2.35,6.37,3.04129,0,0,0,3840,4.81075e+08,1.88383e+12,0,profile_only
L0_relaunch3,ad6bb15,W0,2,306,1,0.902839,-2.65,6.37,3.09129,-2.65,6.37,3.09129,0,0,0,3840,4.69341e+08,1.91825e+12,0,profile_only
L0_relaunch3,ad6bb15,W0,2,307,1,0.899331,-2.9,6.37,3.14129,-2.9,6.37,3.14129,0,0,0,3840,4.76998e+08,1.99063e+12,0,profile_only
L0_relaunch3,ad6bb15,W0,2,308,1,0.889387,-3.2,6.37,3.14129,-3.2,6.37,3.14129,0,0,0,3840,4.39101e+08,2.05791e+12,0,profile_only
L0_relaunch3,ad6bb15,W0,2,309,1,0.851169,-3.5,6.37,3.14129,-3.5,6.37,3.14129,0,0,0,3840,4.78504e+08,2.08426e+12,0,profile_only
L0_relaunch3,ad6bb15,W0,2,310,1,0.835831,-3.7,6.37,-3.0919,-3.7,6.37,-3.0919,0,0,0,3840,5.49243e+08,2.09491e+12,0,profile_only
L0_relaunch3,ad6bb15,W0,2,311,1,0.822898,-4,6.37,3.14129,-4,6.37,3.14129,0,0,0,3840,4.64414e+08,2.09498e+12,0,profile_only
L0_relaunch3,ad6bb15,W0,2,312,1,0.804277,-4.35,6.37,3.09129,-4.35,6.37,3.09129,0,0,0,3840,4.89587e+08,2.03074e+12,0,profile_only
L0_relaunch3,ad6bb15,W0,2,313,1,0.814475,-4.65,6.42,3.04129,-4.65,6.42,3.04129,0,0,0,3840,4.58279e+08,1.97557e+12,0,profile_only
L0_relaunch3,ad6bb15,W0,2,314,1,0.794497,-4.9,6.42,2.99129,-4.9,6.42,2.99129,0,0,0,3840,3.6483e+08,1.95525e+12,0,profile_only
L0_relaunch3,ad6bb15,W0,2,315,1,0.854808,-5.25,6.52,2.84129,-5.25,6.52,2.84129,0,0,0,3840,2.9389e+08,1.9205e+12,0,profile_only
L0_relaunch3,ad6bb15,W0,2,316,1,0.891908,-5.45,6.67,2.74129,-5.45,6.67,2.74129,0,0,0,3840,3.50518e+08,1.88439e+12,0,profile_only
L0_relaunch3,ad6bb15,W0,2,317,1,0.872685,-5.6,6.82,2.64129,-5.6,6.82,2.64129,0,0,0,3840,3.56299e+08,1.83098e+12,0,profile_only
L0_relaunch3,ad6bb15,W0,2,318,1,0.896871,-5.75,6.92,2.49129,-5.75,6.92,2.49129,0,0,0,3840,3.30665e+08,1.78316e+12,0,profile_only
L0_relaunch3,ad6bb15,W0,2,319,1,0.866997,-5.85,7.02,2.34129,-5.85,7.02,2.34129,0,0,0,3840,3.30754e+08,1.74247e+12,0,profile_only
L0_relaunch3,ad6bb15,W0,2,320,1,0.898859,-6,7.32,2.19129,-6,7.32,2.19129,0,0,0,3840,2.40336e+08,1.71445e+12,0,profile_only
L0_relaunch3,ad6bb15,W0,2,321,1,0.885397,-6.15,7.57,2.14129,-6.15,7.57,2.14129,0,0,0,3840,3.51239e+08,1.62296e+12,0,profile_only
L0_relaunch3,ad6bb15,W0,2,322,1,0.913377,-6.25,7.77,2.09129,-6.25,7.77,2.09129,0,0,0,3840,3.70051e+08,1.5381e+12,0,profile_only
L0_relaunch3,ad6bb15,W0,2,323,1,0.875304,-6.3,7.87,2.09129,-6.3,7.87,2.09129,0,0,0,3840,3.44808e+08,1.46063e+12,0,profile_only
L0_relaunch3,ad6bb15,W0,2,324,1,0.869438,-6.4,8.02,2.14129,-6.4,8.02,2.14129,0,0,0,3840,4.18541e+08,1.42758e+12,0,profile_only
L0_relaunch3,ad6bb15,W0,2,325,1,0.886561,-6.55,8.17,2.19129,-6.55,8.17,2.19129,0,0,0,3840,3.09121e+08,1.36452e+12,0,profile_only
L0_relaunch3,ad6bb15,W0,2,326,1,0.933587,-6.65,8.32,2.24129,-6.65,8.32,2.24129,0,0,0,3840,2.93245e+08,1.30545e+12,0,profile_only
L0_relaunch3,ad6bb15,W0,2,327,1,0.871865,-6.7,8.37,2.29129,-6.7,8.37,2.29129,0,0,0,3840,4.99857e+08,1.24816e+12,0,profile_only
L0_relaunch3,ad6bb15,W0,2,328,1,0.922399,-6.9,8.52,2.39129,-6.9,8.52,2.39129,0,0,0,3840,5.17324e+08,1.23655e+12,0,profile_only
L0_relaunch3,ad6bb15,W0,2,329,1,0.904036,-7,8.57,2.49129,-7,8.57,2.49129,0,0,0,3840,5.20371e+08,1.19343e+12,0,profile_only
L0_relaunch3,ad6bb15,W0,2,330,1,0.888451,-7.15,8.67,2.59129,-7.15,8.67,2.59129,0,0,0,3840,5.52425e+08,1.1921e+12,0,profile_only
L0_relaunch3,ad6bb15,W0,2,331,1,0.840551,-7.35,8.72,2.74129,-7.35,8.72,2.74129,0,0,0,3840,5.73888e+08,1.1696e+12,0,profile_only
L0_relaunch3,ad6bb15,W0,2,332,1,0.882661,-7.55,8.77,2.89129,-7.55,8.77,2.89129,0,0,0,3840,5.66698e+08,1.17141e+12,0,profile_only
L0_relaunch3,ad6bb15,W0,2,333,1,0.797337,-7.7,8.77,2.94129,-7.7,8.77,2.94129,0,0,0,3840,5.54507e+08,1.18776e+12,0,profile_only
L0_relaunch3,ad6bb15,W0,2,334,1,0.828764,-7.95,8.77,3.09129,-7.95,8.77,3.09129,0,0,0,3840,5.76716e+08,1.19669e+12,0,profile_only
L0_relaunch3,ad6bb15,W0,2,335,1,0.821944,-8.1,8.77,3.14129,-8.1,8.77,3.14129,0,0,0,3840,5.31659e+08,1.25142e+12,0,profile_only
L0_relaunch3,ad6bb15,W0,2,336,1,0.771181,-8.25,8.77,-3.0919,-8.25,8.77,-3.0919,0,0,0,3840,5.39604e+08,1.27226e+12,0,profile_only
L0_relaunch3,ad6bb15,W0,2,337,1,0.881468,-8.55,8.72,-3.0419,-8.55,8.72,-3.0419,0,0,0,3840,4.96482e+08,1.28878e+12,0,profile_only
L0_relaunch3,ad6bb15,W0,2,338,1,0.814605,-8.7,8.67,-2.9919,-8.7,8.67,-2.9919,0,0,0,3840,5.24119e+08,1.30159e+12,0,profile_only
L0_relaunch3,ad6bb15,W0,2,339,1,0.785148,-8.9,8.62,-2.9419,-8.9,8.62,-2.9419,0,0,0,3840,4.67804e+08,1.31871e+12,0,profile_only
L0_relaunch3,ad6bb15,W0,2,340,1,0.837347,-9.1,8.57,-2.8919,-9.1,8.57,-2.8919,0,0,0,3840,4.70567e+08,1.3358e+12,0,profile_only
L0_relaunch3,ad6bb15,W0,2,341,1,0.870149,-9.3,8.52,-2.8419,-9.3,8.52,-2.8419,0,0,0,3840,4.73801e+08,1.35589e+12,0,profile_only
L0_relaunch3,ad6bb15,W0,2,342,1,0.870196,-9.4,8.47,-2.7919,-9.4,8.47,-2.7919,0,0,0,3840,4.57849e+08,1.36506e+12,0,profile_only
L0_relaunch3,ad6bb15,W0,2,343,1,0.815603,-9.55,8.42,-2.7419,-9.55,8.42,-2.7419,0,0,0,3840,4.40931e+08,1.3921e+12,0,profile_only
L0_relaunch3,ad6bb15,W0,2,344,1,0.839437,-9.75,8.32,-2.6919,-9.75,8.32,-2.6919,0,0,0,3840,5.02931e+08,1.42048e+12,0,profile_only
L0_relaunch3,ad6bb15,W0,2,345,1,0.768108,-10,8.12,-2.5919,-10,8.12,-2.5919,0,0,0,3840,5.28121e+08,1.43824e+12,0,profile_only
L0_relaunch3,ad6bb15,W0,2,346,1,0.830995,-10.15,8.02,-2.5419,-10.15,8.02,-2.5419,0,0,0,3840,5.40003e+08,1.47986e+12,0,profile_only
L0_relaunch3,ad6bb15,W0,2,347,1,0.834547,-10.35,7.87,-2.4419,-10.35,7.87,-2.4419,0,0,0,3840,5.39626e+08,1.48524e+12,0,profile_only
L0_relaunch3,ad6bb15,W0,2,348,1,0.886227,-10.6,7.62,-2.3419,-10.6,7.62,-2.3419,0,0,0,3840,5.50537e+08,1.50094e+12,0,profile_only
L0_relaunch3,ad6bb15,W0,2,349,1,0.880414,-10.65,7.52,-2.2919,-10.65,7.52,-2.2919,0,0,0,3840,5.43243e+08,1.48318e+12,0,profile_only
L0_relaunch3,ad6bb15,W0,2,350,1,0.888088,-10.85,7.27,-2.1919,-10.85,7.27,-2.1919,0,0,0,3840,5.19377e+08,1.49401e+12,0,profile_only
L0_relaunch3,ad6bb15,W0,2,351,1,0.863263,-10.9,7.12,-2.1419,-10.9,7.12,-2.1419,0,0,0,3840,4.51687e+08,1.45468e+12,0,profile_only
L0_relaunch3,ad6bb15,W0,2,352,1,0.870828,-11.05,6.87,-2.0419,-11.05,6.87,-2.0419,0,0,0,3840,5.62332e+08,1.43558e+12,0,profile_only
L0_relaunch3,ad6bb15,W0,2,353,1,0.858914,-11.1,6.72,-1.9919,-11.1,6.72,-1.9919,0,0,0,3840,4.44078e+08,1.37943e+12,0,profile_only
L0_relaunch3,ad6bb15,W0,2,354,1,0.799151,-11.15,6.47,-1.9419,-11.15,6.47,-1.9419,0,0,0,3840,4.49e+08,1.35552e+12,0,profile_only
L0_relaunch3,ad6bb15,W0,2,355,1,0.772683,-11.25,6.17,-1.7919,-11.25,6.17,-1.7919,0,0,0,3840,4.59451e+08,1.35706e+12,0,profile_only
L0_relaunch3,ad6bb15,W0,2,356,1,0.825697,-11.25,5.92,-1.7419,-11.25,5.92,-1.7419,0,0,0,3840,4.56588e+08,1.37302e+12,0,profile_only
L0_relaunch3,ad6bb15,W0,2,357,1,0.740597,-11.3,5.57,-1.5919,-11.3,5.57,-1.5919,0,0,0,3840,5.79367e+08,1.40656e+12,0,profile_only
L0_relaunch3,ad6bb15,W0,2,358,1,0.831095,-11.25,5.22,-1.4919,-11.25,5.22,-1.4919,0,0,0,3840,5.94281e+08,1.46322e+12,0,profile_only
L0_relaunch3,ad6bb15,W0,2,359,1,0.758644,-11.25,5.02,-1.3919,-11.25,5.02,-1.3919,0,0,0,3840,5.36564e+08,1.52746e+12,0,profile_only
L0_relaunch3,ad6bb15,W0,2,360,1,0.773893,-11.1,4.72,-1.1919,-11.1,4.72,-1.1919,0,0,0,3840,6.59234e+08,1.55644e+12,0,profile_only
L0_relaunch3,ad6bb15,W0,2,361,1,0.761195,-10.95,4.52,-1.0419,-10.95,4.52,-1.0419,0,0,0,3840,6.83019e+08,1.62451e+12,0,profile_only
L0_relaunch3,ad6bb15,W0,2,362,1,0.729073,-10.65,4.32,-0.741899,-10.65,4.32,-0.741899,0,0,0,3840,6.90328e+08,1.65225e+12,0,profile_only
L0_relaunch3,ad6bb15,W0,2,363,1,0.675121,-10.2,4.12,-0.391899,-10.2,4.12,-0.391899,0,0,0,3840,6.99161e+08,1.70914e+12,0,profile_only
L0_relaunch3,ad6bb15,W0,2,364,1,0.74779,-9.55,4.07,-0.0918989,-9.55,4.07,-0.0918989,0,0,0,3840,7.01869e+08,1.79565e+12,0,profile_only
L0_relaunch3,ad6bb15,W0,2,365,1,0.711261,-9.25,4.02,-0.0418989,-9.25,4.02,-0.0418989,0,0,0,3840,4.57384e+08,1.91313e+12,0,profile_only
L0_relaunch3,ad6bb15,W0,2,366,1,0.712072,-8.55,3.97,-0.141899,-8.55,3.97,-0.141899,0,0,0,3840,3.59266e+08,1.86969e+12,0,profile_only
L0_relaunch3,ad6bb15,W0,2,367,1,0.800306,-7.9,3.82,-0.291899,-7.9,3.82,-0.291899,0,0,0,3840,2.6739e+08,1.80432e+12,0,profile_only
L0_relaunch3,ad6bb15,W0,2,368,1,0.86707,-7.4,3.57,-0.341899,-7.4,3.57,-0.341899,0,0,0,3840,3.49154e+08,1.78359e+12,0,profile_only
L0_relaunch3,ad6bb15,W0,2,369,1,0.882522,-7.2,3.47,-0.391899,-7.2,3.47,-0.391899,0,0,0,3840,3.67291e+08,1.77578e+12,0,profile_only
L0_relaunch3,ad6bb15,W0,2,370,1,0.892889,-6.95,3.37,-0.441899,-6.95,3.37,-0.441899,0,0,0,3840,3.62605e+08,1.7659e+12,0,profile_only
L0_relaunch3,ad6bb15,W0,2,371,1,0.831124,-6.9,3.32,-0.441899,-6.9,3.32,-0.441899,0,0,0,3840,3.9558e+08,1.7726e+12,0,profile_only
L0_relaunch3,ad6bb15,W0,2,372,1,0.819029,-6.5,3.12,-0.441899,-6.5,3.12,-0.441899,0,0,0,3840,4.27264e+08,1.76356e+12,0,profile_only
L0_relaunch3,ad6bb15,W0,2,373,1,0.798006,-6.15,2.97,-0.441899,-6.15,2.97,-0.441899,0,0,0,3840,3.85323e+08,1.77226e+12,0,profile_only
L0_relaunch3,ad6bb15,W0,2,374,1,0.801147,-5.65,2.72,-0.441899,-5.65,2.72,-0.441899,0,0,0,3840,4.10341e+08,1.78187e+12,0,profile_only
L0_relaunch3,ad6bb15,W0,2,375,1,0.848633,-5.2,2.52,-0.441899,-5.2,2.52,-0.441899,0,0,0,3840,4.22818e+08,1.79367e+12,0,profile_only
L0_relaunch3,ad6bb15,W0,2,376,1,0.794899,-5,2.42,-0.441899,-5,2.42,-0.441899,0,0,0,3840,4.11211e+08,1.79512e+12,0,profile_only
L0_relaunch3,ad6bb15,W0,2,377,1,0.830756,-4.5,2.17,-0.491899,-4.5,2.17,-0.491899,0,0,0,3840,3.47304e+08,1.81639e+12,0,profile_only
L0_relaunch3,ad6bb15,W0,2,378,1,0.797943,-3.9,1.82,-0.491899,-3.9,1.82,-0.491899,0,0,0,3840,4.25151e+08,1.80292e+12,0,profile_only
L0_relaunch3,ad6bb15,W0,2,379,1,0.808819,-3.6,1.62,-0.541899,-3.6,1.62,-0.541899,0,0,0,3840,3.73664e+08,1.7762e+12,0,profile_only
L0_relaunch3,ad6bb15,W0,2,380,1,0.770978,-3.2,1.37,-0.591899,-3.2,1.37,-0.591899,0,0,0,3840,3.53787e+08,1.7908e+12,0,profile_only
L0_relaunch3,ad6bb15,W0,2,381,1,0.770877,-3.15,1.27,-0.691899,-3.15,1.27,-0.691899,0,0,0,3840,3.46736e+08,1.80735e+12,0,profile_only
L0_relaunch3,ad6bb15,W0,2,382,1,0.804386,-2.9,1.02,-0.741899,-2.9,1.02,-0.741899,0,0,0,3840,3.30239e+08,1.82977e+12,0,profile_only
L0_relaunch3,ad6bb15,W0,2,383,1,0.832258,-2.7,0.82,-0.741899,-2.7,0.82,-0.741899,0,0,0,3840,3.80467e+08,1.83056e+12,0,profile_only
L0_relaunch3,ad6bb15,W0,2,384,1,0.803272,-2.6,0.72,-0.791899,-2.6,0.72,-0.791899,0,0,0,3840,3.59768e+08,1.81354e+12,0,profile_only
L0_relaunch3,ad6bb15,W0,2,385,1,0.814554,-2.4,0.52,-0.791899,-2.4,0.52,-0.791899,0,0,0,3840,4.20475e+08,1.78629e+12,0,profile_only
L0_relaunch3,ad6bb15,W0,2,386,1,0.822412,-2.25,0.32,-0.791899,-2.25,0.32,-0.791899,0,0,0,3840,4.75027e+08,1.70908e+12,0,profile_only
L0_relaunch3,ad6bb15,W0,2,387,1,0.827117,-1.9,0.07,-0.641899,-1.9,0.07,-0.641899,0,0,0,3840,5.87088e+08,1.66034e+12,0,profile_only
L0_relaunch3,ad6bb15,W0,2,388,1,0.785747,-1.65,-0.08,-0.541899,-1.65,-0.08,-0.541899,0,0,0,3840,4.55486e+08,1.65521e+12,0,profile_only
L0_relaunch3,ad6bb15,W0,2,389,1,0.77359,-1.2,-0.28,-0.391899,-1.2,-0.28,-0.391899,0,0,0,3840,5.33176e+08,1.64413e+12,0,profile_only
L0_relaunch3,ad6bb15,W0,2,390,1,0.89797,-0.6,-0.48,-0.341899,-0.6,-0.48,-0.341899,0,0,0,3840,4.08141e+08,1.64387e+12,0,profile_only
L0_relaunch3,ad6bb15,W0,2,391,1,0.707968,-0.4,-0.53,-0.341899,-0.4,-0.53,-0.341899,0,0,0,3840,3.87906e+08,1.66143e+12,0,profile_only
L0_relaunch3,ad6bb15,W0,2,392,1,0.874902,0.45,-0.68,-0.0918989,0.45,-0.68,-0.0918989,0,0,0,3840,7.45493e+08,1.65699e+12,0,profile_only
L0_relaunch3,ad6bb15,W0,2,393,1,0.819129,0.6,-0.68,-0.0418989,0.6,-0.68,-0.0418989,0,0,0,3840,5.04351e+08,1.72119e+12,0,profile_only
L0_relaunch3,ad6bb15,W0,2,394,1,0.850142,0.85,-0.68,0.0581011,0.85,-0.68,0.0581011,0,0,0,3840,5.05611e+08,1.73191e+12,0,profile_only
L0_relaunch3,ad6bb15,W0,2,395,1,0.739388,1.15,-0.58,0.158101,1.15,-0.58,0.158101,0,0,0,3840,5.23691e+08,1.73354e+12,0,profile_only
L0_relaunch3,ad6bb15,W0,2,396,1,0.746419,1.45,-0.48,0.258101,1.45,-0.48,0.258101,0,0,0,3840,5.11572e+08,1.73357e+12,0,profile_only
L0_relaunch3,ad6bb15,W0,2,397,1,0.764622,1.7,-0.38,0.358101,1.7,-0.38,0.358101,0,0,0,3840,5.04494e+08,1.72878e+12,0,profile_only
L0_relaunch3,ad6bb15,W0,2,398,1,0.786454,1.95,-0.33,0.408101,1.95,-0.33,0.408101,0,0,0,3840,6.03148e+08,1.73289e+12,0,profile_only
L0_relaunch3,ad6bb15,W0,2,399,1,0.91616,2.15,-0.18,0.508101,2.15,-0.18,0.508101,0,0,0,3840,5.92419e+08,1.72587e+12,0,profile_only
L0_relaunch3,ad6bb15,W0,2,400,1,0.833292,2.35,-0.03,0.608101,2.35,-0.03,0.608101,0,0,0,3840,5.58025e+08,1.72196e+12,0,profile_only
L0_relaunch3,ad6bb15,W0,2,401,1,0.868751,2.55,0.12,0.658101,2.55,0.12,0.658101,0,0,0,3840,5.55656e+08,1.71121e+12,0,profile_only
L0_relaunch3,ad6bb15,W0,2,402,1,0.894205,2.75,0.32,0.758101,2.75,0.32,0.758101,0,0,0,3840,5.72847e+08,1.69242e+12,0,profile_only
L0_relaunch3,ad6bb15,W0,2,403,1,0.882759,2.95,0.57,0.858101,2.95,0.57,0.858101,0,0,0,3840,5.39548e+08,1.6792e+12,0,profile_only
L0_relaunch3,ad6bb15,W0,2,404,1,0.851851,3.1,0.77,0.958101,3.1,0.77,0.958101,0,0,0,3840,5.74265e+08,1.66327e+12,0,profile_only
L0_relaunch3,ad6bb15,W0,2,405,1,0.850766,3.15,0.92,1.0081,3.15,0.92,1.0081,0,0,0,3840,4.87474e+08,1.6743e+12,0,profile_only
L0_relaunch3,ad6bb15,W0,2,406,1,0.886543,3.3,1.17,1.1081,3.3,1.17,1.1081,0,0,0,3840,5.47636e+08,1.70259e+12,0,profile_only
L0_relaunch3,ad6bb15,W0,2,407,1,0.805434,3.35,1.37,1.1581,3.35,1.37,1.1581,0,0,0,3840,5.03777e+08,1.71306e+12,0,profile_only
L0_relaunch3,ad6bb15,W0,2,408,1,0.857282,3.5,1.77,1.3081,3.5,1.77,1.3081,0,0,0,3840,5.16632e+08,1.72944e+12,0,profile_only
L0_relaunch3,ad6bb15,W0,2,409,1,0.860387,3.5,1.92,1.3581,3.5,1.92,1.3581,0,0,0,3840,4.76415e+08,1.72603e+12,0,profile_only
L0_relaunch3,ad6bb15,W0,2,410,1,0.749749,3.55,2.17,1.4581,3.55,2.17,1.4581,0,0,0,3840,4.73831e+08,1.73482e+12,0,profile_only
L0_relaunch3,ad6bb15,W0,2,411,1,0.82752,3.55,2.52,1.5581,3.55,2.52,1.5581,0,0,0,3840,4.9192e+08,1.7483e+12,0,profile_only
L0_relaunch3,ad6bb15,W0,2,412,1,0.687279,3.5,2.77,1.6081,3.5,2.77,1.6081,0,0,0,3840,5.30262e+08,1.7625e+12,0,profile_only
L0_relaunch3,ad6bb15,W0,2,413,1,0.761904,3.45,3.22,1.7581,3.45,3.22,1.7581,0,0,0,3840,6.2268e+08,1.79017e+12,0,profile_only
L0_relaunch3,ad6bb15,W0,2,414,1,0.80382,3.35,3.52,1.8581,3.35,3.52,1.8581,0,0,0,3840,5.84159e+08,1.82042e+12,0,profile_only
L0_relaunch3,ad6bb15,W0,2,415,1,0.853988,3.15,3.82,1.9581,3.15,3.82,1.9581,0,0,0,3840,5.79461e+08,1.8413e+12,0,profile_only
L0_relaunch3,ad6bb15,W0,2,416,1,0.920622,3.05,4.07,2.0581,3.05,4.07,2.0581,0,0,0,3840,5.53547e+08,1.85232e+12,0,profile_only
L0_relaunch3,ad6bb15,W0,2,417,1,0.930371,2.85,4.32,2.1581,2.85,4.32,2.1581,0,0,0,3840,5.67357e+08,1.83089e+12,0,profile_only
L0_relaunch3,ad6bb15,W0,2,418,1,0.918321,2.8,4.42,2.2081,2.8,4.42,2.2081,0,0,0,3840,5.29122e+08,1.79845e+12,0,profile_only
L0_relaunch3,ad6bb15,W0,2,419,1,0.874096,2.7,4.52,2.2581,2.7,4.52,2.2581,0,0,0,3840,5.07302e+08,1.77381e+12,0,profile_only
L0_relaunch3,ad6bb15,W0,2,420,1,0.857086,2.35,4.87,2.4081,2.35,4.87,2.4081,0,0,0,3840,5.60286e+08,1.74839e+12,0,profile_only
L0_relaunch3,ad6bb15,W0,2,421,1,0.870439,2.1,5.02,2.5081,2.1,5.02,2.5081,0,0,0,3840,5.60774e+08,1.73035e+12,0,profile_only
L0_relaunch3,ad6bb15,W0,2,422,1,0.820551,1.7,5.27,2.6581,1.7,5.27,2.6581,0,0,0,3840,5.60595e+08,1.73881e+12,0,profile_only
L0_relaunch3,ad6bb15,W0,2,423,1,0.801418,1.5,5.27,2.7581,1.5,5.27,2.7581,0,0,0,3840,5.92537e+08,1.74545e+12,0,profile_only
L0_relaunch3,ad6bb15,W0,2,424,1,0.842604,0.65,5.62,2.8581,0.65,5.62,2.8581,0,0,0,3840,5.09415e+08,1.75651e+12,0,profile_only
L0_relaunch3,ad6bb15,W0,2,425,1,0.853567,0.25,5.77,2.8581,0.25,5.77,2.8581,0,0,0,3840,4.27221e+08,1.7536e+12,0,profile_only
L0_relaunch3,ad6bb15,W0,2,426,1,0.898699,8.97893e-15,5.82,2.8081,8.97893e-15,5.82,2.8081,0,0,0,3840,3.91787e+08,1.74883e+12,0,profile_only
L0_relaunch3,ad6bb15,W0,2,427,1,0.933134,-0.3,5.92,2.8081,-0.3,5.92,2.8081,0,0,0,3840,4.30751e+08,1.75397e+12,0,profile_only
L0_relaunch3,ad6bb15,W0,2,428,1,0.928171,-0.4,5.97,2.8081,-0.4,5.97,2.8081,0,0,0,3840,4.27836e+08,1.77597e+12,0,profile_only
L0_relaunch3,ad6bb15,W0,2,429,1,0.919523,-0.65,6.07,2.8081,-0.65,6.07,2.8081,0,0,0,3840,4.39166e+08,1.77703e+12,0,profile_only
L0_relaunch3,ad6bb15,W0,2,430,1,0.924728,-0.8,6.12,2.8081,-0.8,6.12,2.8081,0,0,0,3840,4.5276e+08,1.79512e+12,0,profile_only
L0_relaunch3,ad6bb15,W0,2,431,1,0.885912,-0.95,6.17,2.7581,-0.95,6.17,2.7581,0,0,0,3840,3.6697e+08,1.81072e+12,0,profile_only
L0_relaunch3,ad6bb15,W0,2,432,1,0.906913,-1.15,6.27,2.7581,-1.15,6.27,2.7581,0,0,0,3840,4.08902e+08,1.8189e+12,0,profile_only
L0_relaunch3,ad6bb15,W0,2,433,1,0.885752,-1.3,6.32,2.7581,-1.3,6.32,2.7581,0,0,0,3840,4.13927e+08,1.83706e+12,0,profile_only
L0_relaunch3,ad6bb15,W0,2,434,1,0.862324,-1.5,6.42,2.7081,-1.5,6.42,2.7081,0,0,0,3840,3.89595e+08,1.8631e+12,0,profile_only
L0_relaunch3,ad6bb15,W0,2,435,1,0.822281,-1.55,6.47,2.7081,-1.55,6.47,2.7081,0,0,0,3840,3.95945e+08,1.85917e+12,0,profile_only
L0_relaunch3,ad6bb15,W0,2,436,1,0.800668,-1.75,6.57,2.7081,-1.75,6.57,2.7081,0,0,0,3840,4.09941e+08,1.86222e+12,0,profile_only
L0_relaunch3,ad6bb15,W0,2,437,1,0.785921,-1.75,6.57,2.7081,-1.75,6.57,2.7081,0,0,0,3840,4.34118e+08,1.86096e+12,0,profile_only
L0_relaunch3,ad6bb15,W0,2,438,1,0.768704,-1.75,6.57,2.7081,-1.75,6.57,2.7081,0,0,0,3840,4.34076e+08,1.86094e+12,0,profile_only
L0_relaunch3,ad6bb15,W0,2,439,1,0.774087,-1.75,6.57,2.7081,-1.75,6.57,2.7081,0,0,0,3840,4.35976e+08,1.86083e+12,0,profile_only
L0_relaunch3,ad6bb15,W0,2,440,1,0.779326,-1.75,6.57,2.7081,-1.75,6.57,2.7081,0,0,0,3840,4.36054e+08,1.86083e+12,0,profile_only
L0_relaunch3,ad6bb15,W0,2,441,1,0.772632,-1.75,6.57,2.7081,-1.75,6.57,2.7081,0,0,0,3840,4.36061e+08,1.86112e+12,0,profile_only
L0_relaunch3,ad6bb15,W0,2,442,1,0.78723,-1.75,6.57,2.7081,-1.75,6.57,2.7081,0,0,0,3840,4.3406e+08,1.86072e+12,0,profile_only
L0_relaunch3,ad6bb15,W0,2,443,1,0.785953,-1.75,6.57,2.7081,-1.75,6.57,2.7081,0,0,0,3840,4.35937e+08,1.86037e+12,0,profile_only
L0_relaunch3,ad6bb15,W0,2,444,1,0.782866,-1.8,6.57,2.7081,-1.8,6.57,2.7081,0,0,0,3840,4.36067e+08,1.86052e+12,0,profile_only
L0_relaunch3,ad6bb15,W0,2,445,1,0.775818,-1.8,6.57,2.7081,-1.8,6.57,2.7081,0,0,0,3840,4.4713e+08,1.8651e+12,0,profile_only
L0_relaunch3,ad6bb15,W0,2,446,1,0.777595,-1.75,6.57,2.7081,-1.75,6.57,2.7081,0,0,0,3840,4.47121e+08,1.86454e+12,0,profile_only
L0_relaunch3,ad6bb15,W0,2,447,1,0.775364,-1.75,6.57,2.7081,-1.75,6.57,2.7081,0,0,0,3840,4.35988e+08,1.86086e+12,0,profile_only
L0_relaunch3,ad6bb15,W0,2,448,1,0.776594,-1.8,6.57,2.7081,-1.8,6.57,2.7081,0,0,0,3840,4.34023e+08,1.86083e+12,0,profile_only
L0_relaunch3,ad6bb15,W0,2,449,1,0.769092,-1.75,6.57,2.7081,-1.75,6.57,2.7081,0,0,0,3840,4.44217e+08,1.86548e+12,0,profile_only
L0_relaunch3,ad6bb15,W0,2,450,1,0.777806,-1.75,6.57,2.7081,-1.75,6.57,2.7081,0,0,0,3840,4.34076e+08,1.8607e+12,0,profile_only
L0_relaunch3,ad6bb15,W0,2,451,1,0.783011,-1.75,6.57,2.7081,-1.75,6.57,2.7081,0,0,0,3840,4.3512e+08,1.86071e+12,0,profile_only
L0_relaunch3,ad6bb15,W0,3,0,1,0.856585,-2,6.82,-3.02553,-2,6.82,-3.02553,0,0,0,3840,4.72652e+08,1.91659e+12,0,profile_only
L0_relaunch3,ad6bb15,W0,3,1,1,0.851024,-2,6.82,-3.02553,-2,6.82,-3.02553,0,0,0,3840,4.67769e+08,1.91625e+12,0,profile_only
L0_relaunch3,ad6bb15,W0,3,2,1,0.843975,-2,6.82,-3.02553,-2,6.82,-3.02553,0,0,0,3840,4.66589e+08,1.91642e+12,0,profile_only
L0_relaunch3,ad6bb15,W0,3,3,1,0.852156,-2,6.82,-3.02553,-2,6.82,-3.02553,0,0,0,3840,4.71556e+08,1.91653e+12,0,profile_only
L0_relaunch3,ad6bb15,W0,3,4,1,0.843652,-2,6.82,-3.02553,-2,6.82,-3.02553,0,0,0,3840,4.72551e+08,1.91642e+12,0,profile_only
L0_relaunch3,ad6bb15,W0,3,5,1,0.852123,-2,6.82,-3.02553,-2,6.82,-3.02553,0,0,0,3840,4.69488e+08,1.91633e+12,0,profile_only
L0_relaunch3,ad6bb15,W0,3,6,1,0.84826,-2,6.82,-3.02553,-2,6.82,-3.02553,0,0,0,3840,4.66587e+08,1.91637e+12,0,profile_only
L0_relaunch3,ad6bb15,W0,3,7,1,0.848227,-2,6.82,-3.02553,-2,6.82,-3.02553,0,0,0,3840,4.69569e+08,1.91642e+12,0,profile_only
L0_relaunch3,ad6bb15,W0,3,8,1,0.846838,-2,6.82,-3.02553,-2,6.82,-3.02553,0,0,0,3840,4.67723e+08,1.91655e+12,0,profile_only
L0_relaunch3,ad6bb15,W0,3,9,1,0.852689,-2,6.82,-3.02553,-2,6.82,-3.02553,0,0,0,3840,4.72537e+08,1.91656e+12,0,profile_only
L0_relaunch3,ad6bb15,W0,3,10,1,0.855098,-2,6.82,-3.02553,-2,6.82,-3.02553,0,0,0,3840,4.64613e+08,1.91626e+12,0,profile_only
L0_relaunch3,ad6bb15,W0,3,11,1,0.843409,-2,6.82,-3.02553,-2,6.82,-3.02553,0,0,0,3840,4.64545e+08,1.91613e+12,0,profile_only
L0_relaunch3,ad6bb15,W0,3,12,1,0.844752,-2,6.82,-3.02553,-2,6.82,-3.02553,0,0,0,3840,4.65833e+08,1.9167e+12,0,profile_only
L0_relaunch3,ad6bb15,W0,3,13,1,0.854387,-2,6.82,-3.02553,-2,6.82,-3.02553,0,0,0,3840,4.64558e+08,1.91635e+12,0,profile_only
L0_relaunch3,ad6bb15,W0,3,14,1,0.838058,-2,6.82,-3.02553,-2,6.82,-3.02553,0,0,0,3840,4.61789e+08,1.91627e+12,0,profile_only
L0_relaunch3,ad6bb15,W0,3,15,1,0.867207,-2.15,6.82,-3.02553,-2.15,6.82,-3.02553,0,0,0,3840,4.74388e+08,1.91302e+12,0,profile_only
L0_relaunch3,ad6bb15,W0,3,16,1,0.816216,-2.3,6.82,-3.02553,-2.3,6.82,-3.02553,0,0,0,3840,4.78652e+08,1.92085e+12,0,profile_only
L0_relaunch3,ad6bb15,W0,3,17,1,0.853193,-2.6,6.77,-3.02553,-2.6,6.77,-3.02553,0,0,0,3840,4.50392e+08,1.93018e+12,0,profile_only
L0_relaunch3,ad6bb15,W0,3,18,1,0.871154,-2.95,6.72,-3.02553,-2.95,6.72,-3.02553,0,0,0,3840,4.82267e+08,1.9835e+12,0,profile_only
L0_relaunch3,ad6bb15,W0,3,19,1,0.940491,-3.4,6.67,-2.97553,-3.4,6.67,-2.97553,0,0,0,3840,5.11587e+08,2.04671e+12,0,profile_only
L0_relaunch3,ad6bb15,W0,3,20,1,0.893994,-3.75,6.62,-2.92553,-3.75,6.62,-2.92553,0,0,0,3840,5.81815e+08,2.06542e+12,0,profile_only
L0_relaunch3,ad6bb15,W0,3,21,1,0.804756,-4.15,6.52,-2.92553,-4.15,6.52,-2.92553,0,0,0,3840,5.4136e+08,1.99516e+12,0,profile_only
L0_relaunch3,ad6bb15,W0,3,22,1,0.77461,-4.5,6.47,-3.07553,-4.5,6.47,-3.07553,0,0,0,3840,4.00166e+08,2.00856e+12,0,profile_only
L0_relaunch3,ad6bb15,W0,3,23,1,0.863003,-5.1,6.67,2.85766,-5.1,6.67,2.85766,0,0,0,3840,3.08308e+08,1.98542e+12,0,profile_only
L0_relaunch3,ad6bb15,W0,3,24,1,0.862712,-5.3,6.72,2.65766,-5.3,6.72,2.65766,0,0,0,3840,2.28125e+08,1.88084e+12,0,profile_only
L0_relaunch3,ad6bb15,W0,3,25,1,0.870697,-5.55,6.97,2.40766,-5.55,6.97,2.40766,0,0,0,3840,1.39558e+08,1.8495e+12,0,profile_only
L0_relaunch3,ad6bb15,W0,3,26,1,0.9024,-5.75,7.27,2.20766,-5.75,7.27,2.20766,0,0,0,3840,2.01908e+08,1.77308e+12,0,profile_only
L0_relaunch3,ad6bb15,W0,3,27,1,0.882886,-5.9,7.52,2.10766,-5.9,7.52,2.10766,0,0,0,3840,3.59421e+08,1.67335e+12,0,profile_only
L0_relaunch3,ad6bb15,W0,3,28,1,0.899911,-6.15,7.97,2.10766,-6.15,7.97,2.10766,0,0,0,3840,4.46054e+08,1.61388e+12,0,profile_only
L0_relaunch3,ad6bb15,W0,3,29,1,0.881482,-6.3,8.17,2.10766,-6.3,8.17,2.10766,0,0,0,3840,5.31597e+08,1.43321e+12,0,profile_only
L0_relaunch3,ad6bb15,W0,3,30,1,0.92623,-6.4,8.37,2.15766,-6.4,8.37,2.15766,0,0,0,3840,5.13571e+08,1.35681e+12,0,profile_only
L0_relaunch3,ad6bb15,W0,3,31,1,0.873432,-6.6,8.57,2.30766,-6.6,8.57,2.30766,0,0,0,3840,5.31807e+08,1.27352e+12,0,profile_only
L0_relaunch3,ad6bb15,W0,3,32,1,0.922334,-6.8,8.72,2.45766,-6.8,8.72,2.45766,0,0,0,3840,5.12519e+08,1.22049e+12,0,profile_only
L0_relaunch3,ad6bb15,W0,3,33,1,0.906089,-6.95,8.82,2.55766,-6.95,8.82,2.55766,0,0,0,3840,5.48945e+08,1.19626e+12,0,profile_only
L0_relaunch3,ad6bb15,W0,3,34,1,0.831641,-7.25,8.92,2.75766,-7.25,8.92,2.75766,0,0,0,3840,5.93021e+08,1.16595e+12,0,profile_only
L0_relaunch3,ad6bb15,W0,3,35,1,0.861356,-7.45,8.92,2.90766,-7.45,8.92,2.90766,0,0,0,3840,5.94602e+08,1.1486e+12,0,profile_only
L0_relaunch3,ad6bb15,W0,3,36,1,0.801233,-7.65,8.92,3.05766,-7.65,8.92,3.05766,0,0,0,3840,5.90107e+08,1.16983e+12,0,profile_only
L0_relaunch3,ad6bb15,W0,3,37,1,0.797435,-7.95,8.92,-3.02553,-7.95,8.92,-3.02553,0,0,0,3840,6.28598e+08,1.20319e+12,0,profile_only
L0_relaunch3,ad6bb15,W0,3,38,1,0.869003,-8.2,8.82,-2.92553,-8.2,8.82,-2.92553,0,0,0,3840,5.81317e+08,1.23845e+12,0,profile_only
L0_relaunch3,ad6bb15,W0,3,39,1,0.75219,-8.4,8.72,-2.87553,-8.4,8.72,-2.87553,0,0,0,3840,5.19257e+08,1.27865e+12,0,profile_only
L0_relaunch3,ad6bb15,W0,3,40,1,0.816804,-8.8,8.62,-2.82553,-8.8,8.62,-2.82553,0,0,0,3840,4.95078e+08,1.34005e+12,0,profile_only
L0_relaunch3,ad6bb15,W0,3,41,1,0.887432,-9,8.57,-2.82553,-9,8.57,-2.82553,0,0,0,3840,4.13136e+08,1.35225e+12,0,profile_only
L0_relaunch3,ad6bb15,W0,3,42,1,0.813165,-9.25,8.47,-2.82553,-9.25,8.47,-2.82553,0,0,0,3840,4.01149e+08,1.37678e+12,0,profile_only
L0_relaunch3,ad6bb15,W0,3,43,1,0.792618,-9.45,8.42,-2.82553,-9.45,8.42,-2.82553,0,0,0,3840,4.32662e+08,1.39804e+12,0,profile_only
L0_relaunch3,ad6bb15,W0,3,44,1,0.828895,-9.7,8.32,-2.77553,-9.7,8.32,-2.77553,0,0,0,3840,4.87473e+08,1.41745e+12,0,profile_only
L0_relaunch3,ad6bb15,W0,3,45,1,0.89238,-9.85,8.27,-2.77553,-9.85,8.27,-2.77553,0,0,0,3840,4.42906e+08,1.43859e+12,0,profile_only
L0_relaunch3,ad6bb15,W0,3,46,1,0.770208,-10,8.22,-2.77553,-10,8.22,-2.77553,0,0,0,3840,4.48158e+08,1.4353e+12,0,profile_only
L0_relaunch3,ad6bb15,W0,3,47,1,0.847066,-10.2,8.12,-2.72553,-10.2,8.12,-2.72553,0,0,0,3840,5.41163e+08,1.42748e+12,0,profile_only
L0_relaunch3,ad6bb15,W0,3,48,1,0.897656,-10.35,8.02,-2.67553,-10.35,8.02,-2.67553,0,0,0,3840,5.15502e+08,1.42402e+12,0,profile_only
L0_relaunch3,ad6bb15,W0,3,49,1,0.893745,-10.5,7.92,-2.62553,-10.5,7.92,-2.62553,0,0,0,3840,5.33646e+08,1.42481e+12,0,profile_only
L0_relaunch3,ad6bb15,W0,3,50,1,0.892575,-10.7,7.82,-2.57553,-10.7,7.82,-2.57553,0,0,0,3840,5.30694e+08,1.41993e+12,0,profile_only
L0_relaunch3,ad6bb15,W0,3,51,1,0.865625,-10.95,7.57,-2.47553,-10.95,7.57,-2.47553,0,0,0,3840,5.49332e+08,1.40588e+12,0,profile_only
L0_relaunch3,ad6bb15,W0,3,52,1,0.927196,-11.05,7.47,-2.42553,-11.05,7.47,-2.42553,0,0,0,3840,5.66862e+08,1.39133e+12,0,profile_only
L0_relaunch3,ad6bb15,W0,3,53,1,0.862596,-11.2,7.32,-2.32553,-11.2,7.32,-2.32553,0,0,0,3840,5.52084e+08,1.38507e+12,0,profile_only
L0_relaunch3,ad6bb15,W0,3,54,1,0.895855,-11.25,7.22,-2.27553,-11.25,7.22,-2.27553,0,0,0,3840,5.65806e+08,1.36209e+12,0,profile_only
L0_relaunch3,ad6bb15,W0,3,55,1,0.857795,-11.4,7.02,-2.17553,-11.4,7.02,-2.17553,0,0,0,3840,5.25703e+08,1.3639e+12,0,profile_only
L0_relaunch3,ad6bb15,W0,3,56,1,0.846482,-11.45,6.87,-2.07553,-11.45,6.87,-2.07553,0,0,0,3840,5.50151e+08,1.34297e+12,0,profile_only
L0_relaunch3,ad6bb15,W0,3,57,1,0.79873,-11.55,6.62,-1.97553,-11.55,6.62,-1.97553,0,0,0,3840,5.12567e+08,1.34155e+12,0,profile_only
L0_relaunch3,ad6bb15,W0,3,58,1,0.771653,-11.6,6.42,-1.87553,-11.6,6.42,-1.87553,0,0,0,3840,5.78393e+08,1.32655e+12,0,profile_only
L0_relaunch3,ad6bb15,W0,3,59,1,0.758968,-11.6,6.22,-1.77553,-11.6,6.22,-1.77553,0,0,0,3840,5.35869e+08,1.32672e+12,0,profile_only
L0_relaunch3,ad6bb15,W0,3,60,1,0.808301,-11.6,5.92,-1.62553,-11.6,5.92,-1.62553,0,0,0,3840,5.74998e+08,1.33575e+12,0,profile_only
L0_relaunch3,ad6bb15,W0,3,61,1,0.791156,-11.6,5.72,-1.52553,-11.6,5.72,-1.52553,0,0,0,3840,5.44168e+08,1.35355e+12,0,profile_only
L0_relaunch3,ad6bb15,W0,3,62,1,0.769718,-11.55,5.47,-1.42553,-11.55,5.47,-1.42553,0,0,0,3840,5.31164e+08,1.38902e+12,0,profile_only
L0_relaunch3,ad6bb15,W0,3,63,1,0.786667,-11.45,5.27,-1.32553,-11.45,5.27,-1.32553,0,0,0,3840,5.11985e+08,1.4404e+12,0,profile_only
L0_relaunch3,ad6bb15,W0,3,64,1,0.721327,-11.35,5.02,-1.22553,-11.35,5.02,-1.22553,0,0,0,3840,5.95032e+08,1.5109e+12,0,profile_only
L0_relaunch3,ad6bb15,W0,3,65,1,0.759329,-11.15,4.67,-1.02553,-11.15,4.67,-1.02553,0,0,0,3840,6.89836e+08,1.56904e+12,0,profile_only
L0_relaunch3,ad6bb15,W0,3,66,1,0.779246,-10.95,4.52,-0.825528,-10.95,4.52,-0.825528,0,0,0,3840,7.20195e+08,1.62118e+12,0,profile_only
L0_relaunch3,ad6bb15,W0,3,67,1,0.74321,-10.7,4.37,-0.575528,-10.7,4.37,-0.575528,0,0,0,3840,6.45619e+08,1.66562e+12,0,profile_only
L0_relaunch3,ad6bb15,W0,3,68,1,0.782993,-10.25,4.22,-0.275528,-10.25,4.22,-0.275528,0,0,0,3840,6.88996e+08,1.71468e+12,0,profile_only
L0_relaunch3,ad6bb15,W0,3,69,1,0.756162,-10,4.22,-0.125528,-10,4.22,-0.125528,0,0,0,3840,5.59069e+08,1.82805e+12,0,profile_only
L0_relaunch3,ad6bb15,W0,3,70,1,0.70101,-9.5,4.12,-0.0755283,-9.5,4.12,-0.0755283,0,0,0,3840,4.4444e+08,1.90168e+12,0,profile_only
L0_relaunch3,ad6bb15,W0,3,71,1,0.693747,-8.8,4.07,-0.175528,-8.8,4.07,-0.175528,0,0,0,3840,3.82392e+08,1.89521e+12,0,profile_only
L0_relaunch3,ad6bb15,W0,3,72,1,0.748953,-8.4,3.92,-0.325528,-8.4,3.92,-0.325528,0,0,0,3840,2.88483e+08,1.89175e+12,0,profile_only
L0_relaunch3,ad6bb15,W0,3,73,1,0.746903,-8,3.67,-0.375528,-8,3.67,-0.375528,0,0,0,3840,3.41325e+08,1.83923e+12,0,profile_only
L0_relaunch3,ad6bb15,W0,3,74,1,0.802322,-7.45,3.42,-0.425528,-7.45,3.42,-0.425528,0,0,0,3840,3.47356e+08,1.81032e+12,0,profile_only
L0_relaunch3,ad6bb15,W0,3,75,1,0.888188,-7.2,3.32,-0.475528,-7.2,3.32,-0.475528,0,0,0,3840,4.17018e+08,1.79684e+12,0,profile_only
L0_relaunch3,ad6bb15,W0,3,76,1,0.873927,-7.05,3.22,-0.475528,-7.05,3.22,-0.475528,0,0,0,3840,4.27518e+08,1.7915e+12,0,profile_only
L0_relaunch3,ad6bb15,W0,3,77,1,0.846714,-6.9,3.12,-0.475528,-6.9,3.12,-0.475528,0,0,0,3840,3.81472e+08,1.79405e+12,0,profile_only
L0_relaunch3,ad6bb15,W0,3,78,1,0.873383,-6.6,2.97,-0.525528,-6.6,2.97,-0.525528,0,0,0,3840,3.57308e+08,1.79925e+12,0,profile_only
L0_relaunch3,ad6bb15,W0,3,79,1,0.844771,-6.45,2.87,-0.525528,-6.45,2.87,-0.525528,0,0,0,3840,3.73586e+08,1.79357e+12,0,profile_only
L0_relaunch3,ad6bb15,W0,3,80,1,0.797273,-6.25,2.77,-0.575528,-6.25,2.77,-0.575528,0,0,0,3840,3.89947e+08,1.79571e+12,0,profile_only
L0_relaunch3,ad6bb15,W0,3,81,1,0.86414,-5.9,2.52,-0.575528,-5.9,2.52,-0.575528,0,0,0,3840,4.15032e+08,1.80161e+12,0,profile_only
L0_relaunch3,ad6bb15,W0,3,82,1,0.794345,-5.7,2.37,-0.575528,-5.7,2.37,-0.575528,0,0,0,3840,4.24743e+08,1.79874e+12,0,profile_only
L0_relaunch3,ad6bb15,W0,3,83,1,0.8067,-5.3,2.07,-0.625528,-5.3,2.07,-0.625528,0,0,0,3840,4.0947e+08,1.81537e+12,0,profile_only
L0_relaunch3,ad6bb15,W0,3,84,1,0.831354,-5,1.87,-0.625528,-5,1.87,-0.625528,0,0,0,3840,4.20196e+08,1.81201e+12,0,profile_only
L0_relaunch3,ad6bb15,W0,3,85,1,0.8261,-4.75,1.67,-0.625528,-4.75,1.67,-0.625528,0,0,0,3840,4.4875e+08,1.82349e+12,0,profile_only
L0_relaunch3,ad6bb15,W0,3,86,1,0.772734,-4.6,1.57,-0.625528,-4.6,1.57,-0.625528,0,0,0,3840,4.66687e+08,1.82166e+12,0,profile_only
L0_relaunch3,ad6bb15,W0,3,87,1,0.880126,-4.25,1.37,-0.525528,-4.25,1.37,-0.525528,0,0,0,3840,5.4049e+08,1.86753e+12,0,profile_only
L0_relaunch3,ad6bb15,W0,3,88,1,0.818835,-4.05,1.27,-0.475528,-4.05,1.27,-0.475528,0,0,0,3840,4.62909e+08,1.85546e+12,0,profile_only
L0_relaunch3,ad6bb15,W0,3,89,1,0.874223,-3.9,1.22,-0.425528,-3.9,1.22,-0.425528,0,0,0,3840,4.69911e+08,1.85733e+12,0,profile_only
L0_relaunch3,ad6bb15,W0,3,90,1,0.84296,-3.75,1.17,-0.425528,-3.75,1.17,-0.425528,0,0,0,3840,3.91491e+08,1.84846e+12,0,profile_only
L0_relaunch3,ad6bb15,W0,3,91,1,0.891974,-3.5,1.07,-0.425528,-3.5,1.07,-0.425528,0,0,0,3840,4.05199e+08,1.80371e+12,0,profile_only
L0_relaunch3,ad6bb15,W0,3,92,1,0.864087,-3.35,0.97,-0.425528,-3.35,0.97,-0.425528,0,0,0,3840,3.79395e+08,1.7756e+12,0,profile_only
L0_relaunch3,ad6bb15,W0,3,93,1,0.8826,-3.15,0.87,-0.475528,-3.15,0.87,-0.475528,0,0,0,3840,3.26971e+08,1.75926e+12,0,profile_only
L0_relaunch3,ad6bb15,W0,3,94,1,0.854162,-3,0.77,-0.525528,-3,0.77,-0.525528,0,0,0,3840,3.19549e+08,1.76056e+12,0,profile_only
L0_relaunch3,ad6bb15,W0,3,95,1,0.920589,-2.85,0.67,-0.575528,-2.85,0.67,-0.575528,0,0,0,3840,3.45712e+08,1.77328e+12,0,profile_only
L0_relaunch3,ad6bb15,W0,3,96,1,0.828021,-2.65,0.52,-0.575528,-2.65,0.52,-0.575528,0,0,0,3840,3.959e+08,1.77512e+12,0,profile_only
L0_relaunch3,ad6bb15,W0,3,97,1,0.739395,-2.45,0.37,-0.625528,-2.45,0.37,-0.625528,0,0,0,3840,4.07048e+08,1.77363e+12,0,profile_only
L0_relaunch3,ad6bb15,W0,3,98,1,0.821037,-2.2,0.17,-0.625528,-2.2,0.17,-0.625528,0,0,0,3840,4.47581e+08,1.71678e+12,0,profile_only
L0_relaunch3,ad6bb15,W0,3,99,1,0.82592,-1.95,0.02,-0.575528,-1.95,0.02,-0.575528,0,0,0,3840,4.83514e+08,1.67003e+12,0,profile_only
L0_relaunch3,ad6bb15,W0,3,100,1,0.828198,-1.55,-0.18,-0.475528,-1.55,-0.18,-0.475528,0,0,0,3840,5.6216e+08,1.64915e+12,0,profile_only
L0_relaunch3,ad6bb15,W0,3,101,1,0.837525,-1.2,-0.33,-0.375528,-1.2,-0.33,-0.375528,0,0,0,3840,5.36813e+08,1.63898e+12,0,profile_only
L0_relaunch3,ad6bb15,W0,3,102,1,0.784858,-1,-0.38,-0.325528,-1,-0.38,-0.325528,0,0,0,3840,4.10424e+08,1.63385e+12,0,profile_only
L0_relaunch3,ad6bb15,W0,3,103,1,0.826276,-0.45,-0.48,-0.175528,-0.45,-0.48,-0.175528,0,0,0,3840,5.26424e+08,1.63663e+12,0,profile_only
L0_relaunch3,ad6bb15,W0,3,104,1,0.738847,-0.1,-0.53,-0.0755283,-0.1,-0.53,-0.0755283,0,0,0,3840,4.45599e+08,1.68001e+12,0,profile_only
L0_relaunch3,ad6bb15,W0,3,105,1,0.818255,0.35,-0.53,0.0244717,0.35,-0.53,0.0244717,0,0,0,3840,5.79238e+08,1.71031e+12,0,profile_only
L0_relaunch3,ad6bb15,W0,3,106,1,0.815752,0.55,-0.48,0.0744717,0.55,-0.48,0.0744717,0,0,0,3840,4.81823e+08,1.73966e+12,0,profile_only
L0_relaunch3,ad6bb15,W0,3,107,1,0.680858,0.8,-0.43,0.124472,0.8,-0.43,0.124472,0,0,0,3840,5.03947e+08,1.75164e+12,0,profile_only
L0_relaunch3,ad6bb15,W0,3,108,1,0.807883,1.15,-0.33,0.224472,1.15,-0.33,0.224472,0,0,0,3840,5.30536e+08,1.75452e+12,0,profile_only
L0_relaunch3,ad6bb15,W0,3,109,1,0.779754,1.35,-0.28,0.274472,1.35,-0.28,0.274472,0,0,0,3840,4.63156e+08,1.75601e+12,0,profile_only
L0_relaunch3,ad6bb15,W0,3,110,1,0.78484,1.6,-0.23,0.324472,1.6,-0.23,0.324472,0,0,0,3840,4.44065e+08,1.75234e+12,0,profile_only
L0_relaunch3,ad6bb15,W0,3,111,1,0.80628,1.85,-0.08,0.374472,1.85,-0.08,0.374472,0,0,0,3840,5.04118e+08,1.74621e+12,0,profile_only
L0_relaunch3,ad6bb15,W0,3,112,1,0.808264,2,-0.08,0.374472,2,-0.08,0.374472,0,0,0,3840,4.94443e+08,1.74053e+12,0,profile_only
L0_relaunch3,ad6bb15,W0,3,113,1,0.893559,2.3,0.12,0.474472,2.3,0.12,0.474472,0,0,0,3840,5.6536e+08,1.73126e+12,0,profile_only
L0_relaunch3,ad6bb15,W0,3,114,1,0.848067,2.45,0.22,0.524472,2.45,0.22,0.524472,0,0,0,3840,5.04983e+08,1.71861e+12,0,profile_only
L0_relaunch3,ad6bb15,W0,3,115,1,0.826907,2.6,0.32,0.574472,2.6,0.32,0.574472,0,0,0,3840,5.15223e+08,1.70627e+12,0,profile_only
L0_relaunch3,ad6bb15,W0,3,116,1,0.913395,2.8,0.47,0.624472,2.8,0.47,0.624472,0,0,0,3840,4.91872e+08,1.68037e+12,0,profile_only
L0_relaunch3,ad6bb15,W0,3,117,1,0.858493,2.95,0.57,0.674472,2.95,0.57,0.674472,0,0,0,3840,5.24851e+08,1.65332e+12,0,profile_only
L0_relaunch3,ad6bb15,W0,3,118,1,0.902839,3.1,0.77,0.824472,3.1,0.77,0.824472,0,0,0,3840,6.222e+08,1.63654e+12,0,profile_only
L0_relaunch3,ad6bb15,W0,3,119,1,0.848231,3.2,0.92,0.924472,3.2,0.92,0.924472,0,0,0,3840,5.64544e+08,1.64122e+12,0,profile_only
L0_relaunch3,ad6bb15,W0,3,120,1,0.900383,3.3,1.07,1.02447,3.3,1.07,1.02447,0,0,0,3840,5.94763e+08,1.67705e+12,0,profile_only
L0_relaunch3,ad6bb15,W0,3,121,1,0.853469,3.35,1.22,1.12447,3.35,1.22,1.12447,0,0,0,3840,5.61764e+08,1.70036e+12,0,profile_only
L0_relaunch3,ad6bb15,W0,3,122,1,0.854224,3.4,1.42,1.22447,3.4,1.42,1.22447,0,0,0,3840,5.57521e+08,1.7143e+12,0,profile_only
L0_relaunch3,ad6bb15,W0,3,123,1,0.831579,3.45,1.62,1.32447,3.45,1.62,1.32447,0,0,0,3840,5.25299e+08,1.7313e+12,0,profile_only
L0_relaunch3,ad6bb15,W0,3,124,1,0.789193,3.5,1.87,1.47447,3.5,1.87,1.47447,0,0,0,3840,5.65517e+08,1.73973e+12,0,profile_only
L0_relaunch3,ad6bb15,W0,3,125,1,0.733827,3.5,2.17,1.62447,3.5,2.17,1.62447,0,0,0,3840,5.80429e+08,1.74848e+12,0,profile_only
L0_relaunch3,ad6bb15,W0,3,126,1,0.830186,3.4,2.37,1.72447,3.4,2.37,1.72447,0,0,0,3840,5.20508e+08,1.761e+12,0,profile_only
L0_relaunch3,ad6bb15,W0,3,127,1,0.740433,3.3,2.62,1.82447,3.3,2.62,1.82447,0,0,0,3840,6.19075e+08,1.774e+12,0,profile_only
L0_relaunch3,ad6bb15,W0,3,128,1,0.77613,3.2,2.82,1.92447,3.2,2.82,1.92447,0,0,0,3840,6.00356e+08,1.78837e+12,0,profile_only
L0_relaunch3,ad6bb15,W0,3,129,1,0.757066,3.15,2.97,1.97447,3.15,2.97,1.97447,0,0,0,3840,4.97955e+08,1.8028e+12,0,profile_only
L0_relaunch3,ad6bb15,W0,3,130,1,0.822749,3.05,3.17,2.07447,3.05,3.17,2.07447,0,0,0,3840,5.84316e+08,1.80311e+12,0,profile_only
L0_relaunch3,ad6bb15,W0,3,131,1,0.765069,2.9,3.37,2.12447,2.9,3.37,2.12447,0,0,0,3840,5.31349e+08,1.81165e+12,0,profile_only
L0_relaunch3,ad6bb15,W0,3,132,1,0.826261,2.7,3.57,2.22447,2.7,3.57,2.22447,0,0,0,3840,5.59322e+08,1.81817e+12,0,profile_only
L0_relaunch3,ad6bb15,W0,3,133,1,0.924986,2.55,3.77,2.32447,2.55,3.77,2.32447,0,0,0,3840,5.59944e+08,1.82963e+12,0,profile_only
L0_relaunch3,ad6bb15,W0,3,134,1,0.866482,2.3,3.97,2.37447,2.3,3.97,2.37447,0,0,0,3840,4.79035e+08,1.8172e+12,0,profile_only
L0_relaunch3,ad6bb15,W0,3,135,1,0.93087,2.15,4.12,2.42447,2.15,4.12,2.42447,0,0,0,3840,5.16541e+08,1.78467e+12,0,profile_only
L0_relaunch3,ad6bb15,W0,3,136,1,0.910664,2,4.22,2.42447,2,4.22,2.42447,0,0,0,3840,4.77462e+08,1.78447e+12,0,profile_only
L0_relaunch3,ad6bb15,W0,3,137,1,0.933134,1.8,4.42,2.47447,1.8,4.42,2.47447,0,0,0,3840,4.26237e+08,1.7793e+12,0,profile_only
L0_relaunch3,ad6bb15,W0,3,138,1,0.895115,1.6,4.57,2.47447,1.6,4.57,2.47447,0,0,0,3840,4.77102e+08,1.76732e+12,0,profile_only
L0_relaunch3,ad6bb15,W0,3,139,1,0.917437,1.15,4.87,2.52447,1.15,4.87,2.52447,0,0,0,3840,5.11273e+08,1.76032e+12,0,profile_only
L0_relaunch3,ad6bb15,W0,3,140,1,0.842767,0.95,5.02,2.52447,0.95,5.02,2.52447,0,0,0,3840,4.76204e+08,1.74738e+12,0,profile_only
L0_relaunch3,ad6bb15,W0,3,141,1,0.862328,0.4,5.37,2.57447,0.4,5.37,2.57447,0,0,0,3840,5.6234e+08,1.74249e+12,0,profile_only
L0_relaunch3,ad6bb15,W0,3,142,1,0.937436,-0.15,5.67,2.62447,-0.15,5.67,2.62447,0,0,0,3840,4.68732e+08,1.733e+12,0,profile_only
L0_relaunch3,ad6bb15,W0,3,143,1,0.931842,-0.4,5.82,2.67447,-0.4,5.82,2.67447,0,0,0,3840,4.45754e+08,1.74241e+12,0,profile_only
L0_relaunch3,ad6bb15,W0,3,144,1,0.981263,-0.6,5.92,2.67447,-0.6,5.92,2.67447,0,0,0,3840,4.4828e+08,1.75869e+12,0,profile_only
L0_relaunch3,ad6bb15,W0,3,145,1,0.923451,-0.8,6.02,2.72447,-0.8,6.02,2.72447,0,0,0,3840,4.1938e+08,1.76739e+12,0,profile_only
L0_relaunch3,ad6bb15,W0,3,146,1,0.92725,-0.95,6.07,2.72447,-0.95,6.07,2.72447,0,0,0,3840,4.25985e+08,1.78362e+12,0,profile_only
L0_relaunch3,ad6bb15,W0,3,147,1,0.887432,-1.2,6.17,2.82447,-1.2,6.17,2.82447,0,0,0,3840,4.52286e+08,1.78544e+12,0,profile_only
L0_relaunch3,ad6bb15,W0,3,148,1,0.881352,-1.4,6.22,2.87447,-1.4,6.22,2.87447,0,0,0,3840,5.01692e+08,1.8095e+12,0,profile_only
L0_relaunch3,ad6bb15,W0,3,149,1,0.841672,-1.5,6.22,2.87447,-1.5,6.22,2.87447,0,0,0,3840,4.9882e+08,1.80984e+12,0,profile_only
L0_relaunch3,ad6bb15,W0,3,150,1,0.896468,-1.85,6.27,2.97447,-1.85,6.27,2.97447,0,0,0,3840,5.68261e+08,1.80129e+12,0,profile_only
L0_relaunch3,ad6bb15,W0,3,151,1,0.796445,-2.15,6.32,3.07447,-2.15,6.32,3.07447,0,0,0,3840,5.3414e+08,1.83439e+12,0,profile_only
L0_relaunch3,ad6bb15,W0,3,152,1,0.837202,-2.5,6.32,-3.10871,-2.5,6.32,-3.10871,0,0,0,3840,5.92875e+08,1.86358e+12,0,profile_only
L0_relaunch3,ad6bb15,W0,3,153,1,0.861889,-2.85,6.27,-3.00871,-2.85,6.27,-3.00871,0,0,0,3840,5.62852e+08,1.92791e+12,0,profile_only
L0_relaunch3,ad6bb15,W0,3,154,1,0.875322,-3.1,6.22,-3.00871,-3.1,6.22,-3.00871,0,0,0,3840,4.69573e+08,2.01324e+12,0,profile_only
L0_relaunch3,ad6bb15,W0,3,155,1,0.863862,-3.35,6.17,-2.95871,-3.35,6.17,-2.95871,0,0,0,3840,5.57032e+08,2.05162e+12,0,profile_only
L0_relaunch3,ad6bb15,W0,3,156,1,0.821396,-3.6,6.12,-2.95871,-3.6,6.12,-2.95871,0,0,0,3840,4.76013e+08,2.09073e+12,0,profile_only
L0_relaunch3,ad6bb15,W0,3,157,1,0.812117,-3.75,6.12,-2.95871,-3.75,6.12,-2.95871,0,0,0,3840,4.63358e+08,2.10433e+12,0,profile_only
L0_relaunch3,ad6bb15,W0,3,158,1,0.795563,-4.05,6.07,-3.05871,-4.05,6.07,-3.05871,0,0,0,3840,4.38965e+08,2.09489e+12,0,profile_only
L0_relaunch3,ad6bb15,W0,3,159,1,0.837558,-4.2,6.12,-3.10871,-4.2,6.12,-3.10871,0,0,0,3840,3.87262e+08,2.07818e+12,0,profile_only
L0_relaunch3,ad6bb15,W0,3,160,1,0.877572,-4.35,6.12,3.12447,-4.35,6.12,3.12447,0,0,0,3840,3.86293e+08,2.04242e+12,0,profile_only
L0_relaunch3,ad6bb15,W0,3,161,1,0.858025,-4.5,6.17,3.07447,-4.5,6.17,3.07447,0,0,0,3840,3.97236e+08,2.01877e+12,0,profile_only
L0_relaunch3,ad6bb15,W0,3,162,1,0.857057,-4.6,6.17,3.02447,-4.6,6.17,3.02447,0,0,0,3840,2.95682e+08,1.98989e+12,0,profile_only
L0_relaunch3,ad6bb15,W0,3,163,1,0.82888,-4.8,6.22,2.92447,-4.8,6.22,2.92447,0,0,0,3840,4.1096e+08,1.97587e+12,0,profile_only
L0_relaunch3,ad6bb15,W0,3,164,1,0.792687,-4.9,6.22,2.82447,-4.9,6.22,2.82447,0,0,0,3840,4.72827e+08,1.94304e+12,0,profile_only
L0_relaunch3,ad6bb15,W0,3,165,1,0.888223,-5.2,6.47,2.67447,-5.2,6.47,2.67447,0,0,0,3840,4.76426e+08,1.92848e+12,0,profile_only
L0_relaunch3,ad6bb15,W0,3,166,1,0.890744,-5.3,6.57,2.57447,-5.3,6.57,2.57447,0,0,0,3840,4.99447e+08,1.87504e+12,0,profile_only
L0_relaunch3,ad6bb15,W0,3,167,1,0.860111,-5.4,6.62,2.47447,-5.4,6.62,2.47447,0,0,0,3840,4.72204e+08,1.85079e+12,0,profile_only
L0_relaunch3,ad6bb15,W0,3,168,1,0.847291,-5.5,6.72,2.37447,-5.5,6.72,2.37447,0,0,0,3840,3.91599e+08,1.84125e+12,0,profile_only
L0_relaunch3,ad6bb15,W0,3,169,1,0.839031,-5.7,6.97,2.22447,-5.7,6.97,2.22447,0,0,0,3840,2.88997e+08,1.80708e+12,0,profile_only
L0_relaunch3,ad6bb15,W0,3,170,1,0.894139,-5.85,7.27,2.12447,-5.85,7.27,2.12447,0,0,0,3840,3.36986e+08,1.74816e+12,0,profile_only
L0_relaunch3,ad6bb15,W0,3,171,1,0.876117,-5.95,7.47,2.12447,-5.95,7.47,2.12447,0,0,0,3840,4.67553e+08,1.66034e+12,0,profile_only
L0_relaunch3,ad6bb15,W0,3,172,1,0.890729,-6.1,7.72,2.07447,-6.1,7.72,2.07447,0,0,0,3840,4.1171e+08,1.60102e+12,0,profile_only
L0_relaunch3,ad6bb15,W0,3,173,1,0.858671,-6.2,7.97,2.07447,-6.2,7.97,2.07447,0,0,0,3840,4.05301e+08,1.51487e+12,0,profile_only
L0_relaunch3,ad6bb15,W0,3,174,1,0.858479,-6.3,8.12,2.07447,-6.3,8.12,2.07447,0,0,0,3840,5.09691e+08,1.42213e+12,0,profile_only
L0_relaunch3,ad6bb15,W0,3,175,1,0.837979,-6.45,8.37,2.07447,-6.45,8.37,2.07447,0,0,0,3840,4.34913e+08,1.37856e+12,0,profile_only
L0_relaunch3,ad6bb15,W0,3,176,1,0.879574,-6.55,8.57,2.12447,-6.55,8.57,2.12447,0,0,0,3840,5.5816e+08,1.26604e+12,0,profile_only
L0_relaunch3,ad6bb15,W0,3,177,1,0.905004,-6.65,8.67,2.17447,-6.65,8.67,2.17447,0,0,0,3840,4.70053e+08,1.19585e+12,0,profile_only
L0_relaunch3,ad6bb15,W0,3,178,1,0.875533,-6.75,8.77,2.27447,-6.75,8.77,2.27447,0,0,0,3840,5.61649e+08,1.16656e+12,0,profile_only
L0_relaunch3,ad6bb15,W0,3,179,1,0.871669,-6.85,8.82,2.37447,-6.85,8.82,2.37447,0,0,0,3840,5.61217e+08,1.14831e+12,0,profile_only
L0_relaunch3,ad6bb15,W0,3,180,1,0.872333,-7,8.92,2.52447,-7,8.92,2.52447,0,0,0,3840,5.89889e+08,1.13844e+12,0,profile_only
L0_relaunch3,ad6bb15,W0,3,181,1,0.904536,-7.15,8.97,2.67447,-7.15,8.97,2.67447,0,0,0,3840,5.89921e+08,1.12929e+12,0,profile_only
L0_relaunch3,ad6bb15,W0,3,182,1,0.855054,-7.3,9.02,2.77447,-7.3,9.02,2.77447,0,0,0,3840,5.06234e+08,1.13623e+12,0,profile_only
L0_relaunch3,ad6bb15,W0,3,183,1,0.843105,-7.45,9.02,2.87447,-7.45,9.02,2.87447,0,0,0,3840,5.10514e+08,1.12423e+12,0,profile_only
L0_relaunch3,ad6bb15,W0,3,184,1,0.799358,-7.6,9.02,2.97447,-7.6,9.02,2.97447,0,0,0,3840,4.82639e+08,1.1444e+12,0,profile_only
L0_relaunch3,ad6bb15,W0,3,185,1,0.823802,-7.7,9.02,3.02447,-7.7,9.02,3.02447,0,0,0,3840,4.80033e+08,1.17427e+12,0,profile_only
L0_relaunch3,ad6bb15,W0,3,186,1,0.820504,-7.8,9.02,3.07447,-7.8,9.02,3.07447,0,0,0,3840,4.67087e+08,1.19118e+12,0,profile_only
L0_relaunch3,ad6bb15,W0,3,187,1,0.881094,-8,9.02,3.12447,-8,9.02,3.12447,0,0,0,3840,4.73287e+08,1.21566e+12,0,profile_only
L0_relaunch3,ad6bb15,W0,3,188,1,0.940814,-8.1,9.02,-3.10871,-8.1,9.02,-3.10871,0,0,0,3840,5.14627e+08,1.23193e+12,0,profile_only
L0_relaunch3,ad6bb15,W0,3,189,1,0.817725,-8.15,9.02,-3.10871,-8.15,9.02,-3.10871,0,0,0,3840,4.68664e+08,1.24783e+12,0,profile_only
L0_relaunch3,ad6bb15,W0,3,190,1,0.880593,-8.4,8.97,-3.00871,-8.4,8.97,-3.00871,0,0,0,3840,5.37364e+08,1.24251e+12,0,profile_only
L0_relaunch3,ad6bb15,W0,3,191,1,0.825873,-8.55,8.92,-3.00871,-8.55,8.92,-3.00871,0,0,0,3840,4.8636e+08,1.2872e+12,0,profile_only
L0_relaunch3,ad6bb15,W0,3,192,1,0.847164,-8.75,8.92,-2.95871,-8.75,8.92,-2.95871,0,0,0,3840,4.6166e+08,1.29859e+12,0,profile_only
L0_relaunch3,ad6bb15,W0,3,193,1,0.838624,-8.95,8.87,-2.90871,-8.95,8.87,-2.90871,0,0,0,3840,4.73037e+08,1.30465e+12,0,profile_only
L0_relaunch3,ad6bb15,W0,3,194,1,0.85143,-9.1,8.82,-2.90871,-9.1,8.82,-2.90871,0,0,0,3840,5.03774e+08,1.31961e+12,0,profile_only
L0_relaunch3,ad6bb15,W0,3,195,1,0.825949,-9.25,8.77,-2.85871,-9.25,8.77,-2.85871,0,0,0,3840,5.22482e+08,1.31869e+12,0,profile_only
L0_relaunch3,ad6bb15,W0,3,196,1,0.817206,-9.35,8.72,-2.85871,-9.35,8.72,-2.85871,0,0,0,3840,4.62107e+08,1.33389e+12,0,profile_only
L0_relaunch3,ad6bb15,W0,3,197,1,0.876004,-9.5,8.67,-2.80871,-9.5,8.67,-2.80871,0,0,0,3840,5.10156e+08,1.34308e+12,0,profile_only
L0_relaunch3,ad6bb15,W0,3,198,1,0.864573,-9.65,8.62,-2.75871,-9.65,8.62,-2.75871,0,0,0,3840,4.34983e+08,1.35596e+12,0,profile_only
L0_relaunch3,ad6bb15,W0,3,199,1,0.821476,-9.8,8.52,-2.70871,-9.8,8.52,-2.70871,0,0,0,3840,4.86191e+08,1.36901e+12,0,profile_only
L0_relaunch3,ad6bb15,W0,3,200,1,0.784702,-9.95,8.42,-2.65871,-9.95,8.42,-2.65871,0,0,0,3840,4.49998e+08,1.39161e+12,0,profile_only
L0_relaunch3,ad6bb15,W0,3,201,1,0.812476,-10.1,8.32,-2.60871,-10.1,8.32,-2.60871,0,0,0,3840,4.83316e+08,1.41284e+12,0,profile_only
L0_relaunch3,ad6bb15,W0,3,202,1,0.83635,-10.2,8.27,-2.55871,-10.2,8.27,-2.55871,0,0,0,3840,5.06048e+08,1.41676e+12,0,profile_only
L0_relaunch3,ad6bb15,W0,3,203,1,0.847593,-10.3,8.17,-2.50871,-10.3,8.17,-2.50871,0,0,0,3840,4.83834e+08,1.4274e+12,0,profile_only
L0_relaunch3,ad6bb15,W0,3,204,1,0.841852,-10.4,8.07,-2.45871,-10.4,8.07,-2.45871,0,0,0,3840,4.88972e+08,1.43829e+12,0,profile_only
L0_relaunch3,ad6bb15,W0,3,205,1,0.887852,-10.5,7.97,-2.40871,-10.5,7.97,-2.40871,0,0,0,3840,4.81262e+08,1.45279e+12,0,profile_only
L0_relaunch3,ad6bb15,W0,3,206,1,0.885324,-10.6,7.87,-2.35871,-10.6,7.87,-2.35871,0,0,0,3840,4.90942e+08,1.46259e+12,0,profile_only
L0_relaunch3,ad6bb15,W0,3,207,1,0.838998,-10.7,7.77,-2.30871,-10.7,7.77,-2.30871,0,0,0,3840,5.0875e+08,1.46707e+12,0,profile_only
L0_relaunch3,ad6bb15,W0,3,208,1,0.904987,-10.75,7.67,-2.25871,-10.75,7.67,-2.25871,0,0,0,3840,5.32157e+08,1.4689e+12,0,profile_only
L0_relaunch3,ad6bb15,W0,3,209,1,0.873129,-10.8,7.57,-2.20871,-10.8,7.57,-2.20871,0,0,0,3840,5.48453e+08,1.4801e+12,0,profile_only
L0_relaunch3,ad6bb15,W0,3,210,1,0.858701,-10.85,7.47,-2.15871,-10.85,7.47,-2.15871,0,0,0,3840,5.47631e+08,1.48694e+12,0,profile_only
L0_relaunch3,ad6bb15,W0,3,211,1,0.852423,-10.95,7.32,-2.10871,-10.95,7.32,-2.10871,0,0,0,3840,5.60871e+08,1.48946e+12,0,profile_only
L0_relaunch3,ad6bb15,W0,3,212,1,0.858025,-11,7.22,-2.05871,-11,7.22,-2.05871,0,0,0,3840,5.65231e+08,1.47297e+12,0,profile_only
L0_relaunch3,ad6bb15,W0,3,213,1,0.830406,-11.05,7.07,-2.00871,-11.05,7.07,-2.00871,0,0,0,3840,5.18994e+08,1.45235e+12,0,profile_only
L0_relaunch3,ad6bb15,W0,3,214,1,0.811293,-11.15,6.87,-1.95871,-11.15,6.87,-1.95871,0,0,0,3840,4.67623e+08,1.44533e+12,0,profile_only
L0_relaunch3,ad6bb15,W0,3,215,1,0.835214,-11.2,6.67,-1.95871,-11.2,6.67,-1.95871,0,0,0,3840,3.83539e+08,1.38445e+12,0,profile_only
L0_relaunch3,ad6bb15,W0,3,216,1,0.794348,-11.25,6.52,-1.95871,-11.25,6.52,-1.95871,0,0,0,3840,4.11723e+08,1.36824e+12,0,profile_only
L0_relaunch3,ad6bb15,W0,3,217,1,0.806907,-11.3,6.32,-1.90871,-11.3,6.32,-1.90871,0,0,0,3840,4.69761e+08,1.36558e+12,0,profile_only
L0_relaunch3,ad6bb15,W0,3,218,1,0.78829,-11.4,6.07,-1.85871,-11.4,6.07,-1.85871,0,0,0,3840,3.83349e+08,1.37531e+12,0,profile_only
L0_relaunch3,ad6bb15,W0,3,219,1,0.819482,-11.45,5.87,-1.80871,-11.45,5.87,-1.80871,0,0,0,3840,4.50422e+08,1.36166e+12,0,profile_only
L0_relaunch3,ad6bb15,W0,3,220,1,0.772043,-11.5,5.67,-1.75871,-11.5,5.67,-1.75871,0,0,0,3840,4.56813e+08,1.36442e+12,0,profile_only
L0_relaunch3,ad6bb15,W0,3,221,1,0.869,-11.5,5.42,-1.70871,-11.5,5.42,-1.70871,0,0,0,3840,4.66321e+08,1.3898e+12,0,profile_only
L0_relaunch3,ad6bb15,W0,3,222,1,0.840748,-11.5,5.27,-1.65871,-11.5,5.27,-1.65871,0,0,0,3840,4.76952e+08,1.42396e+12,0,profile_only
L0_relaunch3,ad6bb15,W0,3,223,1,0.782803,-11.55,5.02,-1.55871,-11.55,5.02,-1.55871,0,0,0,3840,5.13837e+08,1.44889e+12,0,profile_only
L0_relaunch3,ad6bb15,W0,3,224,1,0.771997,-11.55,4.87,-1.45871,-11.55,4.87,-1.45871,0,0,0,3840,4.65441e+08,1.45517e+12,0,profile_only
L0_relaunch3,ad6bb15,W0,3,225,1,0.814845,-11.4,4.72,-1.30871,-11.4,4.72,-1.30871,0,0,0,3840,5.71293e+08,1.47681e+12,0,profile_only
L0_relaunch3,ad6bb15,W0,3,226,1,0.788646,-11.35,4.62,-1.20871,-11.35,4.62,-1.20871,0,0,0,3840,6.28822e+08,1.55288e+12,0,profile_only
L0_relaunch3,ad6bb15,W0,3,227,1,0.837493,-11.2,4.47,-1.00871,-11.2,4.47,-1.00871,0,0,0,3840,7.3249e+08,1.57364e+12,0,profile_only
L0_relaunch3,ad6bb15,W0,3,228,1,0.790711,-11.1,4.37,-0.858714,-11.1,4.37,-0.858714,0,0,0,3840,6.31986e+08,1.59959e+12,0,profile_only
L0_relaunch3,ad6bb15,W0,3,229,1,0.795177,-10.95,4.27,-0.658714,-10.95,4.27,-0.658714,0,0,0,3840,6.6701e+08,1.62413e+12,0,profile_only
L0_relaunch3,ad6bb15,W0,3,230,1,0.765054,-10.65,4.17,-0.408714,-10.65,4.17,-0.408714,0,0,0,3840,7.23564e+08,1.67536e+12,0,profile_only
L0_relaunch3,ad6bb15,W0,3,231,1,0.796706,-10.45,4.17,-0.208714,-10.45,4.17,-0.208714,0,0,0,3840,6.66757e+08,1.75507e+12,0,profile_only
L0_relaunch3,ad6bb15,W0,3,232,1,0.830679,-10.25,4.17,-0.158714,-10.25,4.17,-0.158714,0,0,0,3840,4.91813e+08,1.82204e+12,0,profile_only
L0_relaunch3,ad6bb15,W0,3,233,1,0.76238,-10.05,4.12,-0.108714,-10.05,4.12,-0.108714,0,0,0,3840,4.26917e+08,1.86538e+12,0,profile_only
L0_relaunch3,ad6bb15,W0,3,234,1,0.740402,-9.8,4.07,-0.108714,-9.8,4.07,-0.108714,0,0,0,3840,4.01119e+08,1.90981e+12,0,profile_only
L0_relaunch3,ad6bb15,W0,3,235,1,0.732641,-9.4,4.02,-0.108714,-9.4,4.02,-0.108714,0,0,0,3840,3.6309e+08,1.92926e+12,0,profile_only
L0_relaunch3,ad6bb15,W0,3,236,1,0.740529,-9,3.97,-0.208714,-9,3.97,-0.208714,0,0,0,3840,3.47127e+08,1.93412e+12,0,profile_only
L0_relaunch3,ad6bb15,W0,3,237,1,0.71224,-8.7,3.87,-0.308714,-8.7,3.87,-0.308714,0,0,0,3840,3.7457e+08,1.91215e+12,0,profile_only
L0_relaunch3,ad6bb15,W0,3,238,1,0.756189,-8.25,3.67,-0.458714,-8.25,3.67,-0.458714,0,0,0,3840,3.37152e+08,1.87796e+12,0,profile_only
L0_relaunch3,ad6bb15,W0,3,239,1,0.806391,-7.55,3.27,-0.458714,-7.55,3.27,-0.458714,0,0,0,3840,4.24992e+08,1.82682e+12,0,profile_only
L0_relaunch3,ad6bb15,W0,3,240,1,0.833341,-7.2,3.07,-0.458714,-7.2,3.07,-0.458714,0,0,0,3840,4.24059e+08,1.79392e+12,0,profile_only
L0_relaunch3,ad6bb15,W0,3,241,1,0.867267,-6.9,2.92,-0.458714,-6.9,2.92,-0.458714,0,0,0,3840,3.99946e+08,1.79786e+12,0,profile_only
L0_relaunch3,ad6bb15,W0,3,242,1,0.848759,-6.7,2.82,-0.458714,-6.7,2.82,-0.458714,0,0,0,3840,4.36717e+08,1.80706e+12,0,profile_only
L0_relaunch3,ad6bb15,W0,3,243,1,0.798841,-6.45,2.72,-0.458714,-6.45,2.72,-0.458714,0,0,0,3840,4.07281e+08,1.80141e+12,0,profile_only
L0_relaunch3,ad6bb15,W0,3,244,1,0.91665,-6,2.52,-0.408714,-6,2.52,-0.408714,0,0,0,3840,5.13316e+08,1.79814e+12,0,profile_only
L0_relaunch3,ad6bb15,W0,3,245,1,0.823644,-5.85,2.47,-0.358714,-5.85,2.47,-0.358714,0,0,0,3840,4.69189e+08,1.79155e+12,0,profile_only
L0_relaunch3,ad6bb15,W0,3,246,1,0.8027,-5.55,2.37,-0.308714,-5.55,2.37,-0.308714,0,0,0,3840,4.51621e+08,1.79273e+12,0,profile_only
L0_relaunch3,ad6bb15,W0,3,247,1,0.788061,-4.95,2.17,-0.358714,-4.95,2.17,-0.358714,0,0,0,3840,3.88441e+08,1.81289e+12,0,profile_only
L0_relaunch3,ad6bb15,W0,3,248,1,0.890327,-4.4,1.92,-0.408714,-4.4,1.92,-0.408714,0,0,0,3840,3.52495e+08,1.829e+12,0,profile_only
L0_relaunch3,ad6bb15,W0,3,249,1,0.812875,-4.2,1.82,-0.458714,-4.2,1.82,-0.458714,0,0,0,3840,3.56997e+08,1.80653e+12,0,profile_only
L0_relaunch3,ad6bb15,W0,3,250,1,0.896777,-3.85,1.62,-0.508714,-3.85,1.62,-0.508714,0,0,0,3840,3.87123e+08,1.80556e+12,0,profile_only
L0_relaunch3,ad6bb15,W0,3,251,1,0.771334,-3.4,1.37,-0.508714,-3.4,1.37,-0.508714,0,0,0,3840,4.41995e+08,1.80148e+12,0,profile_only
L0_relaunch3,ad6bb15,W0,3,252,1,0.799021,-3.3,1.27,-0.608714,-3.3,1.27,-0.608714,0,0,0,3840,3.64376e+08,1.80694e+12,0,profile_only
L0_relaunch3,ad6bb15,W0,3,253,1,0.813731,-3.05,1.07,-0.658714,-3.05,1.07,-0.658714,0,0,0,3840,3.97136e+08,1.80973e+12,0,profile_only
L0_relaunch3,ad6bb15,W0,3,254,1,0.809367,-2.85,0.87,-0.658714,-2.85,0.87,-0.658714,0,0,0,3840,3.65818e+08,1.80978e+12,0,profile_only
L0_relaunch3,ad6bb15,W0,3,255,1,0.774254,-2.65,0.72,-0.658714,-2.65,0.72,-0.658714,0,0,0,3840,3.80576e+08,1.80267e+12,0,profile_only
L0_relaunch3,ad6bb15,W0,3,256,1,0.722751,-2.45,0.57,-0.708714,-2.45,0.57,-0.708714,0,0,0,3840,3.73615e+08,1.79375e+12,0,profile_only
L0_relaunch3,ad6bb15,W0,3,257,1,0.856005,-2.1,0.27,-0.608714,-2.1,0.27,-0.608714,0,0,0,3840,5.83721e+08,1.70659e+12,0,profile_only
L0_relaunch3,ad6bb15,W0,3,258,1,0.839546,-1.95,0.22,-0.558714,-1.95,0.22,-0.558714,0,0,0,3840,4.31945e+08,1.69144e+12,0,profile_only
L0_relaunch3,ad6bb15,W0,3,259,1,0.811191,-1.75,0.12,-0.458714,-1.75,0.12,-0.458714,0,0,0,3840,5.25011e+08,1.67369e+12,0,profile_only
L0_relaunch3,ad6bb15,W0,3,260,1,0.762384,-1.45,0.02,-0.308714,-1.45,0.02,-0.308714,0,0,0,3840,4.67935e+08,1.66513e+12,0,profile_only
L0_relaunch3,ad6bb15,W0,3,261,1,0.727014,-1,-0.03,-0.208714,-1,-0.03,-0.208714,0,0,0,3840,5.72924e+08,1.65694e+12,0,profile_only
L0_relaunch3,ad6bb15,W0,3,262,1,0.730297,-0.3,-0.13,-0.108714,-0.3,-0.13,-0.108714,0,0,0,3840,4.09755e+08,1.69057e+12,0,profile_only
L0_relaunch3,ad6bb15,W0,3,263,1,0.836459,0.2,-0.18,-0.108714,0.2,-0.18,-0.108714,0,0,0,3840,4.44156e+08,1.73763e+12,0,profile_only
L0_relaunch3,ad6bb15,W0,3,264,1,0.697836,0.5,-0.23,-0.0587136,0.5,-0.23,-0.0587136,0,0,0,3840,4.11662e+08,1.74411e+12,0,profile_only
L0_relaunch3,ad6bb15,W0,3,265,1,0.780668,0.8,-0.23,-0.0587136,0.8,-0.23,-0.0587136,0,0,0,3840,4.15397e+08,1.75833e+12,0,profile_only
L0_relaunch3,ad6bb15,W0,3,266,1,0.702135,1,-0.23,-0.0587136,1,-0.23,-0.0587136,0,0,0,3840,4.78352e+08,1.75116e+12,0,profile_only
L0_relaunch3,ad6bb15,W0,3,267,1,0.847886,1.3,-0.23,0.0412864,1.3,-0.23,0.0412864,0,0,0,3840,4.92023e+08,1.74694e+12,0,profile_only
L0_relaunch3,ad6bb15,W0,3,268,1,0.808297,1.45,-0.23,0.0912864,1.45,-0.23,0.0912864,0,0,0,3840,4.97339e+08,1.73916e+12,0,profile_only
L0_relaunch3,ad6bb15,W0,3,269,1,0.784709,1.65,-0.18,0.141286,1.65,-0.18,0.141286,0,0,0,3840,4.81514e+08,1.73618e+12,0,profile_only
L0_relaunch3,ad6bb15,W0,3,270,1,0.79462,1.8,-0.13,0.241286,1.8,-0.13,0.241286,0,0,0,3840,5.46868e+08,1.73295e+12,0,profile_only
L0_relaunch3,ad6bb15,W0,3,271,1,0.879621,1.95,-0.03,0.341286,1.95,-0.03,0.341286,0,0,0,3840,5.85844e+08,1.73311e+12,0,profile_only
L0_relaunch3,ad6bb15,W0,3,272,1,0.799209,2.1,0.07,0.441286,2.1,0.07,0.441286,0,0,0,3840,6.065e+08,1.73343e+12,0,profile_only
L0_relaunch3,ad6bb15,W0,3,273,1,0.853531,2.25,0.17,0.591286,2.25,0.17,0.591286,0,0,0,3840,6.57783e+08,1.73979e+12,0,profile_only
L0_relaunch3,ad6bb15,W0,3,274,1,0.81655,2.3,0.22,0.691286,2.3,0.22,0.691286,0,0,0,3840,6.28354e+08,1.74889e+12,0,profile_only
L0_relaunch3,ad6bb15,W0,3,275,1,0.888882,2.45,0.42,0.841286,2.45,0.42,0.841286,0,0,0,3840,6.11697e+08,1.76603e+12,0,profile_only
L0_relaunch3,ad6bb15,W0,3,276,1,0.826486,2.55,0.57,0.941286,2.55,0.57,0.941286,0,0,0,3840,5.66837e+08,1.76695e+12,0,profile_only
L0_relaunch3,ad6bb15,W0,3,277,1,0.777341,2.65,0.77,1.04129,2.65,0.77,1.04129,0,0,0,3840,5.31146e+08,1.76515e+12,0,profile_only
L0_relaunch3,ad6bb15,W0,3,278,1,0.763342,2.75,0.97,1.14129,2.75,0.97,1.14129,0,0,0,3840,5.26096e+08,1.76699e+12,0,profile_only
L0_relaunch3,ad6bb15,W0,3,279,1,0.755078,2.8,1.17,1.19129,2.8,1.17,1.19129,0,0,0,3840,5.28109e+08,1.77542e+12,0,profile_only
L0_relaunch3,ad6bb15,W0,3,280,1,0.74656,2.85,1.37,1.29129,2.85,1.37,1.29129,0,0,0,3840,5.4042e+08,1.78409e+12,0,profile_only
L0_relaunch3,ad6bb15,W0,3,281,1,0.787103,2.9,1.67,1.44129,2.9,1.67,1.44129,0,0,0,3840,5.32902e+08,1.78127e+12,0,profile_only
L0_relaunch3,ad6bb15,W0,3,282,1,0.787637,2.85,1.82,1.49129,2.85,1.82,1.49129,0,0,0,3840,5.09071e+08,1.7791e+12,0,profile_only
L0_relaunch3,ad6bb15,W0,3,283,1,0.805583,2.85,2.02,1.54129,2.85,2.02,1.54129,0,0,0,3840,5.22884e+08,1.77552e+12,0,profile_only
L0_relaunch3,ad6bb15,W0,3,284,1,0.819176,2.85,2.27,1.64129,2.85,2.27,1.64129,0,0,0,3840,5.38203e+08,1.76352e+12,0,profile_only
L0_relaunch3,ad6bb15,W0,3,285,1,0.758862,2.85,2.47,1.69129,2.85,2.47,1.69129,0,0,0,3840,4.98703e+08,1.75956e+12,0,profile_only
L0_relaunch3,ad6bb15,W0,3,286,1,0.798128,2.8,2.77,1.69129,2.8,2.77,1.69129,0,0,0,3840,4.29722e+08,1.7491e+12,0,profile_only
L0_relaunch3,ad6bb15,W0,3,287,1,0.844897,2.75,3.02,1.69129,2.75,3.02,1.69129,0,0,0,3840,4.27449e+08,1.74975e+12,0,profile_only
L0_relaunch3,ad6bb15,W0,3,288,1,0.797903,2.7,3.22,1.69129,2.7,3.22,1.69129,0,0,0,3840,4.1442e+08,1.76695e+12,0,profile_only
L0_relaunch3,ad6bb15,W0,3,289,1,0.826152,2.6,3.52,1.74129,2.6,3.52,1.74129,0,0,0,3840,4.42661e+08,1.79255e+12,0,profile_only
L0_relaunch3,ad6bb15,W0,3,290,1,0.83003,2.5,3.77,1.79129,2.5,3.77,1.79129,0,0,0,3840,5.01237e+08,1.81523e+12,0,profile_only
L0_relaunch3,ad6bb15,W0,3,291,1,0.7696,2.5,3.92,1.84129,2.5,3.92,1.84129,0,0,0,3840,5.51408e+08,1.81839e+12,0,profile_only
L0_relaunch3,ad6bb15,W0,3,292,1,0.885204,2.5,4.12,1.89129,2.5,4.12,1.89129,0,0,0,3840,5.45991e+08,1.82969e+12,0,profile_only
L0_relaunch3,ad6bb15,W0,3,293,1,0.8391,2.45,4.27,1.94129,2.45,4.27,1.94129,0,0,0,3840,5.30926e+08,1.82277e+12,0,profile_only
L0_relaunch3,ad6bb15,W0,3,294,1,0.896926,2.35,4.52,2.04129,2.35,4.52,2.04129,0,0,0,3840,5.59252e+08,1.81698e+12,0,profile_only
L0_relaunch3,ad6bb15,W0,3,295,1,0.920252,2.15,4.77,2.14129,2.15,4.77,2.14129,0,0,0,3840,5.50699e+08,1.77986e+12,0,profile_only
L0_relaunch3,ad6bb15,W0,3,296,1,0.937397,2,4.92,2.24129,2,4.92,2.24129,0,0,0,3840,5.12738e+08,1.75186e+12,0,profile_only
L0_relaunch3,ad6bb15,W0,3,297,1,0.942959,1.85,5.07,2.34129,1.85,5.07,2.34129,0,0,0,3840,5.12675e+08,1.73731e+12,0,profile_only
L0_relaunch3,ad6bb15,W0,3,298,1,0.90363,1.65,5.22,2.44129,1.65,5.22,2.44129,0,0,0,3840,5.49104e+08,1.73455e+12,0,profile_only
L0_relaunch3,ad6bb15,W0,3,299,1,0.882567,1.55,5.27,2.54129,1.55,5.27,2.54129,0,0,0,3840,5.54755e+08,1.73395e+12,0,profile_only
L0_relaunch3,ad6bb15,W0,3,300,1,0.814253,1.4,5.32,2.64129,1.4,5.32,2.64129,0,0,0,3840,5.71998e+08,1.73966e+12,0,profile_only
L0_relaunch3,ad6bb15,W0,3,301,1,0.825242,0.6,5.67,2.84129,0.6,5.67,2.84129,0,0,0,3840,6.28692e+08,1.74771e+12,0,profile_only
L0_relaunch3,ad6bb15,W0,3,302,1,0.853904,0.3,5.72,2.84129,0.3,5.72,2.84129,0,0,0,3840,4.81416e+08,1.74355e+12,0,profile_only
L0_relaunch3,ad6bb15,W0,3,303,1,0.946828,-0.3,5.92,2.89129,-0.3,5.92,2.89129,0,0,0,3840,4.83163e+08,1.74525e+12,0,profile_only
L0_relaunch3,ad6bb15,W0,3,304,1,0.910809,-0.45,5.97,2.89129,-0.45,5.97,2.89129,0,0,0,3840,4.31565e+08,1.77693e+12,0,profile_only
L0_relaunch3,ad6bb15,W0,3,305,1,0.943045,-0.7,6.02,2.89129,-0.7,6.02,2.89129,0,0,0,3840,4.23813e+08,1.77231e+12,0,profile_only
L0_relaunch3,ad6bb15,W0,3,306,1,0.92615,-0.95,6.07,2.89129,-0.95,6.07,2.89129,0,0,0,3840,4.13608e+08,1.78227e+12,0,profile_only
L0_relaunch3,ad6bb15,W0,3,307,1,0.867062,-1.15,6.12,2.89129,-1.15,6.12,2.89129,0,0,0,3840,4.70359e+08,1.79592e+12,0,profile_only
L0_relaunch3,ad6bb15,W0,3,308,1,0.857057,-1.45,6.17,2.89129,-1.45,6.17,2.89129,0,0,0,3840,4.81274e+08,1.81306e+12,0,profile_only
L0_relaunch3,ad6bb15,W0,3,309,1,0.817304,-1.7,6.22,2.94129,-1.7,6.22,2.94129,0,0,0,3840,4.76154e+08,1.82255e+12,0,profile_only
L0_relaunch3,ad6bb15,W0,3,310,1,0.813241,-2.1,6.32,2.99129,-2.1,6.32,2.99129,0,0,0,3840,4.49561e+08,1.85798e+12,0,profile_only
L0_relaunch3,ad6bb15,W0,3,311,1,0.835359,-2.4,6.37,3.04129,-2.4,6.37,3.04129,0,0,0,3840,4.78585e+08,1.88782e+12,0,profile_only
L0_relaunch3,ad6bb15,W0,3,312,1,0.906183,-2.7,6.37,3.09129,-2.7,6.37,3.09129,0,0,0,3840,5.37252e+08,1.93634e+12,0,profile_only
L0_relaunch3,ad6bb15,W0,3,313,1,0.901674,-2.95,6.37,3.14129,-2.95,6.37,3.14129,0,0,0,3840,4.84439e+08,2.0037e+12,0,profile_only
L0_relaunch3,ad6bb15,W0,3,314,1,0.889387,-3.2,6.37,3.14129,-3.2,6.37,3.14129,0,0,0,3840,5.12988e+08,2.06151e+12,0,profile_only
L0_relaunch3,ad6bb15,W0,3,315,1,0.857732,-3.4,6.37,3.14129,-3.4,6.37,3.14129,0,0,0,3840,4.79618e+08,2.08466e+12,0,profile_only
L0_relaunch3,ad6bb15,W0,3,316,1,0.8449,-3.65,6.37,-3.0919,-3.65,6.37,-3.0919,0,0,0,3840,5.43403e+08,2.09136e+12,0,profile_only
L0_relaunch3,ad6bb15,W0,3,317,1,0.871767,-3.95,6.37,3.14129,-3.95,6.37,3.14129,0,0,0,3840,4.58488e+08,2.09706e+12,0,profile_only
L0_relaunch3,ad6bb15,W0,3,318,1,0.799082,-4.1,6.42,3.14129,-4.1,6.42,3.14129,0,0,0,3840,5.30944e+08,2.05854e+12,0,profile_only
L0_relaunch3,ad6bb15,W0,3,319,1,0.826225,-4.45,6.42,3.09129,-4.45,6.42,3.09129,0,0,0,3840,4.94757e+08,1.99475e+12,0,profile_only
L0_relaunch3,ad6bb15,W0,3,320,1,0.795215,-4.75,6.47,3.04129,-4.75,6.47,3.04129,0,0,0,3840,4.07678e+08,1.95394e+12,0,profile_only
L0_relaunch3,ad6bb15,W0,3,321,1,0.874466,-5.1,6.52,2.94129,-5.1,6.52,2.94129,0,0,0,3840,3.50971e+08,1.92568e+12,0,profile_only
L0_relaunch3,ad6bb15,W0,3,322,1,0.884635,-5.3,6.57,2.84129,-5.3,6.57,2.84129,0,0,0,3840,2.83777e+08,1.90024e+12,0,profile_only
L0_relaunch3,ad6bb15,W0,3,323,1,0.913022,-5.45,6.67,2.74129,-5.45,6.67,2.74129,0,0,0,3840,3.32843e+08,1.86863e+12,0,profile_only
L0_relaunch3,ad6bb15,W0,3,324,1,0.872685,-5.6,6.82,2.64129,-5.6,6.82,2.64129,0,0,0,3840,3.56299e+08,1.83098e+12,0,profile_only
L0_relaunch3,ad6bb15,W0,3,325,1,0.880332,-5.7,6.87,2.49129,-5.7,6.87,2.49129,0,0,0,3840,3.13389e+08,1.78584e+12,0,profile_only
L0_relaunch3,ad6bb15,W0,3,326,1,0.903532,-5.9,7.12,2.34129,-5.9,7.12,2.34129,0,0,0,3840,2.92057e+08,1.75379e+12,0,profile_only
L0_relaunch3,ad6bb15,W0,3,327,1,0.861483,-6,7.32,2.24129,-6,7.32,2.24129,0,0,0,3840,3.24184e+08,1.67921e+12,0,profile_only
L0_relaunch3,ad6bb15,W0,3,328,1,0.885397,-6.15,7.57,2.14129,-6.15,7.57,2.14129,0,0,0,3840,3.02237e+08,1.62459e+12,0,profile_only
L0_relaunch3,ad6bb15,W0,3,329,1,0.913377,-6.25,7.77,2.09129,-6.25,7.77,2.09129,0,0,0,3840,3.70051e+08,1.5381e+12,0,profile_only
L0_relaunch3,ad6bb15,W0,3,330,1,0.875304,-6.3,7.87,2.09129,-6.3,7.87,2.09129,0,0,0,3840,3.44808e+08,1.46063e+12,0,profile_only
L0_relaunch3,ad6bb15,W0,3,331,1,0.858171,-6.4,8.02,2.14129,-6.4,8.02,2.14129,0,0,0,3840,5.52386e+08,1.42985e+12,0,profile_only
L0_relaunch3,ad6bb15,W0,3,332,1,0.868778,-6.55,8.17,2.19129,-6.55,8.17,2.19129,0,0,0,3840,4.38986e+08,1.36631e+12,0,profile_only
L0_relaunch3,ad6bb15,W0,3,333,1,0.959308,-6.65,8.32,2.24129,-6.65,8.32,2.24129,0,0,0,3840,3.92796e+08,1.30602e+12,0,profile_only
L0_relaunch3,ad6bb15,W0,3,334,1,0.938695,-6.75,8.42,2.29129,-6.75,8.42,2.29129,0,0,0,3840,4.93769e+08,1.25035e+12,0,profile_only
L0_relaunch3,ad6bb15,W0,3,335,1,0.913054,-6.8,8.47,2.34129,-6.8,8.47,2.34129,0,0,0,3840,4.69374e+08,1.21505e+12,0,profile_only
L0_relaunch3,ad6bb15,W0,3,336,1,0.931712,-6.95,8.57,2.44129,-6.95,8.57,2.44129,0,0,0,3840,5.13085e+08,1.20704e+12,0,profile_only
L0_relaunch3,ad6bb15,W0,3,337,1,0.863489,-7.15,8.67,2.59129,-7.15,8.67,2.59129,0,0,0,3840,5.50705e+08,1.18439e+12,0,profile_only
L0_relaunch3,ad6bb15,W0,3,338,1,0.847146,-7.3,8.72,2.69129,-7.3,8.72,2.69129,0,0,0,3840,5.51363e+08,1.17201e+12,0,profile_only
L0_relaunch3,ad6bb15,W0,3,339,1,0.837155,-7.5,8.77,2.84129,-7.5,8.77,2.84129,0,0,0,3840,5.63516e+08,1.16474e+12,0,profile_only
L0_relaunch3,ad6bb15,W0,3,340,1,0.899461,-7.65,8.77,2.94129,-7.65,8.77,2.94129,0,0,0,3840,5.27831e+08,1.17489e+12,0,profile_only
L0_relaunch3,ad6bb15,W0,3,341,1,0.89267,-7.85,8.77,3.04129,-7.85,8.77,3.04129,0,0,0,3840,5.33782e+08,1.19806e+12,0,profile_only
L0_relaunch3,ad6bb15,W0,3,342,1,0.79404,-8,8.77,3.09129,-8,8.77,3.09129,0,0,0,3840,5.5141e+08,1.23091e+12,0,profile_only
L0_relaunch3,ad6bb15,W0,3,343,1,0.846355,-8.25,8.77,-3.0919,-8.25,8.77,-3.0919,0,0,0,3840,5.39372e+08,1.25311e+12,0,profile_only
L0_relaunch3,ad6bb15,W0,3,344,1,0.776532,-8.45,8.72,-3.0419,-8.45,8.72,-3.0419,0,0,0,3840,4.76466e+08,1.28631e+12,0,profile_only
L0_relaunch3,ad6bb15,W0,3,345,1,0.814605,-8.7,8.67,-2.9919,-8.7,8.67,-2.9919,0,0,0,3840,4.48117e+08,1.31139e+12,0,profile_only
L0_relaunch3,ad6bb15,W0,3,346,1,0.829283,-8.8,8.67,-2.9919,-8.8,8.67,-2.9919,0,0,0,3840,4.93843e+08,1.32104e+12,0,profile_only
L0_relaunch3,ad6bb15,W0,3,347,1,0.844044,-9,8.62,-2.9419,-9,8.62,-2.9419,0,0,0,3840,5.532e+08,1.31456e+12,0,profile_only
L0_relaunch3,ad6bb15,W0,3,348,1,0.877053,-9.15,8.57,-2.8919,-9.15,8.57,-2.8919,0,0,0,3840,4.96051e+08,1.32753e+12,0,profile_only
L0_relaunch3,ad6bb15,W0,3,349,1,0.831721,-9.25,8.52,-2.8419,-9.25,8.52,-2.8419,0,0,0,3840,5.2224e+08,1.34602e+12,0,profile_only
L0_relaunch3,ad6bb15,W0,3,350,1,0.791112,-9.4,8.47,-2.7919,-9.4,8.47,-2.7919,0,0,0,3840,4.71002e+08,1.37063e+12,0,profile_only
L0_relaunch3,ad6bb15,W0,3,351,1,0.844447,-9.6,8.37,-2.7419,-9.6,8.37,-2.7419,0,0,0,3840,4.83456e+08,1.39988e+12,0,profile_only
L0_relaunch3,ad6bb15,W0,3,352,1,0.839437,-9.75,8.32,-2.6919,-9.75,8.32,-2.6919,0,0,0,3840,5.0012e+08,1.42569e+12,0,profile_only
L0_relaunch3,ad6bb15,W0,3,353,1,0.824738,-9.9,8.22,-2.6419,-9.9,8.22,-2.6419,0,0,0,3840,4.99655e+08,1.43965e+12,0,profile_only
L0_relaunch3,ad6bb15,W0,3,354,1,0.840492,-10.1,8.07,-2.5419,-10.1,8.07,-2.5419,0,0,0,3840,5.16566e+08,1.46194e+12,0,profile_only
L0_relaunch3,ad6bb15,W0,3,355,1,0.867947,-10.25,7.97,-2.4919,-10.25,7.97,-2.4919,0,0,0,3840,4.94225e+08,1.48265e+12,0,profile_only
L0_relaunch3,ad6bb15,W0,3,356,1,0.842569,-10.4,7.82,-2.4419,-10.4,7.82,-2.4419,0,0,0,3840,5.2371e+08,1.48488e+12,0,profile_only
L0_relaunch3,ad6bb15,W0,3,357,1,0.8869,-10.55,7.62,-2.3419,-10.55,7.62,-2.3419,0,0,0,3840,5.73109e+08,1.49321e+12,0,profile_only
L0_relaunch3,ad6bb15,W0,3,358,1,0.880414,-10.65,7.52,-2.2919,-10.65,7.52,-2.2919,0,0,0,3840,5.33119e+08,1.50003e+12,0,profile_only
L0_relaunch3,ad6bb15,W0,3,359,1,0.888088,-10.85,7.27,-2.1919,-10.85,7.27,-2.1919,0,0,0,3840,5.19377e+08,1.49401e+12,0,profile_only
L0_relaunch3,ad6bb15,W0,3,360,1,0.863263,-10.9,7.12,-2.1419,-10.9,7.12,-2.1419,0,0,0,3840,4.51687e+08,1.45468e+12,0,profile_only
L0_relaunch3,ad6bb15,W0,3,361,1,0.870828,-11.05,6.87,-2.0419,-11.05,6.87,-2.0419,0,0,0,3840,5.62332e+08,1.43558e+12,0,profile_only
L0_relaunch3,ad6bb15,W0,3,362,1,0.838367,-11.1,6.67,-1.9919,-11.1,6.67,-1.9919,0,0,0,3840,4.37959e+08,1.37415e+12,0,profile_only
L0_relaunch3,ad6bb15,W0,3,363,1,0.794217,-11.2,6.42,-1.8919,-11.2,6.42,-1.8919,0,0,0,3840,4.42026e+08,1.35929e+12,0,profile_only
L0_relaunch3,ad6bb15,W0,3,364,1,0.772683,-11.25,6.17,-1.7919,-11.25,6.17,-1.7919,0,0,0,3840,4.68917e+08,1.34949e+12,0,profile_only
L0_relaunch3,ad6bb15,W0,3,365,1,0.825697,-11.25,5.92,-1.7419,-11.25,5.92,-1.7419,0,0,0,3840,4.56588e+08,1.37302e+12,0,profile_only
L0_relaunch3,ad6bb15,W0,3,366,1,0.740597,-11.3,5.57,-1.5919,-11.3,5.57,-1.5919,0,0,0,3840,5.79367e+08,1.40656e+12,0,profile_only
L0_relaunch3,ad6bb15,W0,3,367,1,0.831095,-11.25,5.22,-1.4919,-11.25,5.22,-1.4919,0,0,0,3840,5.94281e+08,1.46322e+12,0,profile_only
L0_relaunch3,ad6bb15,W0,3,368,1,0.758644,-11.25,5.02,-1.3919,-11.25,5.02,-1.3919,0,0,0,3840,5.36564e+08,1.52746e+12,0,profile_only
L0_relaunch3,ad6bb15,W0,3,369,1,0.807798,-11.1,4.77,-1.2419,-11.1,4.77,-1.2419,0,0,0,3840,6.18265e+08,1.55412e+12,0,profile_only
L0_relaunch3,ad6bb15,W0,3,370,1,0.771449,-11,4.62,-1.0919,-11,4.62,-1.0919,0,0,0,3840,6.61135e+08,1.61996e+12,0,profile_only
L0_relaunch3,ad6bb15,W0,3,371,1,0.749788,-10.8,4.37,-0.841899,-10.8,4.37,-0.841899,0,0,0,3840,7.01756e+08,1.64951e+12,0,profile_only
L0_relaunch3,ad6bb15,W0,3,372,1,0.750497,-10.45,4.22,-0.541899,-10.45,4.22,-0.541899,0,0,0,3840,6.91297e+08,1.68003e+12,0,profile_only
L0_relaunch3,ad6bb15,W0,3,373,1,0.777027,-10.1,4.12,-0.291899,-10.1,4.12,-0.291899,0,0,0,3840,6.42756e+08,1.76083e+12,0,profile_only
L0_relaunch3,ad6bb15,W0,3,374,1,0.820882,-9.8,4.07,-0.141899,-9.8,4.07,-0.141899,0,0,0,3840,6.04862e+08,1.84385e+12,0,profile_only
L0_relaunch3,ad6bb15,W0,3,375,1,0.74779,-9.55,4.07,-0.0918989,-9.55,4.07,-0.0918989,0,0,0,3840,4.8436e+08,1.89951e+12,0,profile_only
L0_relaunch3,ad6bb15,W0,3,376,1,0.726818,-9.1,4.02,-0.0418989,-9.1,4.02,-0.0418989,0,0,0,3840,4.74198e+08,1.89771e+12,0,profile_only
L0_relaunch3,ad6bb15,W0,3,377,1,0.712072,-8.55,3.97,-0.141899,-8.55,3.97,-0.141899,0,0,0,3840,3.25015e+08,1.87998e+12,0,profile_only
L0_relaunch3,ad6bb15,W0,3,378,1,0.800306,-7.9,3.82,-0.291899,-7.9,3.82,-0.291899,0,0,0,3840,2.6739e+08,1.80432e+12,0,profile_only
L0_relaunch3,ad6bb15,W0,3,379,1,0.823562,-7.4,3.57,-0.341899,-7.4,3.57,-0.341899,0,0,0,3840,3.50085e+08,1.78354e+12,0,profile_only
L0_relaunch3,ad6bb15,W0,3,380,1,0.818407,-7.1,3.42,-0.391899,-7.1,3.42,-0.391899,0,0,0,3840,3.74447e+08,1.77522e+12,0,profile_only
L0_relaunch3,ad6bb15,W0,3,381,1,0.811215,-6.7,3.22,-0.441899,-6.7,3.22,-0.441899,0,0,0,3840,3.73564e+08,1.77241e+12,0,profile_only
L0_relaunch3,ad6bb15,W0,3,382,1,0.821497,-6.4,3.07,-0.441899,-6.4,3.07,-0.441899,0,0,0,3840,3.84941e+08,1.76222e+12,0,profile_only
L0_relaunch3,ad6bb15,W0,3,383,1,0.796943,-6.05,2.92,-0.441899,-6.05,2.92,-0.441899,0,0,0,3840,4.21628e+08,1.77358e+12,0,profile_only
L0_relaunch3,ad6bb15,W0,3,384,1,0.783542,-5.5,2.67,-0.441899,-5.5,2.67,-0.441899,0,0,0,3840,4.27698e+08,1.78518e+12,0,profile_only
L0_relaunch3,ad6bb15,W0,3,385,1,0.853727,-5,2.42,-0.441899,-5,2.42,-0.441899,0,0,0,3840,4.21935e+08,1.79853e+12,0,profile_only
L0_relaunch3,ad6bb15,W0,3,386,1,0.768809,-4.8,2.32,-0.441899,-4.8,2.32,-0.441899,0,0,0,3840,4.21755e+08,1.79709e+12,0,profile_only
L0_relaunch3,ad6bb15,W0,3,387,1,0.822223,-4,1.87,-0.491899,-4,1.87,-0.491899,0,0,0,3840,3.42357e+08,1.82362e+12,0,profile_only
L0_relaunch3,ad6bb15,W0,3,388,1,0.818516,-3.8,1.72,-0.541899,-3.8,1.72,-0.541899,0,0,0,3840,3.56877e+08,1.77845e+12,0,profile_only
L0_relaunch3,ad6bb15,W0,3,389,1,0.828717,-3.55,1.57,-0.591899,-3.55,1.57,-0.591899,0,0,0,3840,3.53404e+08,1.78639e+12,0,profile_only
L0_relaunch3,ad6bb15,W0,3,390,1,0.817968,-3.35,1.42,-0.641899,-3.35,1.42,-0.641899,0,0,0,3840,3.65306e+08,1.7958e+12,0,profile_only
L0_relaunch3,ad6bb15,W0,3,391,1,0.88006,-3.05,1.17,-0.691899,-3.05,1.17,-0.691899,0,0,0,3840,3.41433e+08,1.81814e+12,0,profile_only
L0_relaunch3,ad6bb15,W0,3,392,1,0.788123,-2.9,1.02,-0.741899,-2.9,1.02,-0.741899,0,0,0,3840,4.04028e+08,1.82172e+12,0,profile_only
L0_relaunch3,ad6bb15,W0,3,393,1,0.832258,-2.7,0.82,-0.741899,-2.7,0.82,-0.741899,0,0,0,3840,3.80467e+08,1.83056e+12,0,profile_only
L0_relaunch3,ad6bb15,W0,3,394,1,0.803272,-2.6,0.72,-0.791899,-2.6,0.72,-0.791899,0,0,0,3840,3.59768e+08,1.81354e+12,0,profile_only
L0_relaunch3,ad6bb15,W0,3,395,1,0.792131,-2.4,0.52,-0.791899,-2.4,0.52,-0.791899,0,0,0,3840,3.98106e+08,1.79228e+12,0,profile_only
L0_relaunch3,ad6bb15,W0,3,396,1,0.829541,-2.25,0.37,-0.791899,-2.25,0.37,-0.791899,0,0,0,3840,4.27191e+08,1.72052e+12,0,profile_only
L0_relaunch3,ad6bb15,W0,3,397,1,0.873012,-2,0.12,-0.691899,-2,0.12,-0.691899,0,0,0,3840,5.59486e+08,1.66536e+12,0,profile_only
L0_relaunch3,ad6bb15,W0,3,398,1,0.806973,-1.75,-0.03,-0.591899,-1.75,-0.03,-0.591899,0,0,0,3840,6.27057e+08,1.65423e+12,0,profile_only
L0_relaunch3,ad6bb15,W0,3,399,1,0.793231,-1.4,-0.18,-0.441899,-1.4,-0.18,-0.441899,0,0,0,3840,4.88826e+08,1.65022e+12,0,profile_only
L0_relaunch3,ad6bb15,W0,3,400,1,0.783628,-1,-0.33,-0.391899,-1,-0.33,-0.391899,0,0,0,3840,4.5322e+08,1.64292e+12,0,profile_only
L0_relaunch3,ad6bb15,W0,3,401,1,0.828409,-0.5,-0.53,-0.341899,-0.5,-0.53,-0.341899,0,0,0,3840,4.55961e+08,1.64574e+12,0,profile_only
L0_relaunch3,ad6bb15,W0,3,402,1,0.836702,-0.2,-0.58,-0.291899,-0.2,-0.58,-0.291899,0,0,0,3840,3.82327e+08,1.65921e+12,0,profile_only
L0_relaunch3,ad6bb15,W0,3,403,1,0.733061,0.05,-0.68,-0.241899,0.05,-0.68,-0.241899,0,0,0,3840,4.44586e+08,1.66809e+12,0,profile_only
L0_relaunch3,ad6bb15,W0,3,404,1,0.796818,0.45,-0.68,-0.0918989,0.45,-0.68,-0.0918989,0,0,0,3840,6.65854e+08,1.68143e+12,0,profile_only
L0_relaunch3,ad6bb15,W0,3,405,1,0.814892,0.75,-0.68,0.00810113,0.75,-0.68,0.00810113,0,0,0,3840,5.31091e+08,1.72268e+12,0,profile_only
L0_relaunch3,ad6bb15,W0,3,406,1,0.794199,1,-0.63,0.108101,1,-0.63,0.108101,0,0,0,3840,5.05806e+08,1.73305e+12,0,profile_only
L0_relaunch3,ad6bb15,W0,3,407,1,0.697549,1.3,-0.53,0.208101,1.3,-0.53,0.208101,0,0,0,3840,5.33285e+08,1.73516e+12,0,profile_only
L0_relaunch3,ad6bb15,W0,3,408,1,0.895061,1.6,-0.48,0.308101,1.6,-0.48,0.308101,0,0,0,3840,5.31808e+08,1.7301e+12,0,profile_only
L0_relaunch3,ad6bb15,W0,3,409,1,0.869358,1.9,-0.33,0.408101,1.9,-0.33,0.408101,0,0,0,3840,6.00506e+08,1.72943e+12,0,profile_only
L0_relaunch3,ad6bb15,W0,3,410,1,0.836604,2.05,-0.28,0.458101,2.05,-0.28,0.458101,0,0,0,3840,5.73627e+08,1.72915e+12,0,profile_only
L0_relaunch3,ad6bb15,W0,3,411,1,0.833292,2.35,-0.03,0.608101,2.35,-0.03,0.608101,0,0,0,3840,5.94887e+08,1.72321e+12,0,profile_only
L0_relaunch3,ad6bb15,W0,3,412,1,0.915272,2.5,0.07,0.658101,2.5,0.07,0.658101,0,0,0,3840,4.98177e+08,1.71304e+12,0,profile_only
L0_relaunch3,ad6bb15,W0,3,413,1,0.884074,2.65,0.22,0.708101,2.65,0.22,0.708101,0,0,0,3840,5.32329e+08,1.7011e+12,0,profile_only
L0_relaunch3,ad6bb15,W0,3,414,1,0.877086,2.8,0.37,0.808101,2.8,0.37,0.808101,0,0,0,3840,5.59603e+08,1.68961e+12,0,profile_only
L0_relaunch3,ad6bb15,W0,3,415,1,0.882759,2.95,0.57,0.858101,2.95,0.57,0.858101,0,0,0,3840,5.36477e+08,1.67693e+12,0,profile_only
L0_relaunch3,ad6bb15,W0,3,416,1,0.851851,3.1,0.77,0.958101,3.1,0.77,0.958101,0,0,0,3840,5.74265e+08,1.66327e+12,0,profile_only
L0_relaunch3,ad6bb15,W0,3,417,1,0.814634,3.2,0.97,1.0081,3.2,0.97,1.0081,0,0,0,3840,5.4578e+08,1.67714e+12,0,profile_only
L0_relaunch3,ad6bb15,W0,3,418,1,0.837416,3.35,1.27,1.1581,3.35,1.27,1.1581,0,0,0,3840,5.61727e+08,1.70507e+12,0,profile_only
L0_relaunch3,ad6bb15,W0,3,419,1,0.857347,3.4,1.47,1.2081,3.4,1.47,1.2081,0,0,0,3840,4.92576e+08,1.71924e+12,0,profile_only
L0_relaunch3,ad6bb15,W0,3,420,1,0.770877,3.45,1.77,1.3081,3.45,1.77,1.3081,0,0,0,3840,5.14447e+08,1.73006e+12,0,profile_only
L0_relaunch3,ad6bb15,W0,3,421,1,0.749749,3.55,2.17,1.4581,3.55,2.17,1.4581,0,0,0,3840,5.12588e+08,1.73494e+12,0,profile_only
L0_relaunch3,ad6bb15,W0,3,422,1,0.82752,3.55,2.52,1.5581,3.55,2.52,1.5581,0,0,0,3840,4.9192e+08,1.7483e+12,0,profile_only
L0_relaunch3,ad6bb15,W0,3,423,1,0.687279,3.5,2.77,1.6081,3.5,2.77,1.6081,0,0,0,3840,5.30262e+08,1.7625e+12,0,profile_only
L0_relaunch3,ad6bb15,W0,3,424,1,0.761904,3.45,3.22,1.7581,3.45,3.22,1.7581,0,0,0,3840,6.2268e+08,1.79017e+12,0,profile_only
L0_relaunch3,ad6bb15,W0,3,425,1,0.80382,3.35,3.52,1.8581,3.35,3.52,1.8581,0,0,0,3840,5.84159e+08,1.82042e+12,0,profile_only
L0_relaunch3,ad6bb15,W0,3,426,1,0.853988,3.15,3.82,1.9581,3.15,3.82,1.9581,0,0,0,3840,5.79461e+08,1.8413e+12,0,profile_only
L0_relaunch3,ad6bb15,W0,3,427,1,0.920622,3.05,4.07,2.0581,3.05,4.07,2.0581,0,0,0,3840,5.53547e+08,1.85232e+12,0,profile_only
L0_relaunch3,ad6bb15,W0,3,428,1,0.930371,2.85,4.32,2.1581,2.85,4.32,2.1581,0,0,0,3840,5.67357e+08,1.83089e+12,0,profile_only
L0_relaunch3,ad6bb15,W0,3,429,1,0.918321,2.8,4.42,2.2081,2.8,4.42,2.2081,0,0,0,3840,5.29122e+08,1.79845e+12,0,profile_only
L0_relaunch3,ad6bb15,W0,3,430,1,0.874096,2.7,4.52,2.2581,2.7,4.52,2.2581,0,0,0,3840,5.07302e+08,1.77381e+12,0,profile_only
L0_relaunch3,ad6bb15,W0,3,431,1,0.857086,2.35,4.87,2.4081,2.35,4.87,2.4081,0,0,0,3840,5.60286e+08,1.74839e+12,0,profile_only
L0_relaunch3,ad6bb15,W0,3,432,1,0.870439,2.1,5.02,2.5081,2.1,5.02,2.5081,0,0,0,3840,5.60774e+08,1.73035e+12,0,profile_only
L0_relaunch3,ad6bb15,W0,3,433,1,0.820551,1.7,5.27,2.6581,1.7,5.27,2.6581,0,0,0,3840,5.60595e+08,1.73881e+12,0,profile_only
L0_relaunch3,ad6bb15,W0,3,434,1,0.865832,1.25,5.42,2.8081,1.25,5.42,2.8081,0,0,0,3840,5.98371e+08,1.74328e+12,0,profile_only
L0_relaunch3,ad6bb15,W0,3,435,1,0.770688,1.2,5.37,2.8081,1.2,5.37,2.8081,0,0,0,3840,4.57916e+08,1.76685e+12,0,profile_only
L0_relaunch3,ad6bb15,W0,3,436,1,0.840373,0.25,5.72,2.8081,0.25,5.72,2.8081,0,0,0,3840,4.07527e+08,1.76362e+12,0,profile_only
L0_relaunch3,ad6bb15,W0,3,437,1,0.913508,-0.25,5.92,2.8081,-0.25,5.92,2.8081,0,0,0,3840,4.4032e+08,1.74894e+12,0,profile_only
L0_relaunch3,ad6bb15,W0,3,438,1,0.928171,-0.4,5.97,2.8081,-0.4,5.97,2.8081,0,0,0,3840,4.9063e+08,1.76819e+12,0,profile_only
L0_relaunch3,ad6bb15,W0,3,439,1,0.919523,-0.65,6.07,2.8081,-0.65,6.07,2.8081,0,0,0,3840,4.39166e+08,1.77703e+12,0,profile_only
L0_relaunch3,ad6bb15,W0,3,440,1,0.924728,-0.8,6.12,2.8081,-0.8,6.12,2.8081,0,0,0,3840,4.5276e+08,1.79512e+12,0,profile_only
L0_relaunch3,ad6bb15,W0,3,441,1,0.885912,-0.95,6.17,2.7581,-0.95,6.17,2.7581,0,0,0,3840,3.6697e+08,1.81072e+12,0,profile_only
L0_relaunch3,ad6bb15,W0,3,442,1,0.898134,-1.15,6.27,2.7581,-1.15,6.27,2.7581,0,0,0,3840,4.11473e+08,1.82198e+12,0,profile_only
L0_relaunch3,ad6bb15,W0,3,443,1,0.855762,-1.3,6.32,2.7081,-1.3,6.32,2.7081,0,0,0,3840,4.27822e+08,1.8428e+12,0,profile_only
L0_relaunch3,ad6bb15,W0,3,444,1,0.862324,-1.5,6.42,2.7081,-1.5,6.42,2.7081,0,0,0,3840,4.43521e+08,1.84601e+12,0,profile_only
L0_relaunch3,ad6bb15,W0,3,445,1,0.822281,-1.55,6.47,2.7081,-1.55,6.47,2.7081,0,0,0,3840,3.95945e+08,1.85917e+12,0,profile_only
L0_relaunch3,ad6bb15,W0,3,446,1,0.800668,-1.75,6.57,2.7081,-1.75,6.57,2.7081,0,0,0,3840,4.09941e+08,1.86222e+12,0,profile_only
L0_relaunch3,ad6bb15,W0,3,447,1,0.785921,-1.75,6.57,2.7081,-1.75,6.57,2.7081,0,0,0,3840,4.34118e+08,1.86096e+12,0,profile_only
L0_relaunch3,ad6bb15,W0,3,448,1,0.768704,-1.75,6.57,2.7081,-1.75,6.57,2.7081,0,0,0,3840,4.34076e+08,1.86094e+12,0,profile_only
L0_relaunch3,ad6bb15,W0,3,449,1,0.774087,-1.75,6.57,2.7081,-1.75,6.57,2.7081,0,0,0,3840,4.35976e+08,1.86083e+12,0,profile_only
L0_relaunch3,ad6bb15,W0,3,450,1,0.779326,-1.75,6.57,2.7081,-1.75,6.57,2.7081,0,0,0,3840,4.36054e+08,1.86083e+12,0,profile_only
L0_relaunch3,ad6bb15,W0,3,451,1,0.774298,-1.75,6.57,2.7081,-1.75,6.57,2.7081,0,0,0,3840,4.36016e+08,1.86128e+12,0,profile_only
L0_relaunch3,ad6bb15,W0,3,452,1,0.785565,-1.75,6.57,2.7081,-1.75,6.57,2.7081,0,0,0,3840,4.36016e+08,1.86079e+12,0,profile_only
L0_relaunch3,ad6bb15,W0,3,453,1,0.783011,-1.8,6.57,2.7081,-1.8,6.57,2.7081,0,0,0,3840,4.35996e+08,1.86031e+12,0,profile_only
L0_relaunch3,ad6bb15,W0,3,454,1,0.77433,-1.8,6.57,2.7081,-1.8,6.57,2.7081,0,0,0,3840,4.44983e+08,1.8652e+12,0,profile_only
L0_relaunch3,ad6bb15,W0,3,455,1,0.780425,-1.75,6.57,2.7081,-1.75,6.57,2.7081,0,0,0,3840,4.47091e+08,1.86527e+12,0,profile_only
L0_relaunch3,ad6bb15,W0,3,456,1,0.780425,-1.75,6.57,2.7081,-1.75,6.57,2.7081,0,0,0,3840,4.3403e+08,1.86103e+12,0,profile_only
L0_relaunch3,ad6bb15,W0,3,457,1,0.774087,-1.75,6.57,2.7081,-1.75,6.57,2.7081,0,0,0,3840,4.35959e+08,1.8608e+12,0,profile_only
L0_relaunch3,ad6bb15,W0,3,458,1,0.781168,-1.75,6.57,2.7081,-1.75,6.57,2.7081,0,0,0,3840,4.3414e+08,1.86075e+12,0,profile_only
L0_relaunch3,ad6bb15,W0,3,459,1,0.764873,-1.75,6.57,2.7081,-1.75,6.57,2.7081,0,0,0,3840,4.34071e+08,1.86093e+12,0,profile_only
L0_relaunch3,ad6bb15,W0,3,460,1,0.786697,-1.8,6.57,2.7081,-1.8,6.57,2.7081,0,0,0,3840,4.3513e+08,1.8606e+12,0,profile_only
L0_relaunch3,ad6bb15,W0,3,461,1,0.783011,-1.75,6.57,2.7081,-1.75,6.57,2.7081,0,0,0,3840,4.49117e+08,1.86496e+12,0,profile_only
L0_relaunch3,ad6bb15,W1,1,0,1,0.844897,-2,6.82,-3.02553,-2,6.82,-3.02553,0,0,0,14415,3.11874e+08,1.87745e+13,0,profile_only
L0_relaunch3,ad6bb15,W1,1,1,1,0.848227,-2,6.82,-3.02553,-2,6.82,-3.02553,0,0,0,14415,3.59743e+08,1.87722e+13,0,profile_only
L0_relaunch3,ad6bb15,W1,1,2,1,0.847483,-2,6.82,-3.02553,-2,6.82,-3.02553,0,0,0,14415,3.63683e+08,1.87739e+13,0,profile_only
L0_relaunch3,ad6bb15,W1,1,3,1,0.844574,-2,6.82,-3.02553,-2,6.82,-3.02553,0,0,0,14415,3.59756e+08,1.87728e+13,0,profile_only
L0_relaunch3,ad6bb15,W1,1,4,1,0.842343,-2,6.82,-3.02553,-2,6.82,-3.02553,0,0,0,14415,3.11791e+08,1.87736e+13,0,profile_only
L0_relaunch3,ad6bb15,W1,1,5,1,0.842553,-2,6.82,-3.02553,-2,6.82,-3.02553,0,0,0,14415,3.11742e+08,1.8773e+13,0,profile_only
L0_relaunch3,ad6bb15,W1,1,6,1,0.852722,-2,6.82,-3.02553,-2,6.82,-3.02553,0,0,0,14415,3.59752e+08,1.87726e+13,0,profile_only
L0_relaunch3,ad6bb15,W1,1,7,1,0.858961,-2,6.82,-3.02553,-2,6.82,-3.02553,0,0,0,14415,3.12947e+08,1.87738e+13,0,profile_only
L0_relaunch3,ad6bb15,W1,1,8,1,0.855842,-2,6.82,-3.02553,-2,6.82,-3.02553,0,0,0,14415,3.13033e+08,1.87744e+13,0,profile_only
L0_relaunch3,ad6bb15,W1,1,9,1,0.847904,-2,6.82,-3.02553,-2,6.82,-3.02553,0,0,0,14415,3.12849e+08,1.87763e+13,0,profile_only
L0_relaunch3,ad6bb15,W1,1,10,1,0.846384,-2,6.82,-3.02553,-2,6.82,-3.02553,0,0,0,14415,3.41809e+08,1.87733e+13,0,profile_only
L0_relaunch3,ad6bb15,W1,1,11,1,0.847839,-2,6.82,-3.02553,-2,6.82,-3.02553,0,0,0,14415,3.59701e+08,1.87769e+13,0,profile_only
L0_relaunch3,ad6bb15,W1,1,12,1,0.847371,-2,6.82,-3.02553,-2,6.82,-3.02553,0,0,0,14415,3.41775e+08,1.87736e+13,0,profile_only
L0_relaunch3,ad6bb15,W1,1,13,1,0.84868,-2,6.82,-3.02553,-2,6.82,-3.02553,0,0,0,14415,3.12887e+08,1.87719e+13,0,profile_only
L0_relaunch3,ad6bb15,W1,1,14,1,0.845851,-2,6.82,-3.02553,-2,6.82,-3.02553,0,0,0,14415,3.59663e+08,1.8775e+13,0,profile_only
L0_relaunch3,ad6bb15,W1,1,15,1,0.856164,-2,6.82,-3.02553,-2,6.82,-3.02553,0,0,0,14415,3.60711e+08,1.87723e+13,0,profile_only
L0_relaunch3,ad6bb15,W1,1,16,1,0.841922,-2,6.82,-3.02553,-2,6.82,-3.02553,0,0,0,14415,3.59686e+08,1.87721e+13,0,profile_only
L0_relaunch3,ad6bb15,W1,1,17,1,0.844752,-2,6.82,-3.02553,-2,6.82,-3.02553,0,0,0,14415,3.11918e+08,1.87752e+13,0,profile_only
L0_relaunch3,ad6bb15,W1,1,18,1,0.844719,-2,6.82,-3.02553,-2,6.82,-3.02553,0,0,0,14415,3.60687e+08,1.87741e+13,0,profile_only
L0_relaunch3,ad6bb15,W1,1,19,1,0.854387,-2,6.82,-3.02553,-2,6.82,-3.02553,0,0,0,14415,3.5967e+08,1.87748e+13,0,profile_only
L0_relaunch3,ad6bb15,W1,1,20,1,0.84181,-2,6.82,-3.02553,-2,6.82,-3.02553,0,0,0,14415,3.11756e+08,1.87709e+13,0,profile_only
L0_relaunch3,ad6bb15,W1,1,21,1,0.84543,-2,6.82,-3.02553,-2,6.82,-3.02553,0,0,0,14415,3.64772e+08,1.87748e+13,0,profile_only
L0_relaunch3,ad6bb15,W1,1,22,1,0.861613,-2.05,6.82,-3.02553,-2.05,6.82,-3.02553,0,0,0,14415,3.10635e+08,1.87696e+13,0,profile_only
L0_relaunch3,ad6bb15,W1,1,23,1,0.867207,-2.15,6.82,-3.02553,-2.15,6.82,-3.02553,0,0,0,14415,2.96737e+08,1.87667e+13,0,profile_only
L0_relaunch3,ad6bb15,W1,1,24,1,0.860318,-2.2,6.82,-3.02553,-2.2,6.82,-3.02553,0,0,0,14415,2.92809e+08,1.87708e+13,0,profile_only
L0_relaunch3,ad6bb15,W1,1,25,1,0.812759,-2.3,6.82,-3.02553,-2.3,6.82,-3.02553,0,0,0,14415,4.17496e+08,1.87874e+13,0,profile_only
L0_relaunch3,ad6bb15,W1,1,26,1,0.853193,-2.6,6.77,-3.02553,-2.6,6.77,-3.02553,0,0,0,14415,4.22093e+08,1.88502e+13,0,profile_only
L0_relaunch3,ad6bb15,W1,1,27,1,0.848372,-2.8,6.77,-3.02553,-2.8,6.77,-3.02553,0,0,0,14415,3.92565e+08,1.91633e+13,0,profile_only
L0_relaunch3,ad6bb15,W1,1,28,1,0.875565,-3.15,6.72,-2.97553,-3.15,6.72,-2.97553,0,0,0,14415,4.032e+08,1.93072e+13,0,profile_only
L0_relaunch3,ad6bb15,W1,1,29,1,0.940491,-3.4,6.67,-2.97553,-3.4,6.67,-2.97553,0,0,0,14415,3.86688e+08,1.9819e+13,0,profile_only
L0_relaunch3,ad6bb15,W1,1,30,1,0.923952,-3.7,6.62,-2.92553,-3.7,6.62,-2.92553,0,0,0,14415,4.48501e+08,1.9885e+13,0,profile_only
L0_relaunch3,ad6bb15,W1,1,31,1,0.816916,-4.1,6.52,-2.92553,-4.1,6.52,-2.92553,0,0,0,14415,5.07269e+08,1.95087e+13,0,profile_only
L0_relaunch3,ad6bb15,W1,1,32,1,0.781125,-4.4,6.47,-3.02553,-4.4,6.47,-3.02553,0,0,0,14415,3.85703e+08,1.95079e+13,0,profile_only
L0_relaunch3,ad6bb15,W1,1,33,1,0.854728,-4.85,6.52,3.00766,-4.85,6.52,3.00766,0,0,0,14415,1.77453e+08,1.8956e+13,0,profile_only
L0_relaunch3,ad6bb15,W1,1,34,1,0.863003,-5.1,6.67,2.85766,-5.1,6.67,2.85766,0,0,0,14415,5.62375e+08,1.8314e+13,0,profile_only
L0_relaunch3,ad6bb15,W1,1,35,1,0.862712,-5.3,6.72,2.65766,-5.3,6.72,2.65766,0,0,0,14415,3.60149e+08,1.74957e+13,0,profile_only
L0_relaunch3,ad6bb15,W1,1,36,1,0.870697,-5.55,6.97,2.40766,-5.55,6.97,2.40766,0,0,0,14415,3.99125e+08,1.67264e+13,0,profile_only
L0_relaunch3,ad6bb15,W1,1,37,1,0.848227,-5.75,7.27,2.25766,-5.75,7.27,2.25766,0,0,0,14415,2.95299e+08,1.55789e+13,0,profile_only
L0_relaunch3,ad6bb15,W1,1,38,1,0.908349,-5.95,7.62,2.10766,-5.95,7.62,2.10766,0,0,0,14415,3.43629e+08,1.44252e+13,0,profile_only
L0_relaunch3,ad6bb15,W1,1,39,1,0.884261,-6.1,7.87,2.10766,-6.1,7.87,2.10766,0,0,0,14415,3.58353e+08,1.35173e+13,0,profile_only
L0_relaunch3,ad6bb15,W1,1,40,1,0.900365,-6.2,8.02,2.10766,-6.2,8.02,2.10766,0,0,0,14415,3.14599e+08,1.28284e+13,0,profile_only
L0_relaunch3,ad6bb15,W1,1,41,1,0.920313,-6.25,8.12,2.10766,-6.25,8.12,2.10766,0,0,0,14415,4.38053e+08,1.24456e+13,0,profile_only
L0_relaunch3,ad6bb15,W1,1,42,1,0.883858,-6.4,8.32,2.15766,-6.4,8.32,2.15766,0,0,0,14415,3.52662e+08,1.22127e+13,0,profile_only
L0_relaunch3,ad6bb15,W1,1,43,1,0.92623,-6.4,8.37,2.15766,-6.4,8.37,2.15766,0,0,0,14415,3.93405e+08,1.1698e+13,0,profile_only
L0_relaunch3,ad6bb15,W1,1,44,1,0.891342,-6.55,8.52,2.25766,-6.55,8.52,2.25766,0,0,0,14415,6.76087e+08,1.15724e+13,0,profile_only
L0_relaunch3,ad6bb15,W1,1,45,1,0.888611,-6.65,8.62,2.30766,-6.65,8.62,2.30766,0,0,0,14415,5.57648e+08,1.13009e+13,0,profile_only
L0_relaunch3,ad6bb15,W1,1,46,1,0.895612,-6.9,8.77,2.50766,-6.9,8.77,2.50766,0,0,0,14415,7.05095e+08,1.11013e+13,0,profile_only
L0_relaunch3,ad6bb15,W1,1,47,1,0.906089,-6.95,8.82,2.55766,-6.95,8.82,2.55766,0,0,0,14415,3.78901e+08,1.09978e+13,0,profile_only
L0_relaunch3,ad6bb15,W1,1,48,1,0.885622,-7.1,8.87,2.65766,-7.1,8.87,2.65766,0,0,0,14415,4.37996e+08,1.09507e+13,0,profile_only
L0_relaunch3,ad6bb15,W1,1,49,1,0.831641,-7.25,8.92,2.75766,-7.25,8.92,2.75766,0,0,0,14415,5.23076e+08,1.09698e+13,0,profile_only
L0_relaunch3,ad6bb15,W1,1,50,1,0.849232,-7.4,8.92,2.85766,-7.4,8.92,2.85766,0,0,0,14415,4.88784e+08,1.09284e+13,0,profile_only
L0_relaunch3,ad6bb15,W1,1,51,1,0.861356,-7.45,8.92,2.90766,-7.45,8.92,2.90766,0,0,0,14415,5.04967e+08,1.10077e+13,0,profile_only
L0_relaunch3,ad6bb15,W1,1,52,1,0.80287,-7.6,8.97,3.00766,-7.6,8.97,3.00766,0,0,0,14415,4.48212e+08,1.09545e+13,0,profile_only
L0_relaunch3,ad6bb15,W1,1,53,1,0.788025,-7.85,8.92,-3.12553,-7.85,8.92,-3.12553,0,0,0,14415,4.92519e+08,1.06331e+13,0,profile_only
L0_relaunch3,ad6bb15,W1,1,54,1,0.820602,-8,8.87,-3.02553,-8,8.87,-3.02553,0,0,0,14415,4.32225e+08,1.04965e+13,0,profile_only
L0_relaunch3,ad6bb15,W1,1,55,1,0.869003,-8.2,8.82,-2.92553,-8.2,8.82,-2.92553,0,0,0,14415,4.51477e+08,1.03606e+13,0,profile_only
L0_relaunch3,ad6bb15,W1,1,56,1,0.869942,-8.35,8.77,-2.87553,-8.35,8.77,-2.87553,0,0,0,14415,3.89683e+08,1.02351e+13,0,profile_only
L0_relaunch3,ad6bb15,W1,1,57,1,0.795077,-8.45,8.72,-2.87553,-8.45,8.72,-2.87553,0,0,0,14415,3.62036e+08,1.02096e+13,0,profile_only
L0_relaunch3,ad6bb15,W1,1,58,1,0.76357,-8.65,8.67,-2.82553,-8.65,8.67,-2.82553,0,0,0,14415,4.34524e+08,1.01526e+13,0,profile_only
L0_relaunch3,ad6bb15,W1,1,59,1,0.809577,-8.9,8.62,-2.82553,-8.9,8.62,-2.82553,0,0,0,14415,4.14089e+08,1.02882e+13,0,profile_only
L0_relaunch3,ad6bb15,W1,1,60,1,0.807103,-9.1,8.52,-2.82553,-9.1,8.52,-2.82553,0,0,0,14415,3.66545e+08,1.01429e+13,0,profile_only
L0_relaunch3,ad6bb15,W1,1,61,1,0.81084,-9.2,8.52,-2.82553,-9.2,8.52,-2.82553,0,0,0,14415,3.9092e+08,1.02191e+13,0,profile_only
L0_relaunch3,ad6bb15,W1,1,62,1,0.770456,-9.35,8.47,-2.82553,-9.35,8.47,-2.82553,0,0,0,14415,3.69047e+08,1.03844e+13,0,profile_only
L0_relaunch3,ad6bb15,W1,1,63,1,0.739591,-9.55,8.37,-2.77553,-9.55,8.37,-2.77553,0,0,0,14415,3.41678e+08,1.07712e+13,0,profile_only
L0_relaunch3,ad6bb15,W1,1,64,1,0.828895,-9.7,8.32,-2.77553,-9.7,8.32,-2.77553,0,0,0,14415,3.91815e+08,1.12788e+13,0,profile_only
L0_relaunch3,ad6bb15,W1,1,65,1,0.833923,-9.8,8.27,-2.77553,-9.8,8.27,-2.77553,0,0,0,14415,4.12037e+08,1.13961e+13,0,profile_only
L0_relaunch3,ad6bb15,W1,1,66,1,0.798881,-9.95,8.22,-2.77553,-9.95,8.22,-2.77553,0,0,0,14415,4.12495e+08,1.15911e+13,0,profile_only
L0_relaunch3,ad6bb15,W1,1,67,1,0.770208,-10,8.22,-2.77553,-10,8.22,-2.77553,0,0,0,14415,4.1766e+08,1.15929e+13,0,profile_only
L0_relaunch3,ad6bb15,W1,1,68,1,0.847066,-10.2,8.12,-2.72553,-10.2,8.12,-2.72553,0,0,0,14415,5.17207e+08,1.16903e+13,0,profile_only
L0_relaunch3,ad6bb15,W1,1,69,1,0.841359,-10.35,8.02,-2.67553,-10.35,8.02,-2.67553,0,0,0,14415,5.3449e+08,1.16822e+13,0,profile_only
L0_relaunch3,ad6bb15,W1,1,70,1,0.83655,-10.5,7.92,-2.62553,-10.5,7.92,-2.62553,0,0,0,14415,4.81663e+08,1.16809e+13,0,profile_only
L0_relaunch3,ad6bb15,W1,1,71,1,0.861083,-10.65,7.82,-2.57553,-10.65,7.82,-2.57553,0,0,0,14415,4.75554e+08,1.16961e+13,0,profile_only
L0_relaunch3,ad6bb15,W1,1,72,1,0.897473,-10.7,7.82,-2.57553,-10.7,7.82,-2.57553,0,0,0,14415,4.79453e+08,1.15523e+13,0,profile_only
L0_relaunch3,ad6bb15,W1,1,73,1,0.92569,-10.8,7.72,-2.52553,-10.8,7.72,-2.52553,0,0,0,14415,4.8716e+08,1.14683e+13,0,profile_only
L0_relaunch3,ad6bb15,W1,1,74,1,0.915629,-10.95,7.57,-2.47553,-10.95,7.57,-2.47553,0,0,0,14415,4.96214e+08,1.14264e+13,0,profile_only
L0_relaunch3,ad6bb15,W1,1,75,1,0.858212,-11.05,7.52,-2.42553,-11.05,7.52,-2.42553,0,0,0,14415,4.65171e+08,1.13967e+13,0,profile_only
L0_relaunch3,ad6bb15,W1,1,76,1,0.916279,-11.1,7.42,-2.37553,-11.1,7.42,-2.37553,0,0,0,14415,4.65535e+08,1.12094e+13,0,profile_only
L0_relaunch3,ad6bb15,W1,1,77,1,0.91156,-11.2,7.32,-2.32553,-11.2,7.32,-2.32553,0,0,0,14415,5.34756e+08,1.12263e+13,0,profile_only
L0_relaunch3,ad6bb15,W1,1,78,1,0.879324,-11.25,7.22,-2.27553,-11.25,7.22,-2.27553,0,0,0,14415,5.51787e+08,1.10646e+13,0,profile_only
L0_relaunch3,ad6bb15,W1,1,79,1,0.857795,-11.4,7.02,-2.17553,-11.4,7.02,-2.17553,0,0,0,14415,5.49436e+08,1.08702e+13,0,profile_only
L0_relaunch3,ad6bb15,W1,1,80,1,0.817794,-11.5,6.87,-2.07553,-11.5,6.87,-2.07553,0,0,0,14415,5.39973e+08,1.08145e+13,0,profile_only
L0_relaunch3,ad6bb15,W1,1,81,1,0.811663,-11.55,6.67,-1.97553,-11.55,6.67,-1.97553,0,0,0,14415,4.85432e+08,1.05385e+13,0,profile_only
L0_relaunch3,ad6bb15,W1,1,82,1,0.829395,-11.55,6.57,-1.92553,-11.55,6.57,-1.92553,0,0,0,14415,4.34303e+08,1.05982e+13,0,profile_only
L0_relaunch3,ad6bb15,W1,1,83,1,0.771653,-11.6,6.42,-1.87553,-11.6,6.42,-1.87553,0,0,0,14415,4.45494e+08,1.0658e+13,0,profile_only
L0_relaunch3,ad6bb15,W1,1,84,1,0.758968,-11.6,6.22,-1.77553,-11.6,6.22,-1.77553,0,0,0,14415,4.62511e+08,1.04756e+13,0,profile_only
L0_relaunch3,ad6bb15,W1,1,85,1,0.804793,-11.6,6.02,-1.67553,-11.6,6.02,-1.67553,0,0,0,14415,4.67385e+08,1.07069e+13,0,profile_only
L0_relaunch3,ad6bb15,W1,1,86,1,0.754941,-11.6,5.87,-1.62553,-11.6,5.87,-1.62553,0,0,0,14415,4.50869e+08,1.09303e+13,0,profile_only
L0_relaunch3,ad6bb15,W1,1,87,1,0.807729,-11.55,5.62,-1.47553,-11.55,5.62,-1.47553,0,0,0,14415,5.38656e+08,1.08152e+13,0,profile_only
L0_relaunch3,ad6bb15,W1,1,88,1,0.769718,-11.55,5.47,-1.42553,-11.55,5.47,-1.42553,0,0,0,14415,4.59469e+08,1.15576e+13,0,profile_only
L0_relaunch3,ad6bb15,W1,1,89,1,0.786667,-11.45,5.27,-1.32553,-11.45,5.27,-1.32553,0,0,0,14415,5.22145e+08,1.18275e+13,0,profile_only
L0_relaunch3,ad6bb15,W1,1,90,1,0.783578,-11.4,5.07,-1.22553,-11.4,5.07,-1.22553,0,0,0,14415,4.76557e+08,1.24507e+13,0,profile_only
L0_relaunch3,ad6bb15,W1,1,91,1,0.75604,-11.25,4.82,-1.07553,-11.25,4.82,-1.07553,0,0,0,14415,5.31202e+08,1.28948e+13,0,profile_only
L0_relaunch3,ad6bb15,W1,1,92,1,0.743679,-11,4.57,-0.875528,-11,4.57,-0.875528,0,0,0,14415,6.37802e+08,1.35351e+13,0,profile_only
L0_relaunch3,ad6bb15,W1,1,93,1,0.708245,-10.65,4.32,-0.575528,-10.65,4.32,-0.575528,0,0,0,14415,6.08389e+08,1.42568e+13,0,profile_only
L0_relaunch3,ad6bb15,W1,1,94,1,0.597324,-6.35,4.72,-0.575528,-6.35,4.72,-0.575528,0,0,0,14415,5.19994e+08,1.495e+13,0,profile_only
L0_relaunch3,ad6bb15,W1,1,95,1,0.795091,-7.95,3.72,-0.425528,-7.95,3.72,-0.425528,0,0,0,14415,6.16032e+08,2.40765e+13,0,profile_only
L0_relaunch3,ad6bb15,W1,1,96,1,0.860358,-7.55,3.47,-0.425528,-7.55,3.47,-0.425528,0,0,0,14415,4.46158e+08,2.25437e+13,0,profile_only
L0_relaunch3,ad6bb15,W1,1,97,1,0.799596,-7.45,3.42,-0.425528,-7.45,3.42,-0.425528,0,0,0,14415,4.14623e+08,2.30796e+13,0,profile_only
L0_relaunch3,ad6bb15,W1,1,98,1,0.888188,-7.2,3.32,-0.475528,-7.2,3.32,-0.475528,0,0,0,14415,4.08549e+08,2.30991e+13,0,profile_only
L0_relaunch3,ad6bb15,W1,1,99,1,0.847264,-7.1,3.27,-0.475528,-7.1,3.27,-0.475528,0,0,0,14415,4.2031e+08,2.30477e+13,0,profile_only
L0_relaunch3,ad6bb15,W1,1,100,1,0.865009,-6.95,3.17,-0.475528,-6.95,3.17,-0.475528,0,0,0,14415,4.02875e+08,2.30705e+13,0,profile_only
L0_relaunch3,ad6bb15,W1,1,101,1,0.846714,-6.9,3.12,-0.475528,-6.9,3.12,-0.475528,0,0,0,14415,4.11821e+08,2.31242e+13,0,profile_only
L0_relaunch3,ad6bb15,W1,1,102,1,0.877338,-6.65,3.02,-0.525528,-6.65,3.02,-0.525528,0,0,0,14415,3.96233e+08,2.31001e+13,0,profile_only
L0_relaunch3,ad6bb15,W1,1,103,1,0.873383,-6.6,2.97,-0.525528,-6.6,2.97,-0.525528,0,0,0,14415,4.44644e+08,2.30635e+13,0,profile_only
L0_relaunch3,ad6bb15,W1,1,104,1,0.86008,-6.45,2.87,-0.525528,-6.45,2.87,-0.525528,0,0,0,14415,4.39333e+08,2.30631e+13,0,profile_only
L0_relaunch3,ad6bb15,W1,1,105,1,0.841165,-6.5,2.87,-0.525528,-6.5,2.87,-0.525528,0,0,0,14415,3.89706e+08,2.30182e+13,0,profile_only
L0_relaunch3,ad6bb15,W1,1,106,1,0.797273,-6.25,2.77,-0.575528,-6.25,2.77,-0.575528,0,0,0,14415,4.43155e+08,2.30553e+13,0,profile_only
L0_relaunch3,ad6bb15,W1,1,107,1,0.848766,-6.05,2.62,-0.575528,-6.05,2.62,-0.575528,0,0,0,14415,4.26185e+08,2.29828e+13,0,profile_only
L0_relaunch3,ad6bb15,W1,1,108,1,0.842538,-5.85,2.47,-0.575528,-5.85,2.47,-0.575528,0,0,0,14415,4.4493e+08,2.28252e+13,0,profile_only
L0_relaunch3,ad6bb15,W1,1,109,1,0.794345,-5.7,2.37,-0.575528,-5.7,2.37,-0.575528,0,0,0,14415,4.37342e+08,2.26766e+13,0,profile_only
L0_relaunch3,ad6bb15,W1,1,110,1,0.860467,-5.4,2.17,-0.625528,-5.4,2.17,-0.625528,0,0,0,14415,3.94314e+08,2.26316e+13,0,profile_only
L0_relaunch3,ad6bb15,W1,1,111,1,0.807556,-5.3,2.07,-0.625528,-5.3,2.07,-0.625528,0,0,0,14415,4.51409e+08,2.24161e+13,0,profile_only
L0_relaunch3,ad6bb15,W1,1,112,1,0.761985,-5,1.87,-0.625528,-5,1.87,-0.625528,0,0,0,14415,4.64448e+08,2.24275e+13,0,profile_only
L0_relaunch3,ad6bb15,W1,1,113,1,0.810237,-4.65,1.62,-0.625528,-4.65,1.62,-0.625528,0,0,0,14415,4.64381e+08,2.25522e+13,0,profile_only
L0_relaunch3,ad6bb15,W1,1,114,1,0.826827,-4.5,1.52,-0.575528,-4.5,1.52,-0.575528,0,0,0,14415,4.65036e+08,2.24321e+13,0,profile_only
L0_relaunch3,ad6bb15,W1,1,115,1,0.807462,-4.15,1.32,-0.525528,-4.15,1.32,-0.525528,0,0,0,14415,4.85617e+08,2.24997e+13,0,profile_only
L0_relaunch3,ad6bb15,W1,1,116,1,0.857641,-4.2,1.37,-0.525528,-4.2,1.37,-0.525528,0,0,0,14415,3.93523e+08,2.24297e+13,0,profile_only
L0_relaunch3,ad6bb15,W1,1,117,1,0.818835,-4.05,1.27,-0.475528,-4.05,1.27,-0.475528,0,0,0,14415,4.9143e+08,2.26634e+13,0,profile_only
L0_relaunch3,ad6bb15,W1,1,118,1,0.772219,-4,1.27,-0.475528,-4,1.27,-0.475528,0,0,0,14415,4.34521e+08,2.25674e+13,0,profile_only
L0_relaunch3,ad6bb15,W1,1,119,1,0.821393,-3.75,1.17,-0.425528,-3.75,1.17,-0.425528,0,0,0,14415,4.85939e+08,2.24883e+13,0,profile_only
L0_relaunch3,ad6bb15,W1,1,120,1,0.833988,-3.65,1.12,-0.425528,-3.65,1.12,-0.425528,0,0,0,14415,4.75474e+08,2.20535e+13,0,profile_only
L0_relaunch3,ad6bb15,W1,1,121,1,0.891974,-3.5,1.07,-0.425528,-3.5,1.07,-0.425528,0,0,0,14415,3.83896e+08,2.17093e+13,0,profile_only
L0_relaunch3,ad6bb15,W1,1,122,1,0.864087,-3.35,0.97,-0.425528,-3.35,0.97,-0.425528,0,0,0,14415,3.35821e+08,2.14393e+13,0,profile_only
L0_relaunch3,ad6bb15,W1,1,123,1,0.831336,-3.3,0.97,-0.475528,-3.3,0.97,-0.475528,0,0,0,14415,2.89304e+08,2.1209e+13,0,profile_only
L0_relaunch3,ad6bb15,W1,1,124,1,0.908077,-3.05,0.82,-0.525528,-3.05,0.82,-0.525528,0,0,0,14415,3.17722e+08,2.12164e+13,0,profile_only
L0_relaunch3,ad6bb15,W1,1,125,1,0.80859,-3,0.77,-0.575528,-3,0.77,-0.575528,0,0,0,14415,3.92577e+08,2.08557e+13,0,profile_only
L0_relaunch3,ad6bb15,W1,1,126,1,0.897422,-2.8,0.62,-0.575528,-2.8,0.62,-0.575528,0,0,0,14415,3.83446e+08,2.10136e+13,0,profile_only
L0_relaunch3,ad6bb15,W1,1,127,1,0.828021,-2.65,0.52,-0.575528,-2.65,0.52,-0.575528,0,0,0,14415,4.87117e+08,2.08955e+13,0,profile_only
L0_relaunch3,ad6bb15,W1,1,128,1,0.740937,-2.55,0.47,-0.625528,-2.55,0.47,-0.625528,0,0,0,14415,4.40522e+08,2.08082e+13,0,profile_only
L0_relaunch3,ad6bb15,W1,1,129,1,0.854434,-2.3,0.27,-0.625528,-2.3,0.27,-0.625528,0,0,0,14415,4.23456e+08,2.05802e+13,0,profile_only
L0_relaunch3,ad6bb15,W1,1,130,1,0.801995,-2.2,0.17,-0.625528,-2.2,0.17,-0.625528,0,0,0,14415,4.76288e+08,1.98184e+13,0,profile_only
L0_relaunch3,ad6bb15,W1,1,131,1,0.82592,-1.95,0.02,-0.575528,-1.95,0.02,-0.575528,0,0,0,14415,5.24616e+08,1.93703e+13,0,profile_only
L0_relaunch3,ad6bb15,W1,1,132,1,0.831042,-1.7,-0.13,-0.525528,-1.7,-0.13,-0.525528,0,0,0,14415,4.63996e+08,1.90955e+13,0,profile_only
L0_relaunch3,ad6bb15,W1,1,133,1,0.796274,-1.55,-0.18,-0.475528,-1.55,-0.18,-0.475528,0,0,0,14415,4.91309e+08,1.88296e+13,0,profile_only
L0_relaunch3,ad6bb15,W1,1,134,1,0.813825,-1.15,-0.33,-0.375528,-1.15,-0.33,-0.375528,0,0,0,14415,5.07203e+08,1.88079e+13,0,profile_only
L0_relaunch3,ad6bb15,W1,1,135,1,0.800181,-0.8,-0.43,-0.275528,-0.8,-0.43,-0.275528,0,0,0,14415,5.79863e+08,1.86747e+13,0,profile_only
L0_relaunch3,ad6bb15,W1,1,136,1,0.762,-0.4,-0.53,-0.175528,-0.4,-0.53,-0.175528,0,0,0,14415,5.97363e+08,1.86383e+13,0,profile_only
L0_relaunch3,ad6bb15,W1,1,137,1,0.81088,-2.9976e-15,-0.53,-0.0755283,-2.9976e-15,-0.53,-0.0755283,0,0,0,14415,3.708e+08,1.8547e+13,0,profile_only
L0_relaunch3,ad6bb15,W1,1,138,1,0.844733,0.15,-0.53,-0.0255283,0.15,-0.53,-0.0255283,0,0,0,14415,2.64153e+08,1.87234e+13,0,profile_only
L0_relaunch3,ad6bb15,W1,1,139,1,0.818157,0.3,-0.53,0.0244717,0.3,-0.53,0.0244717,0,0,0,14415,2.68494e+08,1.88189e+13,0,profile_only
L0_relaunch3,ad6bb15,W1,1,140,1,0.685259,0.45,-0.53,0.0744717,0.45,-0.53,0.0744717,0,0,0,14415,4.31821e+08,1.88947e+13,0,profile_only
L0_relaunch3,ad6bb15,W1,1,141,1,0.776108,0.75,-0.48,0.124472,0.75,-0.48,0.124472,0,0,0,14415,5.45458e+08,1.89656e+13,0,profile_only
L0_relaunch3,ad6bb15,W1,1,142,1,0.816042,0.9,-0.43,0.174472,0.9,-0.43,0.174472,0,0,0,14415,4.91179e+08,1.90321e+13,0,profile_only
L0_relaunch3,ad6bb15,W1,1,143,1,0.729405,0.95,-0.43,0.174472,0.95,-0.43,0.174472,0,0,0,14415,4.34115e+08,1.92022e+13,0,profile_only
L0_relaunch3,ad6bb15,W1,1,144,1,0.832192,1.2,-0.33,0.224472,1.2,-0.33,0.224472,0,0,0,14415,5.00652e+08,1.91714e+13,0,profile_only
L0_relaunch3,ad6bb15,W1,1,145,1,0.779754,1.35,-0.28,0.274472,1.35,-0.28,0.274472,0,0,0,14415,4.53844e+08,1.93953e+13,0,profile_only
L0_relaunch3,ad6bb15,W1,1,146,1,0.73165,1.55,-0.23,0.274472,1.55,-0.23,0.274472,0,0,0,14415,4.25386e+08,1.95617e+13,0,profile_only
L0_relaunch3,ad6bb15,W1,1,147,1,0.900542,1.7,-0.18,0.324472,1.7,-0.18,0.324472,0,0,0,14415,4.89845e+08,1.95431e+13,0,profile_only
L0_relaunch3,ad6bb15,W1,1,148,1,0.80628,1.85,-0.08,0.374472,1.85,-0.08,0.374472,0,0,0,14415,4.68566e+08,1.96975e+13,0,profile_only
L0_relaunch3,ad6bb15,W1,1,149,1,0.871118,1.95,-0.08,0.374472,1.95,-0.08,0.374472,0,0,0,14415,4.86833e+08,1.9919e+13,0,profile_only
L0_relaunch3,ad6bb15,W1,1,150,1,0.882422,2.1,0.02,0.424472,2.1,0.02,0.424472,0,0,0,14415,4.59615e+08,1.98948e+13,0,profile_only
L0_relaunch3,ad6bb15,W1,1,151,1,0.838334,2.2,0.02,0.424472,2.2,0.02,0.424472,0,0,0,14415,4.75727e+08,2.0133e+13,0,profile_only
L0_relaunch3,ad6bb15,W1,1,152,1,0.895594,2.35,0.12,0.474472,2.35,0.12,0.474472,0,0,0,14415,5.22286e+08,2.01622e+13,0,profile_only
L0_relaunch3,ad6bb15,W1,1,153,1,0.92573,2.5,0.22,0.524472,2.5,0.22,0.524472,0,0,0,14415,4.56753e+08,2.03902e+13,0,profile_only
L0_relaunch3,ad6bb15,W1,1,154,1,0.826907,2.6,0.32,0.574472,2.6,0.32,0.574472,0,0,0,14415,4.13222e+08,2.05613e+13,0,profile_only
L0_relaunch3,ad6bb15,W1,1,155,1,0.851379,2.8,0.47,0.624472,2.8,0.47,0.624472,0,0,0,14415,4.81158e+08,2.07555e+13,0,profile_only
L0_relaunch3,ad6bb15,W1,1,156,1,0.886866,2.85,0.47,0.624472,2.85,0.47,0.624472,0,0,0,14415,4.21308e+08,2.08827e+13,0,profile_only
L0_relaunch3,ad6bb15,W1,1,157,1,0.922287,3,0.62,0.724472,3,0.62,0.724472,0,0,0,14415,5.28428e+08,2.06794e+13,0,profile_only
L0_relaunch3,ad6bb15,W1,1,158,1,0.915238,3.05,0.67,0.774472,3.05,0.67,0.774472,0,0,0,14415,4.69479e+08,2.0876e+13,0,profile_only
L0_relaunch3,ad6bb15,W1,1,159,1,0.841701,3.15,0.82,0.874472,3.15,0.82,0.874472,0,0,0,14415,4.43181e+08,2.09076e+13,0,profile_only
L0_relaunch3,ad6bb15,W1,1,160,1,0.907801,3.2,0.92,0.924472,3.2,0.92,0.924472,0,0,0,14415,4.57152e+08,2.11363e+13,0,profile_only
L0_relaunch3,ad6bb15,W1,1,161,1,0.854503,3.25,0.97,0.974472,3.25,0.97,0.974472,0,0,0,14415,4.36197e+08,2.12933e+13,0,profile_only
L0_relaunch3,ad6bb15,W1,1,162,1,0.805097,3.4,1.27,1.12447,3.4,1.27,1.12447,0,0,0,14415,5.18384e+08,2.14621e+13,0,profile_only
L0_relaunch3,ad6bb15,W1,1,163,1,0.83331,3.45,1.42,1.22447,3.45,1.42,1.22447,0,0,0,14415,5.5915e+08,2.15908e+13,0,profile_only
L0_relaunch3,ad6bb15,W1,1,164,1,0.796274,3.5,1.62,1.32447,3.5,1.62,1.32447,0,0,0,14415,5.65738e+08,2.15083e+13,0,profile_only
L0_relaunch3,ad6bb15,W1,1,165,1,0.802253,3.45,1.72,1.37447,3.45,1.72,1.37447,0,0,0,14415,4.71709e+08,2.14024e+13,0,profile_only
L0_relaunch3,ad6bb15,W1,1,166,1,0.825307,3.45,1.87,1.47447,3.45,1.87,1.47447,0,0,0,14415,5.19719e+08,2.15001e+13,0,profile_only
L0_relaunch3,ad6bb15,W1,1,167,1,0.779913,3.5,2.07,1.57447,3.5,2.07,1.57447,0,0,0,14415,4.71301e+08,2.14912e+13,0,profile_only
L0_relaunch3,ad6bb15,W1,1,168,1,0.832838,3.45,2.27,1.67447,3.45,2.27,1.67447,0,0,0,14415,5.03747e+08,2.12812e+13,0,profile_only
L0_relaunch3,ad6bb15,W1,1,169,1,0.830186,3.4,2.37,1.72447,3.4,2.37,1.72447,0,0,0,14415,4.38554e+08,2.135e+13,0,profile_only
L0_relaunch3,ad6bb15,W1,1,170,1,0.692402,3.35,2.52,1.77447,3.35,2.52,1.77447,0,0,0,14415,4.60991e+08,2.1344e+13,0,profile_only
L0_relaunch3,ad6bb15,W1,1,171,1,0.747079,3.25,2.72,1.87447,3.25,2.72,1.87447,0,0,0,14415,5.12407e+08,2.12832e+13,0,profile_only
L0_relaunch3,ad6bb15,W1,1,172,1,0.740915,3.2,2.87,1.92447,3.2,2.87,1.92447,0,0,0,14415,4.96007e+08,2.1363e+13,0,profile_only
L0_relaunch3,ad6bb15,W1,1,173,1,0.784053,3.15,2.92,1.97447,3.15,2.92,1.97447,0,0,0,14415,4.61451e+08,2.13371e+13,0,profile_only
L0_relaunch3,ad6bb15,W1,1,174,1,0.750873,3,3.22,2.07447,3,3.22,2.07447,0,0,0,14415,5.14964e+08,2.13252e+13,0,profile_only
L0_relaunch3,ad6bb15,W1,1,175,1,0.787869,2.9,3.37,2.12447,2.9,3.37,2.12447,0,0,0,14415,4.7055e+08,2.13402e+13,0,profile_only
L0_relaunch3,ad6bb15,W1,1,176,1,0.785137,2.8,3.47,2.17447,2.8,3.47,2.17447,0,0,0,14415,4.88028e+08,2.13329e+13,0,profile_only
L0_relaunch3,ad6bb15,W1,1,177,1,0.819035,2.7,3.62,2.22447,2.7,3.62,2.22447,0,0,0,14415,4.66836e+08,2.13646e+13,0,profile_only
L0_relaunch3,ad6bb15,W1,1,178,1,0.88745,2.6,3.72,2.27447,2.6,3.72,2.27447,0,0,0,14415,4.49548e+08,2.12961e+13,0,profile_only
L0_relaunch3,ad6bb15,W1,1,179,1,0.852174,2.5,3.82,2.32447,2.5,3.82,2.32447,0,0,0,14415,4.92515e+08,2.12305e+13,0,profile_only
L0_relaunch3,ad6bb15,W1,1,180,1,0.80945,2.35,3.92,2.37447,2.35,3.92,2.37447,0,0,0,14415,5.13489e+08,2.10424e+13,0,profile_only
L0_relaunch3,ad6bb15,W1,1,181,1,0.819811,2.2,4.07,2.42447,2.2,4.07,2.42447,0,0,0,14415,4.80299e+08,2.0648e+13,0,profile_only
L0_relaunch3,ad6bb15,W1,1,182,1,0.936304,2.05,4.17,2.42447,2.05,4.17,2.42447,0,0,0,14415,4.2523e+08,2.03843e+13,0,profile_only
L0_relaunch3,ad6bb15,W1,1,183,1,0.898025,2.1,4.17,2.42447,2.1,4.17,2.42447,0,0,0,14415,4.84723e+08,2.0301e+13,0,profile_only
L0_relaunch3,ad6bb15,W1,1,184,1,0.887802,1.8,4.42,2.47447,1.8,4.42,2.47447,0,0,0,14415,4.93362e+08,2.02784e+13,0,profile_only
L0_relaunch3,ad6bb15,W1,1,185,1,0.944873,1.65,4.52,2.47447,1.65,4.52,2.47447,0,0,0,14415,4.09916e+08,1.99979e+13,0,profile_only
L0_relaunch3,ad6bb15,W1,1,186,1,0.883829,1.5,4.62,2.47447,1.5,4.62,2.47447,0,0,0,14415,4.93092e+08,1.98879e+13,0,profile_only
L0_relaunch3,ad6bb15,W1,1,187,1,0.891974,1.25,4.82,2.52447,1.25,4.82,2.52447,0,0,0,14415,4.97134e+08,1.97897e+13,0,profile_only
L0_relaunch3,ad6bb15,W1,1,188,1,0.902969,1.1,4.92,2.52447,1.1,4.92,2.52447,0,0,0,14415,4.67388e+08,1.95722e+13,0,profile_only
L0_relaunch3,ad6bb15,W1,1,189,1,0.842767,0.95,5.02,2.52447,0.95,5.02,2.52447,0,0,0,14415,4.86567e+08,1.94232e+13,0,profile_only
L0_relaunch3,ad6bb15,W1,1,190,1,0.927525,0.55,5.27,2.57447,0.55,5.27,2.57447,0,0,0,14415,5.16821e+08,1.92653e+13,0,profile_only
L0_relaunch3,ad6bb15,W1,1,191,1,0.875228,0.4,5.37,2.57447,0.4,5.37,2.57447,0,0,0,14415,4.7995e+08,1.88952e+13,0,profile_only
L0_relaunch3,ad6bb15,W1,1,192,1,0.934462,0.05,5.57,2.62447,0.05,5.57,2.62447,0,0,0,14415,4.99524e+08,1.87323e+13,0,profile_only
L0_relaunch3,ad6bb15,W1,1,193,1,0.940458,-0.05,5.62,2.62447,-0.05,5.62,2.62447,0,0,0,14415,4.3645e+08,1.83715e+13,0,profile_only
L0_relaunch3,ad6bb15,W1,1,194,1,0.930935,-0.2,5.72,2.62447,-0.2,5.72,2.62447,0,0,0,14415,4.16671e+08,1.82853e+13,0,profile_only
L0_relaunch3,ad6bb15,W1,1,195,1,0.893251,-0.5,5.87,2.67447,-0.5,5.87,2.67447,0,0,0,14415,4.55279e+08,1.80828e+13,0,profile_only
L0_relaunch3,ad6bb15,W1,1,196,1,0.966211,-0.5,5.87,2.67447,-0.5,5.87,2.67447,0,0,0,14415,4.45487e+08,1.79649e+13,0,profile_only
L0_relaunch3,ad6bb15,W1,1,197,1,0.980519,-0.6,5.92,2.67447,-0.6,5.92,2.67447,0,0,0,14415,4.09879e+08,1.79704e+13,0,profile_only
L0_relaunch3,ad6bb15,W1,1,198,1,0.923451,-0.8,6.02,2.72447,-0.8,6.02,2.72447,0,0,0,14415,4.86006e+08,1.78445e+13,0,profile_only
L0_relaunch3,ad6bb15,W1,1,199,1,0.938438,-0.8,6.02,2.72447,-0.8,6.02,2.72447,0,0,0,14415,4.43172e+08,1.77886e+13,0,profile_only
L0_relaunch3,ad6bb15,W1,1,200,1,0.933653,-1.05,6.12,2.77447,-1.05,6.12,2.77447,0,0,0,14415,5.03882e+08,1.77116e+13,0,profile_only
L0_relaunch3,ad6bb15,W1,1,201,1,0.942123,-1.1,6.12,2.77447,-1.1,6.12,2.77447,0,0,0,14415,4.58856e+08,1.77062e+13,0,profile_only
L0_relaunch3,ad6bb15,W1,1,202,1,0.895369,-1.25,6.17,2.82447,-1.25,6.17,2.82447,0,0,0,14415,5.22767e+08,1.76882e+13,0,profile_only
L0_relaunch3,ad6bb15,W1,1,203,1,0.880158,-1.3,6.17,2.82447,-1.3,6.17,2.82447,0,0,0,14415,5.42558e+08,1.77093e+13,0,profile_only
L0_relaunch3,ad6bb15,W1,1,204,1,0.885556,-1.5,6.22,2.87447,-1.5,6.22,2.87447,0,0,0,14415,5.58247e+08,1.76641e+13,0,profile_only
L0_relaunch3,ad6bb15,W1,1,205,1,0.850476,-1.7,6.27,2.97447,-1.7,6.27,2.97447,0,0,0,14415,5.44342e+08,1.77313e+13,0,profile_only
L0_relaunch3,ad6bb15,W1,1,206,1,0.896468,-1.85,6.27,2.97447,-1.85,6.27,2.97447,0,0,0,14415,2.50377e+08,1.79409e+13,0,profile_only
L0_relaunch3,ad6bb15,W1,1,207,1,0.81737,-1.9,6.27,2.97447,-1.9,6.27,2.97447,0,0,0,14415,3.21468e+08,1.79603e+13,0,profile_only
L0_relaunch3,ad6bb15,W1,1,208,1,0.804208,-2.05,6.27,3.02447,-2.05,6.27,3.02447,0,0,0,14415,3.91068e+08,1.79334e+13,0,profile_only
L0_relaunch3,ad6bb15,W1,1,209,1,0.807745,-2.25,6.32,3.12447,-2.25,6.32,3.12447,0,0,0,14415,4.15065e+08,1.8186e+13,0,profile_only
L0_relaunch3,ad6bb15,W1,1,210,1,0.82579,-2.45,6.32,-3.10871,-2.45,6.32,-3.10871,0,0,0,14415,3.57019e+08,1.84798e+13,0,profile_only
L0_relaunch3,ad6bb15,W1,1,211,1,0.816771,-2.6,6.32,-3.05871,-2.6,6.32,-3.05871,0,0,0,14415,3.97499e+08,1.8759e+13,0,profile_only
L0_relaunch3,ad6bb15,W1,1,212,1,0.88035,-2.8,6.27,-3.05871,-2.8,6.27,-3.05871,0,0,0,14415,4.04221e+08,1.90487e+13,0,profile_only
L0_relaunch3,ad6bb15,W1,1,213,1,0.874546,-2.9,6.27,-3.00871,-2.9,6.27,-3.00871,0,0,0,14415,4.19531e+08,1.93196e+13,0,profile_only
L0_relaunch3,ad6bb15,W1,1,214,1,0.87652,-3.1,6.22,-3.00871,-3.1,6.22,-3.00871,0,0,0,14415,3.98311e+08,1.95735e+13,0,profile_only
L0_relaunch3,ad6bb15,W1,1,215,1,0.859723,-3.25,6.22,-2.95871,-3.25,6.22,-2.95871,0,0,0,14415,3.8522e+08,1.98286e+13,0,profile_only
L0_relaunch3,ad6bb15,W1,1,216,1,0.877104,-3.4,6.17,-2.95871,-3.4,6.17,-2.95871,0,0,0,14415,3.30851e+08,2.00802e+13,0,profile_only
L0_relaunch3,ad6bb15,W1,1,217,1,0.832192,-3.5,6.17,-2.95871,-3.5,6.17,-2.95871,0,0,0,14415,3.12195e+08,2.02683e+13,0,profile_only
L0_relaunch3,ad6bb15,W1,1,218,1,0.828445,-3.7,6.12,-2.95871,-3.7,6.12,-2.95871,0,0,0,14415,3.11379e+08,2.02097e+13,0,profile_only
L0_relaunch3,ad6bb15,W1,1,219,1,0.842455,-3.85,6.12,-3.00871,-3.85,6.12,-3.00871,0,0,0,14415,2.63424e+08,2.03525e+13,0,profile_only
L0_relaunch3,ad6bb15,W1,1,220,1,0.796111,-3.95,6.12,-3.00871,-3.95,6.12,-3.00871,0,0,0,14415,3.22126e+08,2.00942e+13,0,profile_only
L0_relaunch3,ad6bb15,W1,1,221,1,0.813455,-4.1,6.12,-3.05871,-4.1,6.12,-3.05871,0,0,0,14415,4.71989e+08,2.00792e+13,0,profile_only
L0_relaunch3,ad6bb15,W1,1,222,1,0.817188,-4.2,6.12,-3.10871,-4.2,6.12,-3.10871,0,0,0,14415,4.54701e+08,1.98848e+13,0,profile_only
L0_relaunch3,ad6bb15,W1,1,223,1,0.811533,-4.35,6.12,3.12447,-4.35,6.12,3.12447,0,0,0,14415,5.19356e+08,1.96606e+13,0,profile_only
L0_relaunch3,ad6bb15,W1,1,224,1,0.858025,-4.5,6.17,3.07447,-4.5,6.17,3.07447,0,0,0,14415,4.95779e+08,1.95049e+13,0,profile_only
L0_relaunch3,ad6bb15,W1,1,225,1,0.873951,-4.6,6.17,3.02447,-4.6,6.17,3.02447,0,0,0,14415,4.84486e+08,1.91013e+13,0,profile_only
L0_relaunch3,ad6bb15,W1,1,226,1,0.77272,-4.7,6.17,2.97447,-4.7,6.17,2.97447,0,0,0,14415,4.52645e+08,1.90083e+13,0,profile_only
L0_relaunch3,ad6bb15,W1,1,227,1,0.825666,-4.85,6.22,2.87447,-4.85,6.22,2.87447,0,0,0,14415,3.92436e+08,1.88921e+13,0,profile_only
L0_relaunch3,ad6bb15,W1,1,228,1,0.880608,-4.95,6.32,2.82447,-4.95,6.32,2.82447,0,0,0,14415,4.61192e+08,1.86381e+13,0,profile_only
L0_relaunch3,ad6bb15,W1,1,229,1,0.880543,-5.05,6.37,2.77447,-5.05,6.37,2.77447,0,0,0,14415,5.16407e+08,1.82603e+13,0,profile_only
L0_relaunch3,ad6bb15,W1,1,230,1,0.832617,-5.15,6.37,2.67447,-5.15,6.37,2.67447,0,0,0,14415,5.16498e+08,1.80663e+13,0,profile_only
L0_relaunch3,ad6bb15,W1,1,231,1,0.886104,-5.25,6.52,2.62447,-5.25,6.52,2.62447,0,0,0,14415,5.742e+08,1.80803e+13,0,profile_only
L0_relaunch3,ad6bb15,W1,1,232,1,0.890744,-5.3,6.57,2.57447,-5.3,6.57,2.57447,0,0,0,14415,5.43148e+08,1.75781e+13,0,profile_only
L0_relaunch3,ad6bb15,W1,1,233,1,0.852254,-5.45,6.67,2.47447,-5.45,6.67,2.47447,0,0,0,14415,5.08591e+08,1.72883e+13,0,profile_only
L0_relaunch3,ad6bb15,W1,1,234,1,0.859299,-5.55,6.82,2.37447,-5.55,6.82,2.37447,0,0,0,14415,4.75008e+08,1.68277e+13,0,profile_only
L0_relaunch3,ad6bb15,W1,1,235,1,0.883002,-5.65,6.92,2.27447,-5.65,6.92,2.27447,0,0,0,14415,3.85728e+08,1.61628e+13,0,profile_only
L0_relaunch3,ad6bb15,W1,1,236,1,0.881773,-5.7,7.02,2.22447,-5.7,7.02,2.22447,0,0,0,14415,3.76362e+08,1.58196e+13,0,profile_only
L0_relaunch3,ad6bb15,W1,1,237,1,0.908026,-5.8,7.17,2.17447,-5.8,7.17,2.17447,0,0,0,14415,4.1144e+08,1.53795e+13,0,profile_only
L0_relaunch3,ad6bb15,W1,1,238,1,0.907283,-5.85,7.27,2.12447,-5.85,7.27,2.12447,0,0,0,14415,3.53303e+08,1.48098e+13,0,profile_only
L0_relaunch3,ad6bb15,W1,1,239,1,0.894916,-5.9,7.37,2.12447,-5.9,7.37,2.12447,0,0,0,14415,4.25211e+08,1.44899e+13,0,profile_only
L0_relaunch3,ad6bb15,W1,1,240,1,0.872025,-6,7.52,2.07447,-6,7.52,2.07447,0,0,0,14415,3.07288e+08,1.4122e+13,0,profile_only
L0_relaunch3,ad6bb15,W1,1,241,1,0.911843,-6.05,7.67,2.07447,-6.05,7.67,2.07447,0,0,0,14415,3.62206e+08,1.3709e+13,0,profile_only
L0_relaunch3,ad6bb15,W1,1,242,1,0.865364,-6.15,7.82,2.07447,-6.15,7.82,2.07447,0,0,0,14415,3.48716e+08,1.33086e+13,0,profile_only
L0_relaunch3,ad6bb15,W1,1,243,1,0.882581,-6.25,8.02,2.07447,-6.25,8.02,2.07447,0,0,0,14415,3.82606e+08,1.291e+13,0,profile_only
L0_relaunch3,ad6bb15,W1,1,244,1,0.839256,-6.25,8.07,2.07447,-6.25,8.07,2.07447,0,0,0,14415,3.58433e+08,1.23966e+13,0,profile_only
L0_relaunch3,ad6bb15,W1,1,245,1,0.899878,-6.35,8.22,2.07447,-6.35,8.22,2.07447,0,0,0,14415,3.92178e+08,1.22987e+13,0,profile_only
L0_relaunch3,ad6bb15,W1,1,246,1,0.922334,-6.4,8.32,2.07447,-6.4,8.32,2.07447,0,0,0,14415,3.75064e+08,1.19185e+13,0,profile_only
L0_relaunch3,ad6bb15,W1,1,247,1,0.837979,-6.45,8.37,2.07447,-6.45,8.37,2.07447,0,0,0,14415,4.21691e+08,1.16467e+13,0,profile_only
L0_relaunch3,ad6bb15,W1,1,248,1,0.920636,-6.5,8.47,2.12447,-6.5,8.47,2.12447,0,0,0,14415,4.08022e+08,1.15379e+13,0,profile_only
L0_relaunch3,ad6bb15,W1,1,249,1,0.879574,-6.55,8.57,2.12447,-6.55,8.57,2.12447,0,0,0,14415,4.95251e+08,1.13453e+13,0,profile_only
L0_relaunch3,ad6bb15,W1,1,250,1,0.908578,-6.65,8.67,2.17447,-6.65,8.67,2.17447,0,0,0,14415,5.03885e+08,1.10918e+13,0,profile_only
L0_relaunch3,ad6bb15,W1,1,251,1,0.92746,-6.7,8.72,2.22447,-6.7,8.72,2.22447,0,0,0,14415,4.46579e+08,1.08641e+13,0,profile_only
L0_relaunch3,ad6bb15,W1,1,252,1,0.912895,-6.75,8.77,2.27447,-6.75,8.77,2.27447,0,0,0,14415,4.23891e+08,1.08048e+13,0,profile_only
L0_relaunch3,ad6bb15,W1,1,253,1,0.89563,-6.8,8.82,2.32447,-6.8,8.82,2.32447,0,0,0,14415,4.228e+08,1.07407e+13,0,profile_only
L0_relaunch3,ad6bb15,W1,1,254,1,0.91949,-6.9,8.87,2.42447,-6.9,8.87,2.42447,0,0,0,14415,5.33428e+08,1.06558e+13,0,profile_only
L0_relaunch3,ad6bb15,W1,1,255,1,0.896581,-6.95,8.87,2.47447,-6.95,8.87,2.47447,0,0,0,14415,3.63417e+08,1.06667e+13,0,profile_only
L0_relaunch3,ad6bb15,W1,1,256,1,0.897245,-7.05,8.92,2.57447,-7.05,8.92,2.57447,0,0,0,14415,5.8029e+08,1.07674e+13,0,profile_only
L0_relaunch3,ad6bb15,W1,1,257,1,0.89883,-7.2,8.97,2.67447,-7.2,8.97,2.67447,0,0,0,14415,4.98586e+08,1.07922e+13,0,profile_only
L0_relaunch3,ad6bb15,W1,1,258,1,0.904536,-7.15,8.97,2.67447,-7.15,8.97,2.67447,0,0,0,14415,3.69419e+08,1.07349e+13,0,profile_only
L0_relaunch3,ad6bb15,W1,1,259,1,0.864428,-7.3,9.02,2.77447,-7.3,9.02,2.77447,0,0,0,14415,4.93966e+08,1.08013e+13,0,profile_only
L0_relaunch3,ad6bb15,W1,1,260,1,0.88942,-7.35,9.02,2.82447,-7.35,9.02,2.82447,0,0,0,14415,4.40889e+08,1.07121e+13,0,profile_only
L0_relaunch3,ad6bb15,W1,1,261,1,0.88478,-7.45,9.02,2.87447,-7.45,9.02,2.87447,0,0,0,14415,3.73689e+08,1.07824e+13,0,profile_only
L0_relaunch3,ad6bb15,W1,1,262,1,0.843105,-7.45,9.02,2.87447,-7.45,9.02,2.87447,0,0,0,14415,4.65748e+08,1.07712e+13,0,profile_only
L0_relaunch3,ad6bb15,W1,1,263,1,0.854536,-7.5,9.02,2.92447,-7.5,9.02,2.92447,0,0,0,14415,4.69534e+08,1.07542e+13,0,profile_only
L0_relaunch3,ad6bb15,W1,1,264,1,0.848114,-7.6,9.02,2.97447,-7.6,9.02,2.97447,0,0,0,14415,4.6236e+08,1.08177e+13,0,profile_only
L0_relaunch3,ad6bb15,W1,1,265,1,0.865219,-7.6,9.02,2.97447,-7.6,9.02,2.97447,0,0,0,14415,4.49857e+08,1.07637e+13,0,profile_only
L0_relaunch3,ad6bb15,W1,1,266,1,0.856748,-7.7,9.02,3.02447,-7.7,9.02,3.02447,0,0,0,14415,4.38508e+08,1.07131e+13,0,profile_only
L0_relaunch3,ad6bb15,W1,1,267,1,0.809722,-7.7,9.02,3.02447,-7.7,9.02,3.02447,0,0,0,14415,4.20272e+08,1.06556e+13,0,profile_only
L0_relaunch3,ad6bb15,W1,1,268,1,0.855667,-7.85,9.02,3.07447,-7.85,9.02,3.07447,0,0,0,14415,4.43121e+08,1.05746e+13,0,profile_only
L0_relaunch3,ad6bb15,W1,1,269,1,0.846061,-7.95,9.02,3.12447,-7.95,9.02,3.12447,0,0,0,14415,4.67977e+08,1.04192e+13,0,profile_only
L0_relaunch3,ad6bb15,W1,1,270,1,0.873207,-8,9.02,3.12447,-8,9.02,3.12447,0,0,0,14415,4.13891e+08,1.03563e+13,0,profile_only
L0_relaunch3,ad6bb15,W1,1,271,1,0.940814,-8.1,9.02,-3.10871,-8.1,9.02,-3.10871,0,0,0,14415,3.859e+08,1.02377e+13,0,profile_only
L0_relaunch3,ad6bb15,W1,1,272,1,0.866046,-8.15,9.02,-3.10871,-8.15,9.02,-3.10871,0,0,0,14415,3.21847e+08,1.01747e+13,0,profile_only
L0_relaunch3,ad6bb15,W1,1,273,1,0.822075,-8.25,9.02,-3.05871,-8.25,9.02,-3.05871,0,0,0,14415,3.42152e+08,1.00658e+13,0,profile_only
L0_relaunch3,ad6bb15,W1,1,274,1,0.854858,-8.3,8.97,-3.05871,-8.3,8.97,-3.05871,0,0,0,14415,3.49643e+08,1.00629e+13,0,profile_only
L0_relaunch3,ad6bb15,W1,1,275,1,0.884508,-8.45,8.97,-3.00871,-8.45,8.97,-3.00871,0,0,0,14415,4.49507e+08,1.00717e+13,0,profile_only
L0_relaunch3,ad6bb15,W1,1,276,1,0.817453,-8.5,8.92,-3.00871,-8.5,8.92,-3.00871,0,0,0,14415,3.55593e+08,9.98823e+12,0,profile_only
L0_relaunch3,ad6bb15,W1,1,277,1,0.807814,-8.65,8.92,-2.95871,-8.65,8.92,-2.95871,0,0,0,14415,4.5733e+08,1.0034e+13,0,profile_only
L0_relaunch3,ad6bb15,W1,1,278,1,0.858512,-8.7,8.92,-2.95871,-8.7,8.92,-2.95871,0,0,0,14415,3.4764e+08,1.00056e+13,0,profile_only
L0_relaunch3,ad6bb15,W1,1,279,1,0.820167,-8.8,8.87,-2.95871,-8.8,8.87,-2.95871,0,0,0,14415,3.27467e+08,9.96632e+12,0,profile_only
L0_relaunch3,ad6bb15,W1,1,280,1,0.780363,-8.9,8.87,-2.95871,-8.9,8.87,-2.95871,0,0,0,14415,3.96528e+08,9.95647e+12,0,profile_only
L0_relaunch3,ad6bb15,W1,1,281,1,0.856295,-9.05,8.82,-2.90871,-9.05,8.82,-2.90871,0,0,0,14415,3.81589e+08,9.88803e+12,0,profile_only
L0_relaunch3,ad6bb15,W1,1,282,1,0.817515,-9.1,8.82,-2.90871,-9.1,8.82,-2.90871,0,0,0,14415,3.44126e+08,9.95818e+12,0,profile_only
L0_relaunch3,ad6bb15,W1,1,283,1,0.825949,-9.25,8.77,-2.85871,-9.25,8.77,-2.85871,0,0,0,14415,3.81613e+08,9.94065e+12,0,profile_only
L0_relaunch3,ad6bb15,W1,1,284,1,0.829784,-9.3,8.72,-2.85871,-9.3,8.72,-2.85871,0,0,0,14415,3.46795e+08,1.0046e+13,0,profile_only
L0_relaunch3,ad6bb15,W1,1,285,1,0.817206,-9.35,8.72,-2.85871,-9.35,8.72,-2.85871,0,0,0,14415,3.89385e+08,1.01397e+13,0,profile_only
L0_relaunch3,ad6bb15,W1,1,286,1,0.857684,-9.45,8.67,-2.80871,-9.45,8.67,-2.80871,0,0,0,14415,4.46963e+08,1.0154e+13,0,profile_only
L0_relaunch3,ad6bb15,W1,1,287,1,0.753786,-9.55,8.62,-2.80871,-9.55,8.62,-2.80871,0,0,0,14415,3.61111e+08,1.04265e+13,0,profile_only
L0_relaunch3,ad6bb15,W1,1,288,1,0.864573,-9.65,8.62,-2.75871,-9.65,8.62,-2.75871,0,0,0,14415,4.57903e+08,1.04613e+13,0,profile_only
L0_relaunch3,ad6bb15,W1,1,289,1,0.780363,-9.75,8.57,-2.75871,-9.75,8.57,-2.75871,0,0,0,14415,3.82371e+08,1.0628e+13,0,profile_only
L0_relaunch3,ad6bb15,W1,1,290,1,0.858947,-9.8,8.52,-2.70871,-9.8,8.52,-2.70871,0,0,0,14415,4.58209e+08,1.06989e+13,0,profile_only
L0_relaunch3,ad6bb15,W1,1,291,1,0.784702,-9.95,8.42,-2.65871,-9.95,8.42,-2.65871,0,0,0,14415,4.67787e+08,1.1058e+13,0,profile_only
L0_relaunch3,ad6bb15,W1,1,292,1,0.83853,-10,8.42,-2.65871,-10,8.42,-2.65871,0,0,0,14415,3.99596e+08,1.12676e+13,0,profile_only
L0_relaunch3,ad6bb15,W1,1,293,1,0.812476,-10.1,8.32,-2.60871,-10.1,8.32,-2.60871,0,0,0,14415,4.51294e+08,1.12851e+13,0,profile_only
L0_relaunch3,ad6bb15,W1,1,294,1,0.85418,-10.1,8.37,-2.60871,-10.1,8.37,-2.60871,0,0,0,14415,4.57361e+08,1.14175e+13,0,profile_only
L0_relaunch3,ad6bb15,W1,1,295,1,0.83635,-10.2,8.27,-2.55871,-10.2,8.27,-2.55871,0,0,0,14415,5.24701e+08,1.14362e+13,0,profile_only
L0_relaunch3,ad6bb15,W1,1,296,1,0.801394,-10.3,8.17,-2.50871,-10.3,8.17,-2.50871,0,0,0,14415,4.19324e+08,1.1578e+13,0,profile_only
L0_relaunch3,ad6bb15,W1,1,297,1,0.878832,-10.3,8.17,-2.50871,-10.3,8.17,-2.50871,0,0,0,14415,4.68945e+08,1.16841e+13,0,profile_only
L0_relaunch3,ad6bb15,W1,1,298,1,0.841852,-10.4,8.07,-2.45871,-10.4,8.07,-2.45871,0,0,0,14415,4.45862e+08,1.17884e+13,0,profile_only
L0_relaunch3,ad6bb15,W1,1,299,1,0.891127,-10.4,8.07,-2.45871,-10.4,8.07,-2.45871,0,0,0,14415,4.83017e+08,1.18492e+13,0,profile_only
L0_relaunch3,ad6bb15,W1,1,300,1,0.887852,-10.5,7.97,-2.40871,-10.5,7.97,-2.40871,0,0,0,14415,4.93189e+08,1.18674e+13,0,profile_only
L0_relaunch3,ad6bb15,W1,1,301,1,0.85025,-10.6,7.92,-2.35871,-10.6,7.92,-2.35871,0,0,0,14415,4.98099e+08,1.19378e+13,0,profile_only
L0_relaunch3,ad6bb15,W1,1,302,1,0.896149,-10.6,7.87,-2.35871,-10.6,7.87,-2.35871,0,0,0,14415,4.30856e+08,1.1877e+13,0,profile_only
L0_relaunch3,ad6bb15,W1,1,303,1,0.872762,-10.7,7.77,-2.30871,-10.7,7.77,-2.30871,0,0,0,14415,4.64865e+08,1.19793e+13,0,profile_only
L0_relaunch3,ad6bb15,W1,1,304,1,0.883307,-10.65,7.82,-2.30871,-10.65,7.82,-2.30871,0,0,0,14415,4.71109e+08,1.19672e+13,0,profile_only
L0_relaunch3,ad6bb15,W1,1,305,1,0.904987,-10.75,7.67,-2.25871,-10.75,7.67,-2.25871,0,0,0,14415,4.54804e+08,1.20169e+13,0,profile_only
L0_relaunch3,ad6bb15,W1,1,306,1,0.843378,-10.8,7.62,-2.20871,-10.8,7.62,-2.20871,0,0,0,14415,4.79651e+08,1.20555e+13,0,profile_only
L0_relaunch3,ad6bb15,W1,1,307,1,0.917458,-10.8,7.57,-2.20871,-10.8,7.57,-2.20871,0,0,0,14415,4.44772e+08,1.20482e+13,0,profile_only
L0_relaunch3,ad6bb15,W1,1,308,1,0.858701,-10.85,7.47,-2.15871,-10.85,7.47,-2.15871,0,0,0,14415,4.99148e+08,1.20533e+13,0,profile_only
L0_relaunch3,ad6bb15,W1,1,309,1,0.863072,-10.85,7.47,-2.15871,-10.85,7.47,-2.15871,0,0,0,14415,4.5167e+08,1.21177e+13,0,profile_only
L0_relaunch3,ad6bb15,W1,1,310,1,0.852423,-10.95,7.32,-2.10871,-10.95,7.32,-2.10871,0,0,0,14415,4.70825e+08,1.20251e+13,0,profile_only
L0_relaunch3,ad6bb15,W1,1,311,1,0.883627,-11,7.22,-2.05871,-11,7.22,-2.05871,0,0,0,14415,4.61896e+08,1.19602e+13,0,profile_only
L0_relaunch3,ad6bb15,W1,1,312,1,0.80813,-11,7.17,-2.05871,-11,7.17,-2.05871,0,0,0,14415,4.49011e+08,1.18767e+13,0,profile_only
L0_relaunch3,ad6bb15,W1,1,313,1,0.830406,-11.05,7.07,-2.00871,-11.05,7.07,-2.00871,0,0,0,14415,4.23361e+08,1.17972e+13,0,profile_only
L0_relaunch3,ad6bb15,W1,1,314,1,0.804235,-11.1,6.97,-2.00871,-11.1,6.97,-2.00871,0,0,0,14415,4.55091e+08,1.14136e+13,0,profile_only
L0_relaunch3,ad6bb15,W1,1,315,1,0.806276,-11.15,6.82,-1.95871,-11.15,6.82,-1.95871,0,0,0,14415,5.47769e+08,1.10286e+13,0,profile_only
L0_relaunch3,ad6bb15,W1,1,316,1,0.835214,-11.2,6.67,-1.95871,-11.2,6.67,-1.95871,0,0,0,14415,5.30746e+08,1.08008e+13,0,profile_only
L0_relaunch3,ad6bb15,W1,1,317,1,0.798389,-11.25,6.57,-1.95871,-11.25,6.57,-1.95871,0,0,0,14415,4.00733e+08,1.06069e+13,0,profile_only
L0_relaunch3,ad6bb15,W1,1,318,1,0.838624,-11.3,6.37,-1.90871,-11.3,6.37,-1.90871,0,0,0,14415,5.58539e+08,1.03673e+13,0,profile_only
L0_relaunch3,ad6bb15,W1,1,319,1,0.806907,-11.3,6.32,-1.90871,-11.3,6.32,-1.90871,0,0,0,14415,3.28343e+08,1.05563e+13,0,profile_only
L0_relaunch3,ad6bb15,W1,1,320,1,0.765646,-11.35,6.17,-1.90871,-11.35,6.17,-1.90871,0,0,0,14415,4.75465e+08,1.076e+13,0,profile_only
L0_relaunch3,ad6bb15,W1,1,321,1,0.847198,-11.4,6.02,-1.85871,-11.4,6.02,-1.85871,0,0,0,14415,4.2872e+08,1.07987e+13,0,profile_only
L0_relaunch3,ad6bb15,W1,1,322,1,0.819482,-11.45,5.87,-1.80871,-11.45,5.87,-1.80871,0,0,0,14415,4.06964e+08,1.08866e+13,0,profile_only
L0_relaunch3,ad6bb15,W1,1,323,1,0.839678,-11.45,5.77,-1.80871,-11.45,5.77,-1.80871,0,0,0,14415,4.17064e+08,1.10936e+13,0,profile_only
L0_relaunch3,ad6bb15,W1,1,324,1,0.827591,-11.5,5.62,-1.75871,-11.5,5.62,-1.75871,0,0,0,14415,4.59923e+08,1.10512e+13,0,profile_only
L0_relaunch3,ad6bb15,W1,1,325,1,0.793757,-11.5,5.52,-1.75871,-11.5,5.52,-1.75871,0,0,0,14415,4.82587e+08,1.13277e+13,0,profile_only
L0_relaunch3,ad6bb15,W1,1,326,1,0.813552,-11.5,5.37,-1.70871,-11.5,5.37,-1.70871,0,0,0,14415,4.75923e+08,1.13907e+13,0,profile_only
L0_relaunch3,ad6bb15,W1,1,327,1,0.807378,-11.5,5.22,-1.65871,-11.5,5.22,-1.65871,0,0,0,14415,5.02265e+08,1.18964e+13,0,profile_only
L0_relaunch3,ad6bb15,W1,1,328,1,0.835938,-11.5,5.12,-1.60871,-11.5,5.12,-1.60871,0,0,0,14415,4.95991e+08,1.2004e+13,0,profile_only
L0_relaunch3,ad6bb15,W1,1,329,1,0.788835,-11.55,4.92,-1.50871,-11.55,4.92,-1.50871,0,0,0,14415,4.8401e+08,1.2315e+13,0,profile_only
L0_relaunch3,ad6bb15,W1,1,330,1,0.828817,-11.45,4.82,-1.40871,-11.45,4.82,-1.40871,0,0,0,14415,4.38892e+08,1.24021e+13,0,profile_only
L0_relaunch3,ad6bb15,W1,1,331,1,0.814845,-11.4,4.72,-1.30871,-11.4,4.72,-1.30871,0,0,0,14415,4.86929e+08,1.29117e+13,0,profile_only
L0_relaunch3,ad6bb15,W1,1,332,1,0.825108,-11.35,4.62,-1.20871,-11.35,4.62,-1.20871,0,0,0,14415,4.76042e+08,1.32234e+13,0,profile_only
L0_relaunch3,ad6bb15,W1,1,333,1,0.86171,-11.25,4.52,-1.05871,-11.25,4.52,-1.05871,0,0,0,14415,6.60542e+08,1.35475e+13,0,profile_only
L0_relaunch3,ad6bb15,W1,1,334,1,0.805929,-11.15,4.42,-0.958714,-11.15,4.42,-0.958714,0,0,0,14415,5.67708e+08,1.39216e+13,0,profile_only
L0_relaunch3,ad6bb15,W1,1,335,1,0.777615,-11,4.32,-0.758714,-11,4.32,-0.758714,0,0,0,14415,6.31129e+08,1.40986e+13,0,profile_only
L0_relaunch3,ad6bb15,W1,1,336,1,0.786898,-10.8,4.22,-0.508714,-10.8,4.22,-0.508714,0,0,0,14415,6.76908e+08,1.44139e+13,0,profile_only
L0_relaunch3,ad6bb15,W1,1,337,1,0.746702,-10.55,4.17,-0.308714,-10.55,4.17,-0.308714,0,0,0,14415,6.85288e+08,1.48213e+13,0,profile_only
L0_relaunch3,ad6bb15,W1,1,338,1,0.768928,-10.2,4.17,-0.158714,-10.2,4.17,-0.158714,0,0,0,14415,5.03989e+08,1.55484e+13,0,profile_only
L0_relaunch3,ad6bb15,W1,1,339,1,0.744631,-9.95,4.12,-0.108714,-9.95,4.12,-0.108714,0,0,0,14415,5.36626e+08,1.67843e+13,0,profile_only
L0_relaunch3,ad6bb15,W1,1,340,1,0.808378,-9.7,4.07,-0.108714,-9.7,4.07,-0.108714,0,0,0,14415,5.99151e+08,1.76503e+13,0,profile_only
L0_relaunch3,ad6bb15,W1,1,341,1,0.82149,-9.6,4.07,-0.108714,-9.6,4.07,-0.108714,0,0,0,14415,6.56201e+08,1.84123e+13,0,profile_only
L0_relaunch3,ad6bb15,W1,1,342,1,0.711627,-9.45,4.07,-0.108714,-9.45,4.07,-0.108714,0,0,0,14415,5.61421e+08,1.88422e+13,0,profile_only
L0_relaunch3,ad6bb15,W1,1,343,1,0.75077,-9.15,4.02,-0.158714,-9.15,4.02,-0.158714,0,0,0,14415,4.13514e+08,1.93245e+13,0,profile_only
L0_relaunch3,ad6bb15,W1,1,344,1,0.755124,-8.95,3.92,-0.208714,-8.95,3.92,-0.208714,0,0,0,14415,4.37601e+08,2.01184e+13,0,profile_only
L0_relaunch3,ad6bb15,W1,1,345,1,0.715071,-8.7,3.87,-0.308714,-8.7,3.87,-0.308714,0,0,0,14415,4.00976e+08,2.06316e+13,0,profile_only
L0_relaunch3,ad6bb15,W1,1,346,1,0.729379,-8.25,3.62,-0.408714,-8.25,3.62,-0.408714,0,0,0,14415,3.3586e+08,2.12468e+13,0,profile_only
L0_relaunch3,ad6bb15,W1,1,347,1,0.804202,-7.75,3.37,-0.458714,-7.75,3.37,-0.458714,0,0,0,14415,3.85861e+08,2.22563e+13,0,profile_only
L0_relaunch3,ad6bb15,W1,1,348,1,0.807028,-7.5,3.22,-0.458714,-7.5,3.22,-0.458714,0,0,0,14415,4.02304e+08,2.30521e+13,0,profile_only
L0_relaunch3,ad6bb15,W1,1,349,1,0.801077,-7.3,3.12,-0.458714,-7.3,3.12,-0.458714,0,0,0,14415,4.26926e+08,2.31366e+13,0,profile_only
L0_relaunch3,ad6bb15,W1,1,350,1,0.838035,-7.1,3.02,-0.458714,-7.1,3.02,-0.458714,0,0,0,14415,3.77527e+08,2.3162e+13,0,profile_only
L0_relaunch3,ad6bb15,W1,1,351,1,0.867267,-6.9,2.92,-0.458714,-6.9,2.92,-0.458714,0,0,0,14415,3.85377e+08,2.31803e+13,0,profile_only
L0_relaunch3,ad6bb15,W1,1,352,1,0.880586,-6.8,2.87,-0.458714,-6.8,2.87,-0.458714,0,0,0,14415,3.92799e+08,2.32102e+13,0,profile_only
L0_relaunch3,ad6bb15,W1,1,353,1,0.848759,-6.7,2.82,-0.458714,-6.7,2.82,-0.458714,0,0,0,14415,4.22162e+08,2.32015e+13,0,profile_only
L0_relaunch3,ad6bb15,W1,1,354,1,0.88229,-6.45,2.72,-0.458714,-6.45,2.72,-0.458714,0,0,0,14415,4.36215e+08,2.31553e+13,0,profile_only
L0_relaunch3,ad6bb15,W1,1,355,1,0.842568,-6.35,2.67,-0.458714,-6.35,2.67,-0.458714,0,0,0,14415,4.61721e+08,2.309e+13,0,profile_only
L0_relaunch3,ad6bb15,W1,1,356,1,0.810273,-6.3,2.62,-0.408714,-6.3,2.62,-0.408714,0,0,0,14415,5.04565e+08,2.29713e+13,0,profile_only
L0_relaunch3,ad6bb15,W1,1,357,1,0.767731,-5.9,2.47,-0.408714,-5.9,2.47,-0.408714,0,0,0,14415,5.19182e+08,2.28173e+13,0,profile_only
L0_relaunch3,ad6bb15,W1,1,358,1,0.747763,-5.6,2.37,-0.358714,-5.6,2.37,-0.358714,0,0,0,14415,5.39747e+08,2.25067e+13,0,profile_only
L0_relaunch3,ad6bb15,W1,1,359,1,0.74709,-5.1,2.22,-0.308714,-5.1,2.22,-0.308714,0,0,0,14415,5.0225e+08,2.23529e+13,0,profile_only
L0_relaunch3,ad6bb15,W1,1,360,1,0.890327,-4.4,1.92,-0.408714,-4.4,1.92,-0.408714,0,0,0,14415,3.27082e+08,2.25036e+13,0,profile_only
L0_relaunch3,ad6bb15,W1,1,361,1,0.806606,-4.05,1.72,-0.408714,-4.05,1.72,-0.408714,0,0,0,14415,4.2699e+08,2.22999e+13,0,profile_only
L0_relaunch3,ad6bb15,W1,1,362,1,0.835073,-3.85,1.62,-0.458714,-3.85,1.62,-0.458714,0,0,0,14415,3.63765e+08,2.22428e+13,0,profile_only
L0_relaunch3,ad6bb15,W1,1,363,1,0.833259,-3.85,1.62,-0.508714,-3.85,1.62,-0.508714,0,0,0,14415,3.30245e+08,2.21982e+13,0,profile_only
L0_relaunch3,ad6bb15,W1,1,364,1,0.805862,-3.55,1.47,-0.508714,-3.55,1.47,-0.508714,0,0,0,14415,4.01016e+08,2.23033e+13,0,profile_only
L0_relaunch3,ad6bb15,W1,1,365,1,0.847454,-3.6,1.47,-0.558714,-3.6,1.47,-0.558714,0,0,0,14415,3.9428e+08,2.21141e+13,0,profile_only
L0_relaunch3,ad6bb15,W1,1,366,1,0.776587,-3.25,1.27,-0.558714,-3.25,1.27,-0.558714,0,0,0,14415,4.03052e+08,2.21713e+13,0,profile_only
L0_relaunch3,ad6bb15,W1,1,367,1,0.854938,-3.25,1.22,-0.608714,-3.25,1.22,-0.608714,0,0,0,14415,3.76613e+08,2.18116e+13,0,profile_only
L0_relaunch3,ad6bb15,W1,1,368,1,0.772476,-3.1,1.12,-0.658714,-3.1,1.12,-0.658714,0,0,0,14415,4.02299e+08,2.16859e+13,0,profile_only
L0_relaunch3,ad6bb15,W1,1,369,1,0.879251,-2.9,0.92,-0.658714,-2.9,0.92,-0.658714,0,0,0,14415,4.15717e+08,2.14271e+13,0,profile_only
L0_relaunch3,ad6bb15,W1,1,370,1,0.841893,-2.75,0.82,-0.658714,-2.75,0.82,-0.658714,0,0,0,14415,3.79328e+08,2.10353e+13,0,profile_only
L0_relaunch3,ad6bb15,W1,1,371,1,0.75568,-2.6,0.72,-0.708714,-2.6,0.72,-0.708714,0,0,0,14415,3.58779e+08,2.11074e+13,0,profile_only
L0_relaunch3,ad6bb15,W1,1,372,1,0.71661,-2.5,0.62,-0.708714,-2.5,0.62,-0.708714,0,0,0,14415,3.85947e+08,2.09499e+13,0,profile_only
L0_relaunch3,ad6bb15,W1,1,373,1,0.934977,-2.2,0.37,-0.658714,-2.2,0.37,-0.658714,0,0,0,14415,3.87422e+08,2.04774e+13,0,profile_only
L0_relaunch3,ad6bb15,W1,1,374,1,0.856005,-2.1,0.27,-0.608714,-2.1,0.27,-0.608714,0,0,0,14415,5.3222e+08,1.9729e+13,0,profile_only
L0_relaunch3,ad6bb15,W1,1,375,1,0.839546,-1.95,0.22,-0.558714,-1.95,0.22,-0.558714,0,0,0,14415,5.36722e+08,1.94242e+13,0,profile_only
L0_relaunch3,ad6bb15,W1,1,376,1,0.88347,-1.85,0.17,-0.508714,-1.85,0.17,-0.508714,0,0,0,14415,5.29015e+08,1.93372e+13,0,profile_only
L0_relaunch3,ad6bb15,W1,1,377,1,0.811191,-1.75,0.12,-0.458714,-1.75,0.12,-0.458714,0,0,0,14415,4.31509e+08,1.92512e+13,0,profile_only
L0_relaunch3,ad6bb15,W1,1,378,1,0.762384,-1.45,0.02,-0.308714,-1.45,0.02,-0.308714,0,0,0,14415,5.70582e+08,1.905e+13,0,profile_only
L0_relaunch3,ad6bb15,W1,1,379,1,0.759025,-1.2,0.02,-0.208714,-1.2,0.02,-0.208714,0,0,0,14415,5.40188e+08,1.90423e+13,0,profile_only
L0_relaunch3,ad6bb15,W1,1,380,1,0.81738,-0.75,-0.08,-0.158714,-0.75,-0.08,-0.158714,0,0,0,14415,4.25395e+08,1.94401e+13,0,profile_only
L0_relaunch3,ad6bb15,W1,1,381,1,0.701391,-0.6,-0.13,-0.158714,-0.6,-0.13,-0.158714,0,0,0,14415,3.48364e+08,1.92708e+13,0,profile_only
L0_relaunch3,ad6bb15,W1,1,382,1,0.710272,-0.1,-0.13,-0.108714,-0.1,-0.13,-0.108714,0,0,0,14415,3.82196e+08,1.92261e+13,0,profile_only
L0_relaunch3,ad6bb15,W1,1,383,1,0.836459,0.2,-0.18,-0.108714,0.2,-0.18,-0.108714,0,0,0,14415,4.2834e+08,1.93009e+13,0,profile_only
L0_relaunch3,ad6bb15,W1,1,384,1,0.737251,0.35,-0.18,-0.108714,0.35,-0.18,-0.108714,0,0,0,14415,3.67005e+08,1.90258e+13,0,profile_only
L0_relaunch3,ad6bb15,W1,1,385,1,0.697836,0.5,-0.23,-0.0587136,0.5,-0.23,-0.0587136,0,0,0,14415,3.45871e+08,1.89724e+13,0,profile_only
L0_relaunch3,ad6bb15,W1,1,386,1,0.762707,0.75,-0.23,-0.0587136,0.75,-0.23,-0.0587136,0,0,0,14415,3.92979e+08,1.90549e+13,0,profile_only
L0_relaunch3,ad6bb15,W1,1,387,1,0.806697,0.9,-0.23,-0.0587136,0.9,-0.23,-0.0587136,0,0,0,14415,4.01499e+08,1.89297e+13,0,profile_only
L0_relaunch3,ad6bb15,W1,1,388,1,0.702135,1,-0.23,-0.0587136,1,-0.23,-0.0587136,0,0,0,14415,4.88574e+08,1.88777e+13,0,profile_only
L0_relaunch3,ad6bb15,W1,1,389,1,0.754802,1.2,-0.23,-0.00871357,1.2,-0.23,-0.00871357,0,0,0,14415,5.21578e+08,1.88734e+13,0,profile_only
L0_relaunch3,ad6bb15,W1,1,390,1,0.831188,1.35,-0.23,0.0412864,1.35,-0.23,0.0412864,0,0,0,14415,4.78868e+08,1.89512e+13,0,profile_only
L0_relaunch3,ad6bb15,W1,1,391,1,0.808297,1.45,-0.23,0.0912864,1.45,-0.23,0.0912864,0,0,0,14415,4.87616e+08,1.90268e+13,0,profile_only
L0_relaunch3,ad6bb15,W1,1,392,1,0.729793,1.55,-0.18,0.0912864,1.55,-0.18,0.0912864,0,0,0,14415,5.01399e+08,1.91092e+13,0,profile_only
L0_relaunch3,ad6bb15,W1,1,393,1,0.824175,1.75,-0.13,0.191286,1.75,-0.13,0.191286,0,0,0,14415,5.58314e+08,1.91966e+13,0,profile_only
L0_relaunch3,ad6bb15,W1,1,394,1,0.858138,1.85,-0.08,0.241286,1.85,-0.08,0.241286,0,0,0,14415,5.41952e+08,1.94114e+13,0,profile_only
L0_relaunch3,ad6bb15,W1,1,395,1,0.832791,1.95,-0.03,0.341286,1.95,-0.03,0.341286,0,0,0,14415,5.62419e+08,1.95722e+13,0,profile_only
L0_relaunch3,ad6bb15,W1,1,396,1,0.857703,2.05,0.02,0.391286,2.05,0.02,0.391286,0,0,0,14415,4.89111e+08,1.98418e+13,0,profile_only
L0_relaunch3,ad6bb15,W1,1,397,1,0.860369,2.15,0.07,0.491286,2.15,0.07,0.491286,0,0,0,14415,5.20213e+08,2.00623e+13,0,profile_only
L0_relaunch3,ad6bb15,W1,1,398,1,0.809574,2.2,0.12,0.541286,2.2,0.12,0.541286,0,0,0,14415,5.14324e+08,2.03365e+13,0,profile_only
L0_relaunch3,ad6bb15,W1,1,399,1,0.869308,2.25,0.17,0.641286,2.25,0.17,0.641286,0,0,0,14415,5.28392e+08,2.05734e+13,0,profile_only
L0_relaunch3,ad6bb15,W1,1,400,1,0.81655,2.3,0.22,0.691286,2.3,0.22,0.691286,0,0,0,14415,4.35497e+08,2.08586e+13,0,profile_only
L0_relaunch3,ad6bb15,W1,1,401,1,0.839626,2.45,0.42,0.841286,2.45,0.42,0.841286,0,0,0,14415,6.3547e+08,2.10923e+13,0,profile_only
L0_relaunch3,ad6bb15,W1,1,402,1,0.822412,2.5,0.52,0.891286,2.5,0.52,0.891286,0,0,0,14415,4.39498e+08,2.15068e+13,0,profile_only
L0_relaunch3,ad6bb15,W1,1,403,1,0.826486,2.55,0.57,0.941286,2.55,0.57,0.941286,0,0,0,14415,4.36862e+08,2.16809e+13,0,profile_only
L0_relaunch3,ad6bb15,W1,1,404,1,0.854677,2.6,0.67,0.991286,2.6,0.67,0.991286,0,0,0,14415,4.61781e+08,2.17322e+13,0,profile_only
L0_relaunch3,ad6bb15,W1,1,405,1,0.819452,2.65,0.77,1.04129,2.65,0.77,1.04129,0,0,0,14415,4.55572e+08,2.18484e+13,0,profile_only
L0_relaunch3,ad6bb15,W1,1,406,1,0.763342,2.75,0.97,1.14129,2.75,0.97,1.14129,0,0,0,14415,5.02257e+08,2.19094e+13,0,profile_only
L0_relaunch3,ad6bb15,W1,1,407,1,0.828329,2.75,1.02,1.14129,2.75,1.02,1.14129,0,0,0,14415,4.11274e+08,2.20632e+13,0,profile_only
L0_relaunch3,ad6bb15,W1,1,408,1,0.802492,2.8,1.22,1.24129,2.8,1.22,1.24129,0,0,0,14415,5.49041e+08,2.2044e+13,0,profile_only
L0_relaunch3,ad6bb15,W1,1,409,1,0.818549,2.85,1.32,1.29129,2.85,1.32,1.29129,0,0,0,14415,4.7877e+08,2.21477e+13,0,profile_only
L0_relaunch3,ad6bb15,W1,1,410,1,0.80172,2.85,1.47,1.34129,2.85,1.47,1.34129,0,0,0,14415,5.24952e+08,2.20567e+13,0,profile_only
L0_relaunch3,ad6bb15,W1,1,411,1,0.84202,2.85,1.57,1.39129,2.85,1.57,1.39129,0,0,0,14415,4.64246e+08,2.20797e+13,0,profile_only
L0_relaunch3,ad6bb15,W1,1,412,1,0.736021,2.9,1.77,1.49129,2.9,1.77,1.49129,0,0,0,14415,5.22181e+08,2.20015e+13,0,profile_only
L0_relaunch3,ad6bb15,W1,1,413,1,0.761644,2.9,1.92,1.54129,2.9,1.92,1.54129,0,0,0,14415,3.92986e+08,2.18386e+13,0,profile_only
L0_relaunch3,ad6bb15,W1,1,414,1,0.78801,2.85,2.07,1.59129,2.85,2.07,1.59129,0,0,0,14415,4.16502e+08,2.17285e+13,0,profile_only
L0_relaunch3,ad6bb15,W1,1,415,1,0.756921,2.85,2.17,1.59129,2.85,2.17,1.59129,0,0,0,14415,3.89989e+08,2.17678e+13,0,profile_only
L0_relaunch3,ad6bb15,W1,1,416,1,0.776746,2.8,2.27,1.64129,2.8,2.27,1.64129,0,0,0,14415,4.2547e+08,2.16346e+13,0,profile_only
L0_relaunch3,ad6bb15,W1,1,417,1,0.787655,2.8,2.52,1.69129,2.8,2.52,1.69129,0,0,0,14415,4.30471e+08,2.16388e+13,0,profile_only
L0_relaunch3,ad6bb15,W1,1,418,1,0.826968,2.8,2.67,1.69129,2.8,2.67,1.69129,0,0,0,14415,3.87336e+08,2.14882e+13,0,profile_only
L0_relaunch3,ad6bb15,W1,1,419,1,0.823511,2.75,2.92,1.69129,2.75,2.92,1.69129,0,0,0,14415,3.81873e+08,2.13755e+13,0,profile_only
L0_relaunch3,ad6bb15,W1,1,420,1,0.862049,2.75,3.07,1.69129,2.75,3.07,1.69129,0,0,0,14415,4.15696e+08,2.12948e+13,0,profile_only
L0_relaunch3,ad6bb15,W1,1,421,1,0.773253,2.7,3.17,1.69129,2.7,3.17,1.69129,0,0,0,14415,4.38978e+08,2.11973e+13,0,profile_only
L0_relaunch3,ad6bb15,W1,1,422,1,0.799946,2.65,3.42,1.74129,2.65,3.42,1.74129,0,0,0,14415,4.50978e+08,2.12352e+13,0,profile_only
L0_relaunch3,ad6bb15,W1,1,423,1,0.828155,2.65,3.52,1.74129,2.65,3.52,1.74129,0,0,0,14415,4.12169e+08,2.11324e+13,0,profile_only
L0_relaunch3,ad6bb15,W1,1,424,1,0.805652,2.55,3.72,1.79129,2.55,3.72,1.79129,0,0,0,14415,4.64631e+08,2.10846e+13,0,profile_only
L0_relaunch3,ad6bb15,W1,1,425,1,0.861533,2.6,3.77,1.79129,2.6,3.77,1.79129,0,0,0,14415,4.55826e+08,2.10168e+13,0,profile_only
L0_relaunch3,ad6bb15,W1,1,426,1,0.88905,2.55,3.92,1.84129,2.55,3.92,1.84129,0,0,0,14415,5.33529e+08,2.08987e+13,0,profile_only
L0_relaunch3,ad6bb15,W1,1,427,1,0.787738,2.4,4.12,1.89129,2.4,4.12,1.89129,0,0,0,14415,4.60605e+08,2.07756e+13,0,profile_only
L0_relaunch3,ad6bb15,W1,1,428,1,0.902403,2.45,4.27,1.94129,2.45,4.27,1.94129,0,0,0,14415,5.03245e+08,2.08096e+13,0,profile_only
L0_relaunch3,ad6bb15,W1,1,429,1,0.92215,2.35,4.42,1.99129,2.35,4.42,1.99129,0,0,0,14415,5.02703e+08,2.0569e+13,0,profile_only
L0_relaunch3,ad6bb15,W1,1,430,1,0.831172,2.3,4.52,2.04129,2.3,4.52,2.04129,0,0,0,14415,4.73358e+08,2.03724e+13,0,profile_only
L0_relaunch3,ad6bb15,W1,1,431,1,0.962102,2.2,4.67,2.09129,2.2,4.67,2.09129,0,0,0,14415,4.9757e+08,2.02607e+13,0,profile_only
L0_relaunch3,ad6bb15,W1,1,432,1,0.891219,2.2,4.72,2.14129,2.2,4.72,2.14129,0,0,0,14415,5.27518e+08,1.99631e+13,0,profile_only
L0_relaunch3,ad6bb15,W1,1,433,1,0.887073,1.95,4.97,2.24129,1.95,4.97,2.24129,0,0,0,14415,5.36946e+08,1.98364e+13,0,profile_only
L0_relaunch3,ad6bb15,W1,1,434,1,0.862538,1.85,5.07,2.34129,1.85,5.07,2.34129,0,0,0,14415,5.24717e+08,1.93868e+13,0,profile_only
L0_relaunch3,ad6bb15,W1,1,435,1,0.889971,1.7,5.17,2.44129,1.7,5.17,2.44129,0,0,0,14415,5.61424e+08,1.92659e+13,0,profile_only
L0_relaunch3,ad6bb15,W1,1,436,1,0.861435,1.5,5.32,2.54129,1.5,5.32,2.54129,0,0,0,14415,5.43182e+08,1.92038e+13,0,profile_only
L0_relaunch3,ad6bb15,W1,1,437,1,0.822525,1.3,5.42,2.64129,1.3,5.42,2.64129,0,0,0,14415,4.96898e+08,1.90697e+13,0,profile_only
L0_relaunch3,ad6bb15,W1,1,438,1,0.882146,1,5.52,2.74129,1,5.52,2.74129,0,0,0,14415,5.00691e+08,1.89867e+13,0,profile_only
L0_relaunch3,ad6bb15,W1,1,439,1,0.893915,0.85,5.57,2.79129,0.85,5.57,2.79129,0,0,0,14415,4.83438e+08,1.90285e+13,0,profile_only
L0_relaunch3,ad6bb15,W1,1,440,1,0.905556,0.55,5.67,2.84129,0.55,5.67,2.84129,0,0,0,14415,5.05001e+08,1.89868e+13,0,profile_only
L0_relaunch3,ad6bb15,W1,1,441,1,0.894368,0.5,5.67,2.84129,0.5,5.67,2.84129,0,0,0,14415,4.44689e+08,1.89614e+13,0,profile_only
L0_relaunch3,ad6bb15,W1,1,442,1,0.851122,0.2,5.77,2.84129,0.2,5.77,2.84129,0,0,0,14415,4.62042e+08,1.88656e+13,0,profile_only
L0_relaunch3,ad6bb15,W1,1,443,1,0.915467,-0.1,5.87,2.89129,-0.1,5.87,2.89129,0,0,0,14415,4.4096e+08,1.85647e+13,0,profile_only
L0_relaunch3,ad6bb15,W1,1,444,1,0.950046,-0.3,5.92,2.89129,-0.3,5.92,2.89129,0,0,0,14415,3.79023e+08,1.84616e+13,0,profile_only
L0_relaunch3,ad6bb15,W1,1,445,1,0.956997,-0.5,5.97,2.89129,-0.5,5.97,2.89129,0,0,0,14415,4.23028e+08,1.83318e+13,0,profile_only
L0_relaunch3,ad6bb15,W1,1,446,1,0.955121,-0.55,5.97,2.89129,-0.55,5.97,2.89129,0,0,0,14415,4.46375e+08,1.82476e+13,0,profile_only
L0_relaunch3,ad6bb15,W1,1,447,1,0.944855,-0.75,6.02,2.89129,-0.75,6.02,2.89129,0,0,0,14415,4.86051e+08,1.80851e+13,0,profile_only
L0_relaunch3,ad6bb15,W1,1,448,1,0.913751,-0.9,6.07,2.89129,-0.9,6.07,2.89129,0,0,0,14415,4.61509e+08,1.7987e+13,0,profile_only
L0_relaunch3,ad6bb15,W1,1,449,1,0.881903,-1,6.07,2.89129,-1,6.07,2.89129,0,0,0,14415,5.03234e+08,1.77863e+13,0,profile_only
L0_relaunch3,ad6bb15,W1,1,450,1,0.887385,-1.25,6.12,2.89129,-1.25,6.12,2.89129,0,0,0,14415,4.93168e+08,1.77765e+13,0,profile_only
L0_relaunch3,ad6bb15,W1,1,451,1,0.857057,-1.45,6.17,2.89129,-1.45,6.17,2.89129,0,0,0,14415,5.64257e+08,1.77757e+13,0,profile_only
L0_relaunch3,ad6bb15,W1,1,452,1,0.920509,-1.65,6.22,2.94129,-1.65,6.22,2.94129,0,0,0,14415,5.22776e+08,1.77961e+13,0,profile_only
L0_relaunch3,ad6bb15,W1,1,453,1,0.799387,-1.8,6.27,2.94129,-1.8,6.27,2.94129,0,0,0,14415,3.01929e+08,1.80421e+13,0,profile_only
L0_relaunch3,ad6bb15,W1,1,454,1,0.828166,-1.95,6.27,2.94129,-1.95,6.27,2.94129,0,0,0,14415,3.51921e+08,1.80903e+13,0,profile_only
L0_relaunch3,ad6bb15,W1,1,455,1,0.874981,-2.15,6.32,2.99129,-2.15,6.32,2.99129,0,0,0,14415,4.10084e+08,1.82359e+13,0,profile_only
L0_relaunch3,ad6bb15,W1,1,456,1,0.870617,-2.25,6.32,2.99129,-2.25,6.32,2.99129,0,0,0,14415,2.82581e+08,1.83791e+13,0,profile_only
L0_relaunch3,ad6bb15,W1,1,457,1,0.816753,-2.35,6.37,3.04129,-2.35,6.37,3.04129,0,0,0,14415,3.90509e+08,1.84688e+13,0,profile_only
L0_relaunch3,ad6bb15,W1,1,458,1,0.860935,-2.45,6.37,3.04129,-2.45,6.37,3.04129,0,0,0,14415,3.93747e+08,1.86486e+13,0,profile_only
L0_relaunch3,ad6bb15,W1,1,459,1,0.902839,-2.65,6.37,3.09129,-2.65,6.37,3.09129,0,0,0,14415,4.32875e+08,1.87765e+13,0,profile_only
L0_relaunch3,ad6bb15,W1,1,460,1,0.906183,-2.7,6.37,3.09129,-2.7,6.37,3.09129,0,0,0,14415,3.72748e+08,1.91801e+13,0,profile_only
L0_relaunch3,ad6bb15,W1,1,461,1,0.900201,-2.8,6.37,3.09129,-2.8,6.37,3.09129,0,0,0,14415,4.19365e+08,1.92866e+13,0,profile_only
L0_relaunch3,ad6bb15,W1,1,462,1,0.901674,-2.95,6.37,3.14129,-2.95,6.37,3.14129,0,0,0,14415,4.04824e+08,1.94388e+13,0,profile_only
L0_relaunch3,ad6bb15,W1,1,463,1,0.883793,-3.1,6.37,3.14129,-3.1,6.37,3.14129,0,0,0,14415,3.74885e+08,1.98592e+13,0,profile_only
L0_relaunch3,ad6bb15,W1,1,464,1,0.881029,-3.25,6.37,3.14129,-3.25,6.37,3.14129,0,0,0,14415,4.04848e+08,1.99713e+13,0,profile_only
L0_relaunch3,ad6bb15,W1,1,465,1,0.857732,-3.4,6.37,3.14129,-3.4,6.37,3.14129,0,0,0,14415,3.71174e+08,2.00134e+13,0,profile_only
L0_relaunch3,ad6bb15,W1,1,466,1,0.844948,-3.55,6.37,-3.0919,-3.55,6.37,-3.0919,0,0,0,14415,3.48172e+08,2.00457e+13,0,profile_only
L0_relaunch3,ad6bb15,W1,1,467,1,0.827549,-3.8,6.37,3.14129,-3.8,6.37,3.14129,0,0,0,14415,3.14012e+08,2.02339e+13,0,profile_only
L0_relaunch3,ad6bb15,W1,1,468,1,0.821752,-4.05,6.37,3.14129,-4.05,6.37,3.14129,0,0,0,14415,4.15261e+08,1.99363e+13,0,profile_only
L0_relaunch3,ad6bb15,W1,1,469,1,0.798651,-4.3,6.37,3.09129,-4.3,6.37,3.09129,0,0,0,14415,4.74124e+08,1.97652e+13,0,profile_only
L0_relaunch3,ad6bb15,W1,1,470,1,0.863358,-4.4,6.42,3.09129,-4.4,6.42,3.09129,0,0,0,14415,6.15488e+08,1.94478e+13,0,profile_only
L0_relaunch3,ad6bb15,W1,1,471,1,0.766266,-4.5,6.42,3.09129,-4.5,6.42,3.09129,0,0,0,14415,4.5081e+08,1.90286e+13,0,profile_only
L0_relaunch3,ad6bb15,W1,1,472,1,0.795215,-4.75,6.47,3.04129,-4.75,6.47,3.04129,0,0,0,14415,3.74354e+08,1.88256e+13,0,profile_only
L0_relaunch3,ad6bb15,W1,1,473,1,0.872398,-5.05,6.47,2.94129,-5.05,6.47,2.94129,0,0,0,14415,3.15717e+08,1.84021e+13,0,profile_only
L0_relaunch3,ad6bb15,W1,1,474,1,0.85151,-5.15,6.57,2.94129,-5.15,6.57,2.94129,0,0,0,14415,3.83622e+08,1.84186e+13,0,profile_only
L0_relaunch3,ad6bb15,W1,1,475,1,0.910613,-5.3,6.57,2.84129,-5.3,6.57,2.84129,0,0,0,14415,3.02779e+08,1.78075e+13,0,profile_only
L0_relaunch3,ad6bb15,W1,1,476,1,0.891908,-5.45,6.67,2.74129,-5.45,6.67,2.74129,0,0,0,14415,4.76581e+08,1.7661e+13,0,profile_only
L0_relaunch3,ad6bb15,W1,1,477,1,0.890664,-5.55,6.72,2.64129,-5.55,6.72,2.64129,0,0,0,14415,4.12621e+08,1.71655e+13,0,profile_only
L0_relaunch3,ad6bb15,W1,1,478,1,0.866286,-5.65,6.77,2.54129,-5.65,6.77,2.54129,0,0,0,14415,3.08704e+08,1.68034e+13,0,profile_only
L0_relaunch3,ad6bb15,W1,1,479,1,0.879023,-5.8,7.02,2.44129,-5.8,7.02,2.44129,0,0,0,14415,3.73561e+08,1.61447e+13,0,profile_only
L0_relaunch3,ad6bb15,W1,1,480,1,0.841371,-5.9,7.12,2.29129,-5.9,7.12,2.29129,0,0,0,14415,2.94014e+08,1.50743e+13,0,profile_only
L0_relaunch3,ad6bb15,W1,1,481,1,0.925842,-6.1,7.47,2.14129,-6.1,7.47,2.14129,0,0,0,14415,3.60461e+08,1.45226e+13,0,profile_only
L0_relaunch3,ad6bb15,W1,1,482,1,0.885397,-6.15,7.57,2.14129,-6.15,7.57,2.14129,0,0,0,14415,4.1724e+08,1.36513e+13,0,profile_only
L0_relaunch3,ad6bb15,W1,1,483,1,0.939762,-6.2,7.67,2.09129,-6.2,7.67,2.09129,0,0,0,14415,3.79347e+08,1.33694e+13,0,profile_only
L0_relaunch3,ad6bb15,W1,1,484,1,0.913377,-6.25,7.77,2.09129,-6.25,7.77,2.09129,0,0,0,14415,4.33593e+08,1.3131e+13,0,profile_only
L0_relaunch3,ad6bb15,W1,1,485,1,0.875304,-6.3,7.87,2.09129,-6.3,7.87,2.09129,0,0,0,14415,4.31786e+08,1.28783e+13,0,profile_only
L0_relaunch3,ad6bb15,W1,1,486,1,0.920847,-6.35,7.92,2.09129,-6.35,7.92,2.09129,0,0,0,14415,4.10681e+08,1.26446e+13,0,profile_only
L0_relaunch3,ad6bb15,W1,1,487,1,0.948784,-6.45,8.07,2.14129,-6.45,8.07,2.14129,0,0,0,14415,4.18681e+08,1.25556e+13,0,profile_only
L0_relaunch3,ad6bb15,W1,1,488,1,0.932245,-6.5,8.12,2.14129,-6.5,8.12,2.14129,0,0,0,14415,4.23857e+08,1.21112e+13,0,profile_only
L0_relaunch3,ad6bb15,W1,1,489,1,0.915496,-6.55,8.22,2.19129,-6.55,8.22,2.19129,0,0,0,14415,3.92044e+08,1.20202e+13,0,profile_only
L0_relaunch3,ad6bb15,W1,1,490,1,0.91797,-6.6,8.27,2.19129,-6.6,8.27,2.19129,0,0,0,14415,3.54439e+08,1.17428e+13,0,profile_only
L0_relaunch3,ad6bb15,W1,1,491,1,0.871865,-6.7,8.37,2.29129,-6.7,8.37,2.29129,0,0,0,14415,5.89282e+08,1.16447e+13,0,profile_only
L0_relaunch3,ad6bb15,W1,1,492,1,0.926053,-6.8,8.47,2.34129,-6.8,8.47,2.34129,0,0,0,14415,5.27335e+08,1.14438e+13,0,profile_only
L0_relaunch3,ad6bb15,W1,1,493,1,0.932245,-6.9,8.52,2.39129,-6.9,8.52,2.39129,0,0,0,14415,4.45485e+08,1.11924e+13,0,profile_only
L0_relaunch3,ad6bb15,W1,1,494,1,0.931712,-6.95,8.57,2.44129,-6.95,8.57,2.44129,0,0,0,14415,4.7897e+08,1.11175e+13,0,profile_only
L0_relaunch3,ad6bb15,W1,1,495,1,0.91362,-7,8.57,2.49129,-7,8.57,2.49129,0,0,0,14415,4.53766e+08,1.10404e+13,0,profile_only
L0_relaunch3,ad6bb15,W1,1,496,1,0.863489,-7.15,8.67,2.59129,-7.15,8.67,2.59129,0,0,0,14415,5.55208e+08,1.11498e+13,0,profile_only
L0_relaunch3,ad6bb15,W1,1,497,1,0.909789,-7.2,8.67,2.64129,-7.2,8.67,2.64129,0,0,0,14415,4.05399e+08,1.09398e+13,0,profile_only
L0_relaunch3,ad6bb15,W1,1,498,1,0.840551,-7.35,8.72,2.74129,-7.35,8.72,2.74129,0,0,0,14415,4.93587e+08,1.09994e+13,0,profile_only
L0_relaunch3,ad6bb15,W1,1,499,1,0.810985,-7.45,8.72,2.79129,-7.45,8.72,2.79129,0,0,0,14415,4.36072e+08,1.0892e+13,0,profile_only
L0_relaunch3,ad6bb15,W1,1,500,1,0.882661,-7.55,8.77,2.89129,-7.55,8.77,2.89129,0,0,0,14415,5.03187e+08,1.07925e+13,0,profile_only
L0_relaunch3,ad6bb15,W1,1,501,1,0.814554,-7.6,8.77,2.89129,-7.6,8.77,2.89129,0,0,0,14415,3.23522e+08,1.06817e+13,0,profile_only
L0_relaunch3,ad6bb15,W1,1,502,1,0.891085,-7.75,8.77,2.99129,-7.75,8.77,2.99129,0,0,0,14415,4.90492e+08,1.05194e+13,0,profile_only
L0_relaunch3,ad6bb15,W1,1,503,1,0.89267,-7.85,8.77,3.04129,-7.85,8.77,3.04129,0,0,0,14415,4.884e+08,1.04928e+13,0,profile_only
L0_relaunch3,ad6bb15,W1,1,504,1,0.829381,-7.85,8.77,3.04129,-7.85,8.77,3.04129,0,0,0,14415,4.34122e+08,1.0441e+13,0,profile_only
L0_relaunch3,ad6bb15,W1,1,505,1,0.79404,-8,8.77,3.09129,-8,8.77,3.09129,0,0,0,14415,4.6716e+08,1.03891e+13,0,profile_only
L0_relaunch3,ad6bb15,W1,1,506,1,0.773558,-8.2,8.77,-3.0919,-8.2,8.77,-3.0919,0,0,0,14415,4.58387e+08,1.02452e+13,0,profile_only
L0_relaunch3,ad6bb15,W1,1,507,1,0.797584,-8.35,8.72,-3.0919,-8.35,8.72,-3.0919,0,0,0,14415,3.37833e+08,1.01633e+13,0,profile_only
L0_relaunch3,ad6bb15,W1,1,508,1,0.776532,-8.45,8.72,-3.0419,-8.45,8.72,-3.0419,0,0,0,14415,4.74068e+08,1.00256e+13,0,profile_only
L0_relaunch3,ad6bb15,W1,1,509,1,0.823965,-8.55,8.72,-3.0419,-8.55,8.72,-3.0419,0,0,0,14415,3.88021e+08,1.00394e+13,0,profile_only
L0_relaunch3,ad6bb15,W1,1,510,1,0.814605,-8.7,8.67,-2.9919,-8.7,8.67,-2.9919,0,0,0,14415,4.10409e+08,9.90198e+12,0,profile_only
L0_relaunch3,ad6bb15,W1,1,511,1,0.868245,-8.8,8.67,-2.9919,-8.8,8.67,-2.9919,0,0,0,14415,3.33147e+08,9.92993e+12,0,profile_only
L0_relaunch3,ad6bb15,W1,1,512,1,0.761339,-8.9,8.67,-2.9419,-8.9,8.67,-2.9419,0,0,0,14415,4.62797e+08,9.79963e+12,0,profile_only
L0_relaunch3,ad6bb15,W1,1,513,1,0.844044,-9,8.62,-2.9419,-9,8.62,-2.9419,0,0,0,14415,3.78357e+08,9.88866e+12,0,profile_only
L0_relaunch3,ad6bb15,W1,1,514,1,0.837347,-9.1,8.57,-2.8919,-9.1,8.57,-2.8919,0,0,0,14415,4.00691e+08,9.9023e+12,0,profile_only
L0_relaunch3,ad6bb15,W1,1,515,1,0.808833,-9.2,8.57,-2.8919,-9.2,8.57,-2.8919,0,0,0,14415,3.16517e+08,1.01204e+13,0,profile_only
L0_relaunch3,ad6bb15,W1,1,516,1,0.831721,-9.25,8.52,-2.8419,-9.25,8.52,-2.8419,0,0,0,14415,3.89568e+08,9.99019e+12,0,profile_only
L0_relaunch3,ad6bb15,W1,1,517,1,0.76098,-9.35,8.47,-2.8419,-9.35,8.47,-2.8419,0,0,0,14415,3.69795e+08,1.03266e+13,0,profile_only
L0_relaunch3,ad6bb15,W1,1,518,1,0.781205,-9.5,8.42,-2.7919,-9.5,8.42,-2.7919,0,0,0,14415,3.94343e+08,1.04992e+13,0,profile_only
L0_relaunch3,ad6bb15,W1,1,519,1,0.844447,-9.6,8.37,-2.7419,-9.6,8.37,-2.7419,0,0,0,14415,4.27104e+08,1.07815e+13,0,profile_only
L0_relaunch3,ad6bb15,W1,1,520,1,0.801509,-9.7,8.32,-2.6919,-9.7,8.32,-2.6919,0,0,0,14415,4.50513e+08,1.114e+13,0,profile_only
L0_relaunch3,ad6bb15,W1,1,521,1,0.746339,-9.85,8.22,-2.6419,-9.85,8.22,-2.6419,0,0,0,14415,4.82685e+08,1.15217e+13,0,profile_only
L0_relaunch3,ad6bb15,W1,1,522,1,0.810697,-10,8.17,-2.5919,-10,8.17,-2.5919,0,0,0,14415,5.01883e+08,1.18242e+13,0,profile_only
L0_relaunch3,ad6bb15,W1,1,523,1,0.840492,-10.1,8.07,-2.5419,-10.1,8.07,-2.5419,0,0,0,14415,5.05308e+08,1.18891e+13,0,profile_only
L0_relaunch3,ad6bb15,W1,1,524,1,0.802282,-10.25,7.92,-2.4919,-10.25,7.92,-2.4919,0,0,0,14415,4.65587e+08,1.20717e+13,0,profile_only
L0_relaunch3,ad6bb15,W1,1,525,1,0.834547,-10.35,7.87,-2.4419,-10.35,7.87,-2.4419,0,0,0,14415,4.657e+08,1.22085e+13,0,profile_only
L0_relaunch3,ad6bb15,W1,1,526,1,0.842569,-10.4,7.82,-2.4419,-10.4,7.82,-2.4419,0,0,0,14415,4.84826e+08,1.21908e+13,0,profile_only
L0_relaunch3,ad6bb15,W1,1,527,1,0.886227,-10.6,7.62,-2.3419,-10.6,7.62,-2.3419,0,0,0,14415,6.13377e+08,1.22442e+13,0,profile_only
L0_relaunch3,ad6bb15,W1,1,528,1,0.838704,-10.65,7.52,-2.2919,-10.65,7.52,-2.2919,0,0,0,14415,4.89353e+08,1.21796e+13,0,profile_only
L0_relaunch3,ad6bb15,W1,1,529,1,0.87937,-10.75,7.37,-2.2419,-10.75,7.37,-2.2419,0,0,0,14415,4.81742e+08,1.22043e+13,0,profile_only
L0_relaunch3,ad6bb15,W1,1,530,1,0.888088,-10.85,7.27,-2.1919,-10.85,7.27,-2.1919,0,0,0,14415,4.80347e+08,1.21267e+13,0,profile_only
L0_relaunch3,ad6bb15,W1,1,531,1,0.905257,-10.85,7.22,-2.1919,-10.85,7.22,-2.1919,0,0,0,14415,4.26261e+08,1.20566e+13,0,profile_only
L0_relaunch3,ad6bb15,W1,1,532,1,0.863263,-10.9,7.12,-2.1419,-10.9,7.12,-2.1419,0,0,0,14415,4.67308e+08,1.19367e+13,0,profile_only
L0_relaunch3,ad6bb15,W1,1,533,1,0.861939,-11,6.97,-2.0919,-11,6.97,-2.0919,0,0,0,14415,5.56247e+08,1.15044e+13,0,profile_only
L0_relaunch3,ad6bb15,W1,1,534,1,0.87238,-11.05,6.82,-2.0419,-11.05,6.82,-2.0419,0,0,0,14415,5.28336e+08,1.1237e+13,0,profile_only
L0_relaunch3,ad6bb15,W1,1,535,1,0.838367,-11.1,6.67,-1.9919,-11.1,6.67,-1.9919,0,0,0,14415,5.08659e+08,1.06126e+13,0,profile_only
L0_relaunch3,ad6bb15,W1,1,536,1,0.794217,-11.2,6.42,-1.8919,-11.2,6.42,-1.8919,0,0,0,14415,5.97031e+08,1.01713e+13,0,profile_only
L0_relaunch3,ad6bb15,W1,1,537,1,0.801701,-11.2,6.27,-1.8419,-11.2,6.27,-1.8419,0,0,0,14415,4.13344e+08,1.02447e+13,0,profile_only
L0_relaunch3,ad6bb15,W1,1,538,1,0.87201,-11.25,6.07,-1.7919,-11.25,6.07,-1.7919,0,0,0,14415,4.4648e+08,1.06985e+13,0,profile_only
L0_relaunch3,ad6bb15,W1,1,539,1,0.839546,-11.25,5.97,-1.7419,-11.25,5.97,-1.7419,0,0,0,14415,3.68272e+08,1.07845e+13,0,profile_only
L0_relaunch3,ad6bb15,W1,1,540,1,0.787856,-11.3,5.72,-1.6419,-11.3,5.72,-1.6419,0,0,0,14415,4.4762e+08,1.10429e+13,0,profile_only
L0_relaunch3,ad6bb15,W1,1,541,1,0.762296,-11.3,5.57,-1.5919,-11.3,5.57,-1.5919,0,0,0,14415,4.62119e+08,1.12561e+13,0,profile_only
L0_relaunch3,ad6bb15,W1,1,542,1,0.754569,-11.3,5.22,-1.4919,-11.3,5.22,-1.4919,0,0,0,14415,5.20314e+08,1.18522e+13,0,profile_only
L0_relaunch3,ad6bb15,W1,1,543,1,0.778172,-11.2,4.97,-1.3419,-11.2,4.97,-1.3419,0,0,0,14415,5.33324e+08,1.25438e+13,0,profile_only
L0_relaunch3,ad6bb15,W1,1,544,1,0.796131,-11.1,4.77,-1.2419,-11.1,4.77,-1.2419,0,0,0,14415,5.49628e+08,1.32806e+13,0,profile_only
L0_relaunch3,ad6bb15,W1,1,545,1,0.771449,-11,4.62,-1.0919,-11,4.62,-1.0919,0,0,0,14415,6.22795e+08,1.38623e+13,0,profile_only
L0_relaunch3,ad6bb15,W1,1,546,1,0.762444,-10.8,4.42,-0.891899,-10.8,4.42,-0.891899,0,0,0,14415,6.72284e+08,1.42532e+13,0,profile_only
L0_relaunch3,ad6bb15,W1,1,547,1,0.654808,-10.4,4.17,-0.541899,-10.4,4.17,-0.541899,0,0,0,14415,5.57982e+08,1.46895e+13,0,profile_only
L0_relaunch3,ad6bb15,W1,1,548,1,0.594389,-8.3,3.72,-0.491899,-8.3,3.72,-0.491899,0,0,0,14415,4.70194e+08,1.56956e+13,0,profile_only
L0_relaunch3,ad6bb15,W1,1,549,1,0.813819,-6.7,3.22,-0.441899,-6.7,3.22,-0.441899,0,0,0,14415,4.67829e+08,2.11243e+13,0,profile_only
L0_relaunch3,ad6bb15,W1,1,550,1,0.821497,-6.4,3.07,-0.441899,-6.4,3.07,-0.441899,0,0,0,14415,3.95882e+08,2.27817e+13,0,profile_only
L0_relaunch3,ad6bb15,W1,1,551,1,0.798006,-6.15,2.97,-0.441899,-6.15,2.97,-0.441899,0,0,0,14415,4.55527e+08,2.27663e+13,0,profile_only
L0_relaunch3,ad6bb15,W1,1,552,1,0.798659,-5.95,2.87,-0.441899,-5.95,2.87,-0.441899,0,0,0,14415,4.54546e+08,2.26203e+13,0,profile_only
L0_relaunch3,ad6bb15,W1,1,553,1,0.783542,-5.5,2.67,-0.441899,-5.5,2.67,-0.441899,0,0,0,14415,4.45126e+08,2.25284e+13,0,profile_only
L0_relaunch3,ad6bb15,W1,1,554,1,0.811663,-5.1,2.47,-0.441899,-5.1,2.47,-0.441899,0,0,0,14415,4.44155e+08,2.23274e+13,0,profile_only
L0_relaunch3,ad6bb15,W1,1,555,1,0.856458,-4.9,2.37,-0.441899,-4.9,2.37,-0.441899,0,0,0,14415,4.42019e+08,2.2152e+13,0,profile_only
L0_relaunch3,ad6bb15,W1,1,556,1,0.739773,-4.7,2.27,-0.491899,-4.7,2.27,-0.491899,0,0,0,14415,4.00576e+08,2.21951e+13,0,profile_only
L0_relaunch3,ad6bb15,W1,1,557,1,0.822223,-4,1.87,-0.491899,-4,1.87,-0.491899,0,0,0,14415,4.42097e+08,2.24198e+13,0,profile_only
L0_relaunch3,ad6bb15,W1,1,558,1,0.836317,-4,1.87,-0.541899,-4,1.87,-0.541899,0,0,0,14415,3.4996e+08,2.21746e+13,0,profile_only
L0_relaunch3,ad6bb15,W1,1,559,1,0.818516,-3.8,1.72,-0.541899,-3.8,1.72,-0.541899,0,0,0,14415,4.51276e+08,2.23415e+13,0,profile_only
L0_relaunch3,ad6bb15,W1,1,560,1,0.79676,-3.6,1.62,-0.591899,-3.6,1.62,-0.591899,0,0,0,14415,3.79324e+08,2.23221e+13,0,profile_only
L0_relaunch3,ad6bb15,W1,1,561,1,0.793898,-3.4,1.47,-0.641899,-3.4,1.47,-0.641899,0,0,0,14415,4.1814e+08,2.23048e+13,0,profile_only
L0_relaunch3,ad6bb15,W1,1,562,1,0.844396,-3.25,1.32,-0.641899,-3.25,1.32,-0.641899,0,0,0,14415,3.99212e+08,2.20799e+13,0,profile_only
L0_relaunch3,ad6bb15,W1,1,563,1,0.82078,-3.1,1.22,-0.691899,-3.1,1.22,-0.691899,0,0,0,14415,3.9152e+08,2.18154e+13,0,profile_only
L0_relaunch3,ad6bb15,W1,1,564,1,0.788123,-2.9,1.02,-0.741899,-2.9,1.02,-0.741899,0,0,0,14415,4.36602e+08,2.1686e+13,0,profile_only
L0_relaunch3,ad6bb15,W1,1,565,1,0.87521,-2.75,0.87,-0.741899,-2.75,0.87,-0.741899,0,0,0,14415,4.51582e+08,2.12577e+13,0,profile_only
L0_relaunch3,ad6bb15,W1,1,566,1,0.77794,-2.6,0.77,-0.791899,-2.6,0.77,-0.791899,0,0,0,14415,3.81027e+08,2.10486e+13,0,profile_only
L0_relaunch3,ad6bb15,W1,1,567,1,0.868872,-2.5,0.62,-0.791899,-2.5,0.62,-0.791899,0,0,0,14415,3.64663e+08,2.10892e+13,0,profile_only
L0_relaunch3,ad6bb15,W1,1,568,1,0.814554,-2.4,0.52,-0.791899,-2.4,0.52,-0.791899,0,0,0,14415,4.26028e+08,2.06322e+13,0,profile_only
L0_relaunch3,ad6bb15,W1,1,569,1,0.82317,-2.3,0.42,-0.791899,-2.3,0.42,-0.791899,0,0,0,14415,4.28502e+08,2.02811e+13,0,profile_only
L0_relaunch3,ad6bb15,W1,1,570,1,0.822412,-2.25,0.32,-0.791899,-2.25,0.32,-0.791899,0,0,0,14415,4.60722e+08,1.98451e+13,0,profile_only
L0_relaunch3,ad6bb15,W1,1,571,1,0.822477,-2,0.12,-0.691899,-2,0.12,-0.691899,0,0,0,14415,5.40568e+08,1.93503e+13,0,profile_only
L0_relaunch3,ad6bb15,W1,1,572,1,0.795124,-1.9,0.07,-0.641899,-1.9,0.07,-0.641899,0,0,0,14415,5.27243e+08,1.904e+13,0,profile_only
L0_relaunch3,ad6bb15,W1,1,573,1,0.857006,-1.65,-0.08,-0.541899,-1.65,-0.08,-0.541899,0,0,0,14415,5.32523e+08,1.89332e+13,0,profile_only
L0_relaunch3,ad6bb15,W1,1,574,1,0.793231,-1.4,-0.18,-0.441899,-1.4,-0.18,-0.441899,0,0,0,14415,4.89414e+08,1.88176e+13,0,profile_only
L0_relaunch3,ad6bb15,W1,1,575,1,0.830495,-1.15,-0.28,-0.391899,-1.15,-0.28,-0.391899,0,0,0,14415,5.55361e+08,1.89079e+13,0,profile_only
L0_relaunch3,ad6bb15,W1,1,576,1,0.776242,-0.85,-0.38,-0.341899,-0.85,-0.38,-0.341899,0,0,0,14415,5.33342e+08,1.88872e+13,0,profile_only
L0_relaunch3,ad6bb15,W1,1,577,1,0.774591,-0.5,-0.53,-0.341899,-0.5,-0.53,-0.341899,0,0,0,14415,5.10821e+08,1.88809e+13,0,profile_only
L0_relaunch3,ad6bb15,W1,1,578,1,0.836702,-0.2,-0.58,-0.291899,-0.2,-0.58,-0.291899,0,0,0,14415,4.46469e+08,1.84129e+13,0,profile_only
L0_relaunch3,ad6bb15,W1,1,579,1,0.783998,-0.05,-0.63,-0.241899,-0.05,-0.63,-0.241899,0,0,0,14415,3.95288e+08,1.83498e+13,0,profile_only
L0_relaunch3,ad6bb15,W1,1,580,1,0.863957,0.15,-0.68,-0.191899,0.15,-0.68,-0.191899,0,0,0,14415,3.74773e+08,1.83013e+13,0,profile_only
L0_relaunch3,ad6bb15,W1,1,581,1,0.856796,0.3,-0.68,-0.141899,0.3,-0.68,-0.141899,0,0,0,14415,3.18626e+08,1.8238e+13,0,profile_only
L0_relaunch3,ad6bb15,W1,1,582,1,0.874902,0.45,-0.68,-0.0918989,0.45,-0.68,-0.0918989,0,0,0,14415,3.29442e+08,1.82951e+13,0,profile_only
L0_relaunch3,ad6bb15,W1,1,583,1,0.819129,0.6,-0.68,-0.0418989,0.6,-0.68,-0.0418989,0,0,0,14415,4.58987e+08,1.83734e+13,0,profile_only
L0_relaunch3,ad6bb15,W1,1,584,1,0.820921,0.75,-0.68,0.00810113,0.75,-0.68,0.00810113,0,0,0,14415,4.96131e+08,1.84602e+13,0,profile_only
L0_relaunch3,ad6bb15,W1,1,585,1,0.850142,0.85,-0.68,0.0581011,0.85,-0.68,0.0581011,0,0,0,14415,4.95784e+08,1.85379e+13,0,profile_only
L0_relaunch3,ad6bb15,W1,1,586,1,0.794199,1,-0.63,0.108101,1,-0.63,0.108101,0,0,0,14415,4.68145e+08,1.86617e+13,0,profile_only
L0_relaunch3,ad6bb15,W1,1,587,1,0.697549,1.3,-0.53,0.208101,1.3,-0.53,0.208101,0,0,0,14415,4.79085e+08,1.88361e+13,0,profile_only
L0_relaunch3,ad6bb15,W1,1,588,1,0.856473,1.45,-0.53,0.258101,1.45,-0.53,0.258101,0,0,0,14415,4.38906e+08,1.91386e+13,0,profile_only
L0_relaunch3,ad6bb15,W1,1,589,1,0.895061,1.6,-0.48,0.308101,1.6,-0.48,0.308101,0,0,0,14415,4.79169e+08,1.91427e+13,0,profile_only
L0_relaunch3,ad6bb15,W1,1,590,1,0.883372,1.75,-0.38,0.358101,1.75,-0.38,0.358101,0,0,0,14415,4.48663e+08,1.92927e+13,0,profile_only
L0_relaunch3,ad6bb15,W1,1,591,1,0.869358,1.9,-0.33,0.408101,1.9,-0.33,0.408101,0,0,0,14415,4.89561e+08,1.95234e+13,0,profile_only
L0_relaunch3,ad6bb15,W1,1,592,1,0.836604,2.05,-0.28,0.458101,2.05,-0.28,0.458101,0,0,0,14415,5.06507e+08,1.9689e+13,0,profile_only
L0_relaunch3,ad6bb15,W1,1,593,1,0.814003,2.2,-0.18,0.508101,2.2,-0.18,0.508101,0,0,0,14415,5.22551e+08,1.98546e+13,0,profile_only
L0_relaunch3,ad6bb15,W1,1,594,1,0.89941,2.4,0.02,0.608101,2.4,0.02,0.608101,0,0,0,14415,5.45264e+08,2.01096e+13,0,profile_only
L0_relaunch3,ad6bb15,W1,1,595,1,0.915272,2.5,0.07,0.658101,2.5,0.07,0.658101,0,0,0,14415,4.66371e+08,2.0541e+13,0,profile_only
L0_relaunch3,ad6bb15,W1,1,596,1,0.86593,2.6,0.17,0.708101,2.6,0.17,0.708101,0,0,0,14415,4.53724e+08,2.06378e+13,0,profile_only
L0_relaunch3,ad6bb15,W1,1,597,1,0.872505,2.7,0.27,0.758101,2.7,0.27,0.758101,0,0,0,14415,4.59186e+08,2.07612e+13,0,profile_only
L0_relaunch3,ad6bb15,W1,1,598,1,0.877086,2.8,0.37,0.808101,2.8,0.37,0.808101,0,0,0,14415,4.48862e+08,2.08389e+13,0,profile_only
L0_relaunch3,ad6bb15,W1,1,599,1,0.882759,2.95,0.57,0.858101,2.95,0.57,0.858101,0,0,0,14415,4.83835e+08,2.08645e+13,0,profile_only
L0_relaunch3,ad6bb15,W1,1,600,1,0.878344,3,0.67,0.908101,3,0.67,0.908101,0,0,0,14415,4.39067e+08,2.10944e+13,0,profile_only
L0_relaunch3,ad6bb15,W1,1,601,1,0.878348,3.1,0.77,0.958101,3.1,0.77,0.958101,0,0,0,14415,4.80902e+08,2.11839e+13,0,profile_only
L0_relaunch3,ad6bb15,W1,1,602,1,0.850766,3.15,0.92,1.0081,3.15,0.92,1.0081,0,0,0,14415,4.5065e+08,2.13204e+13,0,profile_only
L0_relaunch3,ad6bb15,W1,1,603,1,0.826051,3.25,1.07,1.0581,3.25,1.07,1.0581,0,0,0,14415,5.10002e+08,2.15238e+13,0,profile_only
L0_relaunch3,ad6bb15,W1,1,604,1,0.861305,3.35,1.32,1.1581,3.35,1.32,1.1581,0,0,0,14415,5.21761e+08,2.16758e+13,0,profile_only
L0_relaunch3,ad6bb15,W1,1,605,1,0.852381,3.4,1.47,1.2081,3.4,1.47,1.2081,0,0,0,14415,5.06796e+08,2.16726e+13,0,profile_only
L0_relaunch3,ad6bb15,W1,1,606,1,0.831833,3.45,1.62,1.2581,3.45,1.62,1.2581,0,0,0,14415,4.52871e+08,2.15871e+13,0,profile_only
L0_relaunch3,ad6bb15,W1,1,607,1,0.770877,3.45,1.77,1.3081,3.45,1.77,1.3081,0,0,0,14415,4.64665e+08,2.14767e+13,0,profile_only
L0_relaunch3,ad6bb15,W1,1,608,1,0.841472,3.55,2.07,1.4081,3.55,2.07,1.4081,0,0,0,14415,5.37613e+08,2.14976e+13,0,profile_only
L0_relaunch3,ad6bb15,W1,1,609,1,0.870313,3.55,2.22,1.4581,3.55,2.22,1.4581,0,0,0,14415,4.17984e+08,2.12996e+13,0,profile_only
L0_relaunch3,ad6bb15,W1,1,610,1,0.814297,3.55,2.37,1.5081,3.55,2.37,1.5081,0,0,0,14415,4.39077e+08,2.12709e+13,0,profile_only
L0_relaunch3,ad6bb15,W1,1,611,1,0.707903,3.55,2.62,1.5581,3.55,2.62,1.5581,0,0,0,14415,4.73152e+08,2.11971e+13,0,profile_only
L0_relaunch3,ad6bb15,W1,1,612,1,0.760828,3.5,2.87,1.6581,3.5,2.87,1.6581,0,0,0,14415,4.94652e+08,2.11017e+13,0,profile_only
L0_relaunch3,ad6bb15,W1,1,613,1,0.716474,3.45,3.07,1.7081,3.45,3.07,1.7081,0,0,0,14415,5.10341e+08,2.11949e+13,0,profile_only
L0_relaunch3,ad6bb15,W1,1,614,1,0.787064,3.35,3.37,1.8081,3.35,3.37,1.8081,0,0,0,14415,5.42422e+08,2.12521e+13,0,profile_only
L0_relaunch3,ad6bb15,W1,1,615,1,0.827971,3.35,3.47,1.8581,3.35,3.47,1.8581,0,0,0,14415,5.10737e+08,2.13071e+13,0,profile_only
L0_relaunch3,ad6bb15,W1,1,616,1,0.862056,3.25,3.67,1.9081,3.25,3.67,1.9081,0,0,0,14415,5.22686e+08,2.13285e+13,0,profile_only
L0_relaunch3,ad6bb15,W1,1,617,1,0.835349,3.15,3.82,1.9581,3.15,3.82,1.9581,0,0,0,14415,4.60945e+08,2.13616e+13,0,profile_only
L0_relaunch3,ad6bb15,W1,1,618,1,0.913073,3.15,3.92,2.0081,3.15,3.92,2.0081,0,0,0,14415,5.03586e+08,2.14487e+13,0,profile_only
L0_relaunch3,ad6bb15,W1,1,619,1,0.920622,3.05,4.07,2.0581,3.05,4.07,2.0581,0,0,0,14415,5.08985e+08,2.1356e+13,0,profile_only
L0_relaunch3,ad6bb15,W1,1,620,1,0.931859,3,4.17,2.1081,3,4.17,2.1081,0,0,0,14415,5.10594e+08,2.12275e+13,0,profile_only
L0_relaunch3,ad6bb15,W1,1,621,1,0.929496,2.85,4.32,2.1581,2.85,4.32,2.1581,0,0,0,14415,5.27497e+08,2.10613e+13,0,profile_only
L0_relaunch3,ad6bb15,W1,1,622,1,0.910937,2.8,4.42,2.2081,2.8,4.42,2.2081,0,0,0,14415,5.03054e+08,2.08064e+13,0,profile_only
L0_relaunch3,ad6bb15,W1,1,623,1,0.927458,2.65,4.57,2.2581,2.65,4.57,2.2581,0,0,0,14415,5.00232e+08,2.05173e+13,0,profile_only
L0_relaunch3,ad6bb15,W1,1,624,1,0.897132,2.55,4.67,2.3081,2.55,4.67,2.3081,0,0,0,14415,4.86733e+08,2.0168e+13,0,profile_only
L0_relaunch3,ad6bb15,W1,1,625,1,0.952707,2.5,4.72,2.3581,2.5,4.72,2.3581,0,0,0,14415,4.81017e+08,1.99242e+13,0,profile_only
L0_relaunch3,ad6bb15,W1,1,626,1,0.857086,2.35,4.87,2.4081,2.35,4.87,2.4081,0,0,0,14415,4.52332e+08,1.98463e+13,0,profile_only
L0_relaunch3,ad6bb15,W1,1,627,1,0.87842,2.3,4.87,2.4581,2.3,4.87,2.4581,0,0,0,14415,5.1626e+08,1.9604e+13,0,profile_only
L0_relaunch3,ad6bb15,W1,1,628,1,0.869778,2.05,5.07,2.5581,2.05,5.07,2.5581,0,0,0,14415,5.59085e+08,1.97028e+13,0,profile_only
L0_relaunch3,ad6bb15,W1,1,629,1,0.927961,1.85,5.17,2.6081,1.85,5.17,2.6081,0,0,0,14415,4.84358e+08,1.94997e+13,0,profile_only
L0_relaunch3,ad6bb15,W1,1,630,1,0.880369,1.75,5.22,2.6581,1.75,5.22,2.6581,0,0,0,14415,4.79094e+08,1.94517e+13,0,profile_only
L0_relaunch3,ad6bb15,W1,1,631,1,0.83758,1.65,5.22,2.7081,1.65,5.22,2.7081,0,0,0,14415,4.96652e+08,1.9399e+13,0,profile_only
L0_relaunch3,ad6bb15,W1,1,632,1,0.801418,1.5,5.27,2.7581,1.5,5.27,2.7581,0,0,0,14415,5.02617e+08,1.94406e+13,0,profile_only
L0_relaunch3,ad6bb15,W1,1,633,1,0.792618,1.05,5.47,2.8081,1.05,5.47,2.8081,0,0,0,14415,5.10635e+08,1.93915e+13,0,profile_only
L0_relaunch3,ad6bb15,W1,1,634,1,0.86889,0.65,5.62,2.8581,0.65,5.62,2.8581,0,0,0,14415,4.45447e+08,1.91148e+13,0,profile_only
L0_relaunch3,ad6bb15,W1,1,635,1,0.864218,0.35,5.72,2.8581,0.35,5.72,2.8581,0,0,0,14415,4.12746e+08,1.90436e+13,0,profile_only
L0_relaunch3,ad6bb15,W1,1,636,1,0.848539,0.2,5.77,2.8581,0.2,5.77,2.8581,0,0,0,14415,4.14241e+08,1.88224e+13,0,profile_only
L0_relaunch3,ad6bb15,W1,1,637,1,0.873385,0.1,5.77,2.8081,0.1,5.77,2.8081,0,0,0,14415,3.69785e+08,1.86615e+13,0,profile_only
L0_relaunch3,ad6bb15,W1,1,638,1,0.917049,-0.15,5.87,2.8081,-0.15,5.87,2.8081,0,0,0,14415,4.34235e+08,1.85752e+13,0,profile_only
L0_relaunch3,ad6bb15,W1,1,639,1,0.931258,-0.3,5.92,2.8081,-0.3,5.92,2.8081,0,0,0,14415,4.29327e+08,1.8392e+13,0,profile_only
L0_relaunch3,ad6bb15,W1,1,640,1,0.928171,-0.4,5.97,2.8081,-0.4,5.97,2.8081,0,0,0,14415,4.08961e+08,1.83396e+13,0,profile_only
L0_relaunch3,ad6bb15,W1,1,641,1,0.91768,-0.6,6.02,2.8081,-0.6,6.02,2.8081,0,0,0,14415,4.67006e+08,1.8201e+13,0,profile_only
L0_relaunch3,ad6bb15,W1,1,642,1,0.941768,-0.7,6.07,2.8081,-0.7,6.07,2.8081,0,0,0,14415,4.15664e+08,1.81918e+13,0,profile_only
L0_relaunch3,ad6bb15,W1,1,643,1,0.924728,-0.8,6.12,2.8081,-0.8,6.12,2.8081,0,0,0,14415,4.12362e+08,1.80938e+13,0,profile_only
L0_relaunch3,ad6bb15,W1,1,644,1,0.885912,-0.95,6.17,2.7581,-0.95,6.17,2.7581,0,0,0,14415,4.24002e+08,1.80832e+13,0,profile_only
L0_relaunch3,ad6bb15,W1,1,645,1,0.899733,-1.05,6.22,2.7581,-1.05,6.22,2.7581,0,0,0,14415,4.88625e+08,1.79498e+13,0,profile_only
L0_relaunch3,ad6bb15,W1,1,646,1,0.898134,-1.15,6.27,2.7581,-1.15,6.27,2.7581,0,0,0,14415,4.76346e+08,1.79913e+13,0,profile_only
L0_relaunch3,ad6bb15,W1,1,647,1,0.885752,-1.3,6.32,2.7581,-1.3,6.32,2.7581,0,0,0,14415,4.95043e+08,1.81041e+13,0,profile_only
L0_relaunch3,ad6bb15,W1,1,648,1,0.907849,-1.35,6.37,2.7081,-1.35,6.37,2.7081,0,0,0,14415,5.15644e+08,1.82976e+13,0,profile_only
L0_relaunch3,ad6bb15,W1,1,649,1,0.862324,-1.5,6.42,2.7081,-1.5,6.42,2.7081,0,0,0,14415,5.0322e+08,1.80319e+13,0,profile_only
L0_relaunch3,ad6bb15,W1,1,650,1,0.866866,-1.6,6.47,2.7081,-1.6,6.47,2.7081,0,0,0,14415,5.08861e+08,1.81977e+13,0,profile_only
L0_relaunch3,ad6bb15,W1,1,651,1,0.822942,-1.7,6.52,2.7081,-1.7,6.52,2.7081,0,0,0,14415,3.96217e+08,1.81854e+13,0,profile_only
L0_relaunch3,ad6bb15,W1,1,652,1,0.790488,-1.65,6.52,2.6581,-1.65,6.52,2.6581,0,0,0,14415,3.24211e+08,1.81215e+13,0,profile_only
L0_relaunch3,ad6bb15,W1,1,653,1,0.787118,-1.8,6.57,2.7081,-1.8,6.57,2.7081,0,0,0,14415,3.91797e+08,1.79668e+13,0,profile_only
L0_relaunch3,ad6bb15,W1,1,654,1,0.780603,-1.75,6.57,2.7081,-1.75,6.57,2.7081,0,0,0,14415,1.96448e+08,1.80533e+13,0,profile_only
L0_relaunch3,ad6bb15,W1,1,655,1,0.77079,-1.75,6.57,2.7081,-1.75,6.57,2.7081,0,0,0,14415,2.41444e+08,1.80435e+13,0,profile_only
L0_relaunch3,ad6bb15,W1,1,656,1,0.77593,-1.75,6.57,2.7081,-1.75,6.57,2.7081,0,0,0,14415,2.357e+08,1.80436e+13,0,profile_only
L0_relaunch3,ad6bb15,W1,1,657,1,0.774686,-1.75,6.57,2.7081,-1.75,6.57,2.7081,0,0,0,14415,2.32094e+08,1.80395e+13,0,profile_only
L0_relaunch3,ad6bb15,W1,1,658,1,0.784644,-1.75,6.57,2.7081,-1.75,6.57,2.7081,0,0,0,14415,2.40514e+08,1.80422e+13,0,profile_only
L0_relaunch3,ad6bb15,W1,1,659,1,0.774653,-1.75,6.57,2.7081,-1.75,6.57,2.7081,0,0,0,14415,2.21146e+08,1.80443e+13,0,profile_only
L0_relaunch3,ad6bb15,W1,1,660,1,0.770401,-1.75,6.57,2.7081,-1.75,6.57,2.7081,0,0,0,14415,2.4043e+08,1.80431e+13,0,profile_only
L0_relaunch3,ad6bb15,W1,1,661,1,0.772632,-1.75,6.57,2.7081,-1.75,6.57,2.7081,0,0,0,14415,2.21137e+08,1.80422e+13,0,profile_only
L0_relaunch3,ad6bb15,W1,1,662,1,0.780102,-1.8,6.57,2.7081,-1.8,6.57,2.7081,0,0,0,14415,2.21114e+08,1.8043e+13,0,profile_only
L0_relaunch3,ad6bb15,W1,1,663,1,0.78723,-1.75,6.57,2.7081,-1.75,6.57,2.7081,0,0,0,14415,1.965e+08,1.80527e+13,0,profile_only
L0_relaunch3,ad6bb15,W1,1,664,1,0.7839,-1.75,6.57,2.7081,-1.75,6.57,2.7081,0,0,0,14415,2.3217e+08,1.80406e+13,0,profile_only
L0_relaunch3,ad6bb15,W1,1,665,1,0.783011,-1.8,6.57,2.7081,-1.8,6.57,2.7081,0,0,0,14415,2.28309e+08,1.80401e+13,0,profile_only
L0_relaunch3,ad6bb15,W1,1,666,1,0.7834,-1.75,6.57,2.7081,-1.75,6.57,2.7081,0,0,0,14415,1.96442e+08,1.80519e+13,0,profile_only
L0_relaunch3,ad6bb15,W1,1,667,1,0.768025,-1.75,6.57,2.7081,-1.75,6.57,2.7081,0,0,0,14415,2.40453e+08,1.80438e+13,0,profile_only
L0_relaunch3,ad6bb15,W1,1,668,1,0.777515,-1.8,6.57,2.7081,-1.8,6.57,2.7081,0,0,0,14415,2.22209e+08,1.80416e+13,0,profile_only
L0_relaunch3,ad6bb15,W1,1,669,1,0.778194,-1.75,6.57,2.7081,-1.75,6.57,2.7081,0,0,0,14415,1.96466e+08,1.80525e+13,0,profile_only
L0_relaunch3,ad6bb15,W1,1,670,1,0.77281,-1.75,6.57,2.7081,-1.75,6.57,2.7081,0,0,0,14415,2.41412e+08,1.80443e+13,0,profile_only
L0_relaunch3,ad6bb15,W1,1,671,1,0.776772,-1.8,6.57,2.7081,-1.8,6.57,2.7081,0,0,0,14415,2.40499e+08,1.80425e+13,0,profile_only
L0_relaunch3,ad6bb15,W1,1,672,1,0.775364,-1.75,6.57,2.7081,-1.75,6.57,2.7081,0,0,0,14415,1.96464e+08,1.80543e+13,0,profile_only
L0_relaunch3,ad6bb15,W1,1,673,1,0.772875,-1.8,6.57,2.7081,-1.8,6.57,2.7081,0,0,0,14415,2.40426e+08,1.80414e+13,0,profile_only
L0_relaunch3,ad6bb15,W1,1,674,1,0.781168,-1.75,6.57,2.7081,-1.75,6.57,2.7081,0,0,0,14415,2.15746e+08,1.80539e+13,0,profile_only
L0_relaunch3,ad6bb15,W1,1,675,1,0.77745,-1.75,6.57,2.7081,-1.75,6.57,2.7081,0,0,0,14415,2.4036e+08,1.80428e+13,0,profile_only
L0_relaunch3,ad6bb15,W1,1,676,1,0.785808,-1.75,6.57,2.7081,-1.75,6.57,2.7081,0,0,0,14415,2.40495e+08,1.80417e+13,0,profile_only
L0_relaunch3,ad6bb15,W1,1,677,1,0.783755,-1.75,6.57,2.7081,-1.75,6.57,2.7081,0,0,0,14415,2.3589e+08,1.80431e+13,0,profile_only
L0_relaunch3,ad6bb15,W1,1,678,1,0.777806,-1.75,6.57,2.7081,-1.75,6.57,2.7081,0,0,0,14415,2.28245e+08,1.80419e+13,0,profile_only
L0_relaunch3,ad6bb15,W1,1,679,1,0.783011,-1.75,6.57,2.7081,-1.75,6.57,2.7081,0,0,0,14415,2.21041e+08,1.80425e+13,0,profile_only
L0_relaunch3,ad6bb15,W1,2,0,1,0.856585,-2,6.82,-3.02553,-2,6.82,-3.02553,0,0,0,14415,3.11922e+08,1.87731e+13,0,profile_only
L0_relaunch3,ad6bb15,W1,2,1,1,0.844429,-2,6.82,-3.02553,-2,6.82,-3.02553,0,0,0,14415,3.1179e+08,1.87743e+13,0,profile_only
L0_relaunch3,ad6bb15,W1,2,2,1,0.843975,-2,6.82,-3.02553,-2,6.82,-3.02553,0,0,0,14415,3.11833e+08,1.87725e+13,0,profile_only
L0_relaunch3,ad6bb15,W1,2,3,1,0.852011,-2,6.82,-3.02553,-2,6.82,-3.02553,0,0,0,14415,3.59662e+08,1.87752e+13,0,profile_only
L0_relaunch3,ad6bb15,W1,2,4,1,0.843652,-2,6.82,-3.02553,-2,6.82,-3.02553,0,0,0,14415,3.11776e+08,1.87724e+13,0,profile_only
L0_relaunch3,ad6bb15,W1,2,5,1,0.856618,-2,6.82,-3.02553,-2,6.82,-3.02553,0,0,0,14415,3.60795e+08,1.8774e+13,0,profile_only
L0_relaunch3,ad6bb15,W1,2,6,1,0.855631,-2,6.82,-3.02553,-2,6.82,-3.02553,0,0,0,14415,3.12883e+08,1.87732e+13,0,profile_only
L0_relaunch3,ad6bb15,W1,2,7,1,0.84826,-2,6.82,-3.02553,-2,6.82,-3.02553,0,0,0,14415,3.11872e+08,1.87762e+13,0,profile_only
L0_relaunch3,ad6bb15,W1,2,8,1,0.854887,-2,6.82,-3.02553,-2,6.82,-3.02553,0,0,0,14415,3.60704e+08,1.87714e+13,0,profile_only
L0_relaunch3,ad6bb15,W1,2,9,1,0.851057,-2,6.82,-3.02553,-2,6.82,-3.02553,0,0,0,14415,3.12933e+08,1.87745e+13,0,profile_only
L0_relaunch3,ad6bb15,W1,2,10,1,0.845285,-2,6.82,-3.02553,-2,6.82,-3.02553,0,0,0,14415,3.12926e+08,1.87723e+13,0,profile_only
L0_relaunch3,ad6bb15,W1,2,11,1,0.846384,-2,6.82,-3.02553,-2,6.82,-3.02553,0,0,0,14415,3.59701e+08,1.87737e+13,0,profile_only
L0_relaunch3,ad6bb15,W1,2,12,1,0.851347,-2,6.82,-3.02553,-2,6.82,-3.02553,0,0,0,14415,3.12015e+08,1.87736e+13,0,profile_only
L0_relaunch3,ad6bb15,W1,2,13,1,0.842165,-2,6.82,-3.02553,-2,6.82,-3.02553,0,0,0,14415,3.60769e+08,1.87735e+13,0,profile_only
L0_relaunch3,ad6bb15,W1,2,14,1,0.839724,-2,6.82,-3.02553,-2,6.82,-3.02553,0,0,0,14415,3.41802e+08,1.87731e+13,0,profile_only
L0_relaunch3,ad6bb15,W1,2,15,1,0.843264,-2,6.82,-3.02553,-2,6.82,-3.02553,0,0,0,14415,3.11856e+08,1.87708e+13,0,profile_only
L0_relaunch3,ad6bb15,W1,2,16,1,0.841922,-2,6.82,-3.02553,-2,6.82,-3.02553,0,0,0,14415,3.59686e+08,1.87721e+13,0,profile_only
L0_relaunch3,ad6bb15,W1,2,17,1,0.850491,-2,6.82,-3.02553,-2,6.82,-3.02553,0,0,0,14415,3.43015e+08,1.87751e+13,0,profile_only
L0_relaunch3,ad6bb15,W1,2,18,1,0.853821,-2,6.82,-3.02553,-2,6.82,-3.02553,0,0,0,14415,3.12887e+08,1.87738e+13,0,profile_only
L0_relaunch3,ad6bb15,W1,2,19,1,0.842343,-2,6.82,-3.02553,-2,6.82,-3.02553,0,0,0,14415,3.12931e+08,1.87753e+13,0,profile_only
L0_relaunch3,ad6bb15,W1,2,20,1,0.850168,-2,6.82,-3.02553,-2,6.82,-3.02553,0,0,0,14415,3.61044e+08,1.87749e+13,0,profile_only
L0_relaunch3,ad6bb15,W1,2,21,1,0.84543,-2,6.82,-3.02553,-2,6.82,-3.02553,0,0,0,14415,3.64772e+08,1.87748e+13,0,profile_only
L0_relaunch3,ad6bb15,W1,2,22,1,0.832693,-2.05,6.82,-3.02553,-2.05,6.82,-3.02553,0,0,0,14415,2.67541e+08,1.87675e+13,0,profile_only
L0_relaunch3,ad6bb15,W1,2,23,1,0.847128,-2.1,6.82,-3.02553,-2.1,6.82,-3.02553,0,0,0,14415,3.07136e+08,1.87625e+13,0,profile_only
L0_relaunch3,ad6bb15,W1,2,24,1,0.833854,-2.2,6.82,-3.02553,-2.2,6.82,-3.02553,0,0,0,14415,3.02066e+08,1.8767e+13,0,profile_only
L0_relaunch3,ad6bb15,W1,2,25,1,0.812759,-2.3,6.82,-3.02553,-2.3,6.82,-3.02553,0,0,0,14415,4.17496e+08,1.87874e+13,0,profile_only
L0_relaunch3,ad6bb15,W1,2,26,1,0.800867,-2.55,6.77,-3.02553,-2.55,6.77,-3.02553,0,0,0,14415,4.53487e+08,1.88171e+13,0,profile_only
L0_relaunch3,ad6bb15,W1,2,27,1,0.85521,-2.75,6.77,-3.02553,-2.75,6.77,-3.02553,0,0,0,14415,3.88879e+08,1.91308e+13,0,profile_only
L0_relaunch3,ad6bb15,W1,2,28,1,0.884733,-3,6.72,-3.02553,-3,6.72,-3.02553,0,0,0,14415,4.002e+08,1.92347e+13,0,profile_only
L0_relaunch3,ad6bb15,W1,2,29,1,0.913606,-3.35,6.67,-2.97553,-3.35,6.67,-2.97553,0,0,0,14415,4.2703e+08,1.95867e+13,0,profile_only
L0_relaunch3,ad6bb15,W1,2,30,1,0.886496,-3.6,6.62,-2.97553,-3.6,6.62,-2.97553,0,0,0,14415,3.34778e+08,1.9998e+13,0,profile_only
L0_relaunch3,ad6bb15,W1,2,31,1,0.837427,-3.9,6.57,-2.92553,-3.9,6.57,-2.92553,0,0,0,14415,4.19578e+08,1.96398e+13,0,profile_only
L0_relaunch3,ad6bb15,W1,2,32,1,0.804756,-4.15,6.52,-2.92553,-4.15,6.52,-2.92553,0,0,0,14415,3.71266e+08,1.95721e+13,0,profile_only
L0_relaunch3,ad6bb15,W1,2,33,1,0.787862,-4.6,6.52,-3.12553,-4.6,6.52,-3.12553,0,0,0,14415,2.07777e+08,1.92258e+13,0,profile_only
L0_relaunch3,ad6bb15,W1,2,34,1,0.829976,-4.95,6.57,2.95766,-4.95,6.57,2.95766,0,0,0,14415,2.06486e+08,1.85451e+13,0,profile_only
L0_relaunch3,ad6bb15,W1,2,35,1,0.862712,-5.3,6.72,2.65766,-5.3,6.72,2.65766,0,0,0,14415,3.41033e+08,1.77435e+13,0,profile_only
L0_relaunch3,ad6bb15,W1,2,36,1,0.839528,-5.45,6.87,2.50766,-5.45,6.87,2.50766,0,0,0,14415,4.78966e+08,1.70597e+13,0,profile_only
L0_relaunch3,ad6bb15,W1,2,37,1,0.868582,-5.75,7.22,2.25766,-5.75,7.22,2.25766,0,0,0,14415,3.56765e+08,1.58469e+13,0,profile_only
L0_relaunch3,ad6bb15,W1,2,38,1,0.846576,-5.85,7.42,2.10766,-5.85,7.42,2.10766,0,0,0,14415,3.53109e+08,1.46646e+13,0,profile_only
L0_relaunch3,ad6bb15,W1,2,39,1,0.884261,-6.1,7.87,2.10766,-6.1,7.87,2.10766,0,0,0,14415,4.24508e+08,1.40876e+13,0,profile_only
L0_relaunch3,ad6bb15,W1,2,40,1,0.857844,-6.2,8.07,2.10766,-6.2,8.07,2.10766,0,0,0,14415,2.99583e+08,1.28383e+13,0,profile_only
L0_relaunch3,ad6bb15,W1,2,41,1,0.885538,-6.3,8.22,2.10766,-6.3,8.22,2.10766,0,0,0,14415,3.57704e+08,1.23483e+13,0,profile_only
L0_relaunch3,ad6bb15,W1,2,42,1,0.91362,-6.4,8.37,2.15766,-6.4,8.37,2.15766,0,0,0,14415,3.53578e+08,1.19452e+13,0,profile_only
L0_relaunch3,ad6bb15,W1,2,43,1,0.928316,-6.55,8.52,2.25766,-6.55,8.52,2.25766,0,0,0,14415,5.70659e+08,1.15722e+13,0,profile_only
L0_relaunch3,ad6bb15,W1,2,44,1,0.927783,-6.65,8.62,2.30766,-6.65,8.62,2.30766,0,0,0,14415,5.14709e+08,1.12816e+13,0,profile_only
L0_relaunch3,ad6bb15,W1,2,45,1,0.907446,-6.7,8.67,2.35766,-6.7,8.67,2.35766,0,0,0,14415,4.54513e+08,1.10762e+13,0,profile_only
L0_relaunch3,ad6bb15,W1,2,46,1,0.918082,-6.9,8.77,2.50766,-6.9,8.77,2.50766,0,0,0,14415,6.86599e+08,1.10635e+13,0,profile_only
L0_relaunch3,ad6bb15,W1,2,47,1,0.863685,-7.05,8.82,2.60766,-7.05,8.82,2.60766,0,0,0,14415,4.1886e+08,1.10219e+13,0,profile_only
L0_relaunch3,ad6bb15,W1,2,48,1,0.864363,-7.1,8.87,2.65766,-7.1,8.87,2.65766,0,0,0,14415,4.97484e+08,1.10481e+13,0,profile_only
L0_relaunch3,ad6bb15,W1,2,49,1,0.875261,-7.25,8.92,2.75766,-7.25,8.92,2.75766,0,0,0,14415,5.30817e+08,1.09771e+13,0,profile_only
L0_relaunch3,ad6bb15,W1,2,50,1,0.898279,-7.4,8.92,2.85766,-7.4,8.92,2.85766,0,0,0,14415,4.48208e+08,1.09315e+13,0,profile_only
L0_relaunch3,ad6bb15,W1,2,51,1,0.812679,-7.5,8.97,2.95766,-7.5,8.97,2.95766,0,0,0,14415,4.28419e+08,1.09854e+13,0,profile_only
L0_relaunch3,ad6bb15,W1,2,52,1,0.78418,-7.75,8.92,3.10766,-7.75,8.92,3.10766,0,0,0,14415,5.31379e+08,1.07215e+13,0,profile_only
L0_relaunch3,ad6bb15,W1,2,53,1,0.843105,-7.9,8.92,-3.07553,-7.9,8.92,-3.07553,0,0,0,14415,4.54413e+08,1.06902e+13,0,profile_only
L0_relaunch3,ad6bb15,W1,2,54,1,0.820602,-8,8.87,-3.02553,-8,8.87,-3.02553,0,0,0,14415,4.12959e+08,1.05447e+13,0,profile_only
L0_relaunch3,ad6bb15,W1,2,55,1,0.779231,-8.2,8.82,-2.92553,-8.2,8.82,-2.92553,0,0,0,14415,4.79357e+08,1.03196e+13,0,profile_only
L0_relaunch3,ad6bb15,W1,2,56,1,0.869942,-8.35,8.77,-2.87553,-8.35,8.77,-2.87553,0,0,0,14415,3.89683e+08,1.02351e+13,0,profile_only
L0_relaunch3,ad6bb15,W1,2,57,1,0.826131,-8.6,8.72,-2.82553,-8.6,8.72,-2.82553,0,0,0,14415,3.63644e+08,1.02239e+13,0,profile_only
L0_relaunch3,ad6bb15,W1,2,58,1,0.876244,-8.7,8.67,-2.82553,-8.7,8.67,-2.82553,0,0,0,14415,3.44407e+08,1.00857e+13,0,profile_only
L0_relaunch3,ad6bb15,W1,2,59,1,0.887076,-8.85,8.62,-2.82553,-8.85,8.62,-2.82553,0,0,0,14415,3.34349e+08,1.01435e+13,0,profile_only
L0_relaunch3,ad6bb15,W1,2,60,1,0.887432,-9,8.57,-2.82553,-9,8.57,-2.82553,0,0,0,14415,3.2816e+08,1.01178e+13,0,profile_only
L0_relaunch3,ad6bb15,W1,2,61,1,0.879948,-9.15,8.52,-2.82553,-9.15,8.52,-2.82553,0,0,0,14415,3.2566e+08,1.01946e+13,0,profile_only
L0_relaunch3,ad6bb15,W1,2,62,1,0.813165,-9.25,8.47,-2.82553,-9.25,8.47,-2.82553,0,0,0,14415,3.92607e+08,1.02877e+13,0,profile_only
L0_relaunch3,ad6bb15,W1,2,63,1,0.742083,-9.5,8.42,-2.82553,-9.5,8.42,-2.82553,0,0,0,14415,4.0205e+08,1.08508e+13,0,profile_only
L0_relaunch3,ad6bb15,W1,2,64,1,0.764924,-9.6,8.37,-2.77553,-9.6,8.37,-2.77553,0,0,0,14415,3.85558e+08,1.08539e+13,0,profile_only
L0_relaunch3,ad6bb15,W1,2,65,1,0.847857,-9.8,8.27,-2.77553,-9.8,8.27,-2.77553,0,0,0,14415,4.12863e+08,1.16114e+13,0,profile_only
L0_relaunch3,ad6bb15,W1,2,66,1,0.798881,-9.95,8.22,-2.77553,-9.95,8.22,-2.77553,0,0,0,14415,4.12495e+08,1.15911e+13,0,profile_only
L0_relaunch3,ad6bb15,W1,2,67,1,0.766256,-10.15,8.12,-2.72553,-10.15,8.12,-2.72553,0,0,0,14415,5.04943e+08,1.16173e+13,0,profile_only
L0_relaunch3,ad6bb15,W1,2,68,1,0.88832,-10.15,8.12,-2.72553,-10.15,8.12,-2.72553,0,0,0,14415,4.23678e+08,1.1644e+13,0,profile_only
L0_relaunch3,ad6bb15,W1,2,69,1,0.821365,-10.35,8.02,-2.67553,-10.35,8.02,-2.67553,0,0,0,14415,5.34697e+08,1.17811e+13,0,profile_only
L0_relaunch3,ad6bb15,W1,2,70,1,0.861181,-10.4,8.02,-2.67553,-10.4,8.02,-2.67553,0,0,0,14415,4.29394e+08,1.16726e+13,0,profile_only
L0_relaunch3,ad6bb15,W1,2,71,1,0.865673,-10.5,7.92,-2.62553,-10.5,7.92,-2.62553,0,0,0,14415,5.0155e+08,1.1633e+13,0,profile_only
L0_relaunch3,ad6bb15,W1,2,72,1,0.874158,-10.65,7.82,-2.57553,-10.65,7.82,-2.57553,0,0,0,14415,4.74287e+08,1.16693e+13,0,profile_only
L0_relaunch3,ad6bb15,W1,2,73,1,0.897473,-10.7,7.82,-2.57553,-10.7,7.82,-2.57553,0,0,0,14415,4.79453e+08,1.15523e+13,0,profile_only
L0_relaunch3,ad6bb15,W1,2,74,1,0.934915,-10.8,7.72,-2.52553,-10.8,7.72,-2.52553,0,0,0,14415,5.31762e+08,1.14691e+13,0,profile_only
L0_relaunch3,ad6bb15,W1,2,75,1,0.922695,-10.95,7.57,-2.47553,-10.95,7.57,-2.47553,0,0,0,14415,5.14227e+08,1.14414e+13,0,profile_only
L0_relaunch3,ad6bb15,W1,2,76,1,0.914208,-11.05,7.47,-2.42553,-11.05,7.47,-2.42553,0,0,0,14415,5.10148e+08,1.13549e+13,0,profile_only
L0_relaunch3,ad6bb15,W1,2,77,1,0.885198,-11.15,7.37,-2.37553,-11.15,7.37,-2.37553,0,0,0,14415,5.03169e+08,1.12982e+13,0,profile_only
L0_relaunch3,ad6bb15,W1,2,78,1,0.916367,-11.2,7.32,-2.32553,-11.2,7.32,-2.32553,0,0,0,14415,4.98625e+08,1.12108e+13,0,profile_only
L0_relaunch3,ad6bb15,W1,2,79,1,0.895855,-11.25,7.22,-2.27553,-11.25,7.22,-2.27553,0,0,0,14415,5.24732e+08,1.11057e+13,0,profile_only
L0_relaunch3,ad6bb15,W1,2,80,1,0.839097,-11.4,7.07,-2.17553,-11.4,7.07,-2.17553,0,0,0,14415,5.70241e+08,1.0831e+13,0,profile_only
L0_relaunch3,ad6bb15,W1,2,81,1,0.861258,-11.4,6.97,-2.12553,-11.4,6.97,-2.12553,0,0,0,14415,5.07197e+08,1.08441e+13,0,profile_only
L0_relaunch3,ad6bb15,W1,2,82,1,0.834133,-11.5,6.77,-2.02553,-11.5,6.77,-2.02553,0,0,0,14415,6.37382e+08,1.05948e+13,0,profile_only
L0_relaunch3,ad6bb15,W1,2,83,1,0.803417,-11.55,6.62,-1.97553,-11.55,6.62,-1.97553,0,0,0,14415,4.26614e+08,1.06374e+13,0,profile_only
L0_relaunch3,ad6bb15,W1,2,84,1,0.781709,-11.6,6.47,-1.87553,-11.6,6.47,-1.87553,0,0,0,14415,4.67221e+08,1.05341e+13,0,profile_only
L0_relaunch3,ad6bb15,W1,2,85,1,0.819024,-11.6,6.27,-1.77553,-11.6,6.27,-1.77553,0,0,0,14415,4.24238e+08,1.05444e+13,0,profile_only
L0_relaunch3,ad6bb15,W1,2,86,1,0.802463,-11.6,6.17,-1.72553,-11.6,6.17,-1.72553,0,0,0,14415,3.88051e+08,1.0772e+13,0,profile_only
L0_relaunch3,ad6bb15,W1,2,87,1,0.744042,-11.6,6.02,-1.67553,-11.6,6.02,-1.67553,0,0,0,14415,4.09481e+08,1.08809e+13,0,profile_only
L0_relaunch3,ad6bb15,W1,2,88,1,0.799469,-11.6,5.82,-1.57553,-11.6,5.82,-1.57553,0,0,0,14415,4.47823e+08,1.09408e+13,0,profile_only
L0_relaunch3,ad6bb15,W1,2,89,1,0.764031,-11.6,5.67,-1.52553,-11.6,5.67,-1.52553,0,0,0,14415,5.01647e+08,1.10045e+13,0,profile_only
L0_relaunch3,ad6bb15,W1,2,90,1,0.769718,-11.55,5.47,-1.42553,-11.55,5.47,-1.42553,0,0,0,14415,4.9614e+08,1.13052e+13,0,profile_only
L0_relaunch3,ad6bb15,W1,2,91,1,0.737914,-11.45,5.22,-1.32553,-11.45,5.22,-1.32553,0,0,0,14415,5.11633e+08,1.1822e+13,0,profile_only
L0_relaunch3,ad6bb15,W1,2,92,1,0.733514,-11.35,4.97,-1.17553,-11.35,4.97,-1.17553,0,0,0,14415,5.78349e+08,1.25341e+13,0,profile_only
L0_relaunch3,ad6bb15,W1,2,93,1,0.770362,-11.1,4.62,-0.925528,-11.1,4.62,-0.925528,0,0,0,14415,6.803e+08,1.3188e+13,0,profile_only
L0_relaunch3,ad6bb15,W1,2,94,1,0.726117,-10.9,4.42,-0.725528,-10.9,4.42,-0.725528,0,0,0,14415,5.87637e+08,1.4038e+13,0,profile_only
L0_relaunch3,ad6bb15,W1,2,95,1,0.607821,-6.65,4.92,-0.625528,-6.65,4.92,-0.625528,0,0,0,14415,4.72756e+08,1.42946e+13,0,profile_only
L0_relaunch3,ad6bb15,W1,2,96,1,0.700194,-8.35,3.87,-0.325528,-8.35,3.87,-0.325528,0,0,0,14415,5.70665e+08,2.40394e+13,0,profile_only
L0_relaunch3,ad6bb15,W1,2,97,1,0.862227,-7.65,3.52,-0.425528,-7.65,3.52,-0.425528,0,0,0,14415,3.63226e+08,2.18208e+13,0,profile_only
L0_relaunch3,ad6bb15,W1,2,98,1,0.822607,-7.55,3.47,-0.425528,-7.55,3.47,-0.425528,0,0,0,14415,4.23599e+08,2.30266e+13,0,profile_only
L0_relaunch3,ad6bb15,W1,2,99,1,0.794978,-7.35,3.37,-0.425528,-7.35,3.37,-0.425528,0,0,0,14415,4.03507e+08,2.30559e+13,0,profile_only
L0_relaunch3,ad6bb15,W1,2,100,1,0.903145,-7.15,3.27,-0.475528,-7.15,3.27,-0.475528,0,0,0,14415,3.96544e+08,2.31237e+13,0,profile_only
L0_relaunch3,ad6bb15,W1,2,101,1,0.897041,-7.05,3.22,-0.475528,-7.05,3.22,-0.475528,0,0,0,14415,3.95557e+08,2.30288e+13,0,profile_only
L0_relaunch3,ad6bb15,W1,2,102,1,0.865009,-6.95,3.17,-0.475528,-6.95,3.17,-0.475528,0,0,0,14415,4.13075e+08,2.30598e+13,0,profile_only
L0_relaunch3,ad6bb15,W1,2,103,1,0.846714,-6.9,3.12,-0.475528,-6.9,3.12,-0.475528,0,0,0,14415,4.11821e+08,2.31242e+13,0,profile_only
L0_relaunch3,ad6bb15,W1,2,104,1,0.877338,-6.65,3.02,-0.525528,-6.65,3.02,-0.525528,0,0,0,14415,3.96233e+08,2.31001e+13,0,profile_only
L0_relaunch3,ad6bb15,W1,2,105,1,0.873383,-6.6,2.97,-0.525528,-6.6,2.97,-0.525528,0,0,0,14415,4.44644e+08,2.30635e+13,0,profile_only
L0_relaunch3,ad6bb15,W1,2,106,1,0.86008,-6.45,2.87,-0.525528,-6.45,2.87,-0.525528,0,0,0,14415,4.39333e+08,2.30631e+13,0,profile_only
L0_relaunch3,ad6bb15,W1,2,107,1,0.841165,-6.5,2.87,-0.525528,-6.5,2.87,-0.525528,0,0,0,14415,3.89706e+08,2.30182e+13,0,profile_only
L0_relaunch3,ad6bb15,W1,2,108,1,0.797273,-6.25,2.77,-0.575528,-6.25,2.77,-0.575528,0,0,0,14415,4.43155e+08,2.30553e+13,0,profile_only
L0_relaunch3,ad6bb15,W1,2,109,1,0.848766,-6.05,2.62,-0.575528,-6.05,2.62,-0.575528,0,0,0,14415,4.26185e+08,2.29828e+13,0,profile_only
L0_relaunch3,ad6bb15,W1,2,110,1,0.842538,-5.85,2.47,-0.575528,-5.85,2.47,-0.575528,0,0,0,14415,4.4493e+08,2.28252e+13,0,profile_only
L0_relaunch3,ad6bb15,W1,2,111,1,0.794345,-5.7,2.37,-0.575528,-5.7,2.37,-0.575528,0,0,0,14415,4.37342e+08,2.26766e+13,0,profile_only
L0_relaunch3,ad6bb15,W1,2,112,1,0.860467,-5.4,2.17,-0.625528,-5.4,2.17,-0.625528,0,0,0,14415,3.94314e+08,2.26316e+13,0,profile_only
L0_relaunch3,ad6bb15,W1,2,113,1,0.807556,-5.3,2.07,-0.625528,-5.3,2.07,-0.625528,0,0,0,14415,4.51409e+08,2.24161e+13,0,profile_only
L0_relaunch3,ad6bb15,W1,2,114,1,0.761985,-5,1.87,-0.625528,-5,1.87,-0.625528,0,0,0,14415,4.64448e+08,2.24275e+13,0,profile_only
L0_relaunch3,ad6bb15,W1,2,115,1,0.8261,-4.75,1.67,-0.625528,-4.75,1.67,-0.625528,0,0,0,14415,4.74567e+08,2.24714e+13,0,profile_only
L0_relaunch3,ad6bb15,W1,2,116,1,0.81816,-4.6,1.57,-0.625528,-4.6,1.57,-0.625528,0,0,0,14415,4.90098e+08,2.23358e+13,0,profile_only
L0_relaunch3,ad6bb15,W1,2,117,1,0.828605,-4.45,1.47,-0.575528,-4.45,1.47,-0.575528,0,0,0,14415,4.77957e+08,2.2436e+13,0,profile_only
L0_relaunch3,ad6bb15,W1,2,118,1,0.794007,-4.15,1.32,-0.525528,-4.15,1.32,-0.525528,0,0,0,14415,4.61592e+08,2.24969e+13,0,profile_only
L0_relaunch3,ad6bb15,W1,2,119,1,0.827346,-4.2,1.37,-0.525528,-4.2,1.37,-0.525528,0,0,0,14415,4.39591e+08,2.24562e+13,0,profile_only
L0_relaunch3,ad6bb15,W1,2,120,1,0.820569,-4.05,1.27,-0.475528,-4.05,1.27,-0.475528,0,0,0,14415,5.09088e+08,2.27077e+13,0,profile_only
L0_relaunch3,ad6bb15,W1,2,121,1,0.874223,-3.9,1.22,-0.425528,-3.9,1.22,-0.425528,0,0,0,14415,4.29671e+08,2.25339e+13,0,profile_only
L0_relaunch3,ad6bb15,W1,2,122,1,0.821393,-3.75,1.17,-0.425528,-3.75,1.17,-0.425528,0,0,0,14415,4.84241e+08,2.24066e+13,0,profile_only
L0_relaunch3,ad6bb15,W1,2,123,1,0.833988,-3.65,1.12,-0.425528,-3.65,1.12,-0.425528,0,0,0,14415,4.75474e+08,2.20535e+13,0,profile_only
L0_relaunch3,ad6bb15,W1,2,124,1,0.891974,-3.5,1.07,-0.425528,-3.5,1.07,-0.425528,0,0,0,14415,3.83896e+08,2.17093e+13,0,profile_only
L0_relaunch3,ad6bb15,W1,2,125,1,0.891716,-3.4,1.02,-0.425528,-3.4,1.02,-0.425528,0,0,0,14415,3.50378e+08,2.14827e+13,0,profile_only
L0_relaunch3,ad6bb15,W1,2,126,1,0.831336,-3.3,0.97,-0.475528,-3.3,0.97,-0.475528,0,0,0,14415,3.66461e+08,2.1307e+13,0,profile_only
L0_relaunch3,ad6bb15,W1,2,127,1,0.81606,-3.15,0.87,-0.525528,-3.15,0.87,-0.525528,0,0,0,14415,3.25195e+08,2.1169e+13,0,profile_only
L0_relaunch3,ad6bb15,W1,2,128,1,0.858559,-2.95,0.72,-0.575528,-2.95,0.72,-0.575528,0,0,0,14415,3.7694e+08,2.10603e+13,0,profile_only
L0_relaunch3,ad6bb15,W1,2,129,1,0.897422,-2.8,0.62,-0.575528,-2.8,0.62,-0.575528,0,0,0,14415,4.30555e+08,2.08897e+13,0,profile_only
L0_relaunch3,ad6bb15,W1,2,130,1,0.828021,-2.65,0.52,-0.575528,-2.65,0.52,-0.575528,0,0,0,14415,4.87117e+08,2.08955e+13,0,profile_only
L0_relaunch3,ad6bb15,W1,2,131,1,0.740937,-2.55,0.47,-0.625528,-2.55,0.47,-0.625528,0,0,0,14415,4.40522e+08,2.08082e+13,0,profile_only
L0_relaunch3,ad6bb15,W1,2,132,1,0.854434,-2.3,0.27,-0.625528,-2.3,0.27,-0.625528,0,0,0,14415,4.23456e+08,2.05802e+13,0,profile_only
L0_relaunch3,ad6bb15,W1,2,133,1,0.821037,-2.2,0.17,-0.625528,-2.2,0.17,-0.625528,0,0,0,14415,4.19051e+08,1.9863e+13,0,profile_only
L0_relaunch3,ad6bb15,W1,2,134,1,0.884181,-1.95,0.02,-0.575528,-1.95,0.02,-0.575528,0,0,0,14415,5.269e+08,1.94246e+13,0,profile_only
L0_relaunch3,ad6bb15,W1,2,135,1,0.791859,-1.8,-0.08,-0.525528,-1.8,-0.08,-0.525528,0,0,0,14415,4.14672e+08,1.91523e+13,0,profile_only
L0_relaunch3,ad6bb15,W1,2,136,1,0.796274,-1.55,-0.18,-0.475528,-1.55,-0.18,-0.475528,0,0,0,14415,4.673e+08,1.89661e+13,0,profile_only
L0_relaunch3,ad6bb15,W1,2,137,1,0.813825,-1.15,-0.33,-0.375528,-1.15,-0.33,-0.375528,0,0,0,14415,5.07203e+08,1.88079e+13,0,profile_only
L0_relaunch3,ad6bb15,W1,2,138,1,0.800181,-0.8,-0.43,-0.275528,-0.8,-0.43,-0.275528,0,0,0,14415,5.79863e+08,1.86747e+13,0,profile_only
L0_relaunch3,ad6bb15,W1,2,139,1,0.762,-0.4,-0.53,-0.175528,-0.4,-0.53,-0.175528,0,0,0,14415,5.97363e+08,1.86383e+13,0,profile_only
L0_relaunch3,ad6bb15,W1,2,140,1,0.81088,-7.77156e-16,-0.53,-0.0755283,-7.77156e-16,-0.53,-0.0755283,0,0,0,14415,3.708e+08,1.8547e+13,0,profile_only
L0_relaunch3,ad6bb15,W1,2,141,1,0.844733,0.15,-0.53,-0.0255283,0.15,-0.53,-0.0255283,0,0,0,14415,2.64153e+08,1.87234e+13,0,profile_only
L0_relaunch3,ad6bb15,W1,2,142,1,0.818157,0.3,-0.53,0.0244717,0.3,-0.53,0.0244717,0,0,0,14415,2.68494e+08,1.88189e+13,0,profile_only
L0_relaunch3,ad6bb15,W1,2,143,1,0.685259,0.45,-0.53,0.0744717,0.45,-0.53,0.0744717,0,0,0,14415,4.31821e+08,1.88947e+13,0,profile_only
L0_relaunch3,ad6bb15,W1,2,144,1,0.776108,0.75,-0.48,0.124472,0.75,-0.48,0.124472,0,0,0,14415,5.45458e+08,1.89656e+13,0,profile_only
L0_relaunch3,ad6bb15,W1,2,145,1,0.816042,0.9,-0.43,0.174472,0.9,-0.43,0.174472,0,0,0,14415,4.91179e+08,1.90321e+13,0,profile_only
L0_relaunch3,ad6bb15,W1,2,146,1,0.729405,0.95,-0.43,0.174472,0.95,-0.43,0.174472,0,0,0,14415,4.34115e+08,1.92022e+13,0,profile_only
L0_relaunch3,ad6bb15,W1,2,147,1,0.832192,1.2,-0.33,0.224472,1.2,-0.33,0.224472,0,0,0,14415,5.00652e+08,1.91714e+13,0,profile_only
L0_relaunch3,ad6bb15,W1,2,148,1,0.779754,1.35,-0.28,0.274472,1.35,-0.28,0.274472,0,0,0,14415,4.53844e+08,1.93953e+13,0,profile_only
L0_relaunch3,ad6bb15,W1,2,149,1,0.73165,1.55,-0.23,0.274472,1.55,-0.23,0.274472,0,0,0,14415,4.25386e+08,1.95617e+13,0,profile_only
L0_relaunch3,ad6bb15,W1,2,150,1,0.900542,1.7,-0.18,0.324472,1.7,-0.18,0.324472,0,0,0,14415,4.89845e+08,1.95431e+13,0,profile_only
L0_relaunch3,ad6bb15,W1,2,151,1,0.80628,1.85,-0.08,0.374472,1.85,-0.08,0.374472,0,0,0,14415,4.68566e+08,1.96975e+13,0,profile_only
L0_relaunch3,ad6bb15,W1,2,152,1,0.871118,1.95,-0.08,0.374472,1.95,-0.08,0.374472,0,0,0,14415,4.86833e+08,1.9919e+13,0,profile_only
L0_relaunch3,ad6bb15,W1,2,153,1,0.882422,2.1,0.02,0.424472,2.1,0.02,0.424472,0,0,0,14415,4.59615e+08,1.98948e+13,0,profile_only
L0_relaunch3,ad6bb15,W1,2,154,1,0.893559,2.3,0.12,0.474472,2.3,0.12,0.474472,0,0,0,14415,4.74023e+08,2.01834e+13,0,profile_only
L0_relaunch3,ad6bb15,W1,2,155,1,0.895594,2.35,0.12,0.474472,2.35,0.12,0.474472,0,0,0,14415,4.44163e+08,2.0357e+13,0,profile_only
L0_relaunch3,ad6bb15,W1,2,156,1,0.856941,2.5,0.27,0.524472,2.5,0.27,0.524472,0,0,0,14415,4.58578e+08,2.03673e+13,0,profile_only
L0_relaunch3,ad6bb15,W1,2,157,1,0.826907,2.6,0.32,0.574472,2.6,0.32,0.574472,0,0,0,14415,4.25765e+08,2.06554e+13,0,profile_only
L0_relaunch3,ad6bb15,W1,2,158,1,0.851379,2.8,0.47,0.624472,2.8,0.47,0.624472,0,0,0,14415,4.81158e+08,2.07555e+13,0,profile_only
L0_relaunch3,ad6bb15,W1,2,159,1,0.886866,2.85,0.47,0.624472,2.85,0.47,0.624472,0,0,0,14415,4.21308e+08,2.08827e+13,0,profile_only
L0_relaunch3,ad6bb15,W1,2,160,1,0.922287,3,0.62,0.724472,3,0.62,0.724472,0,0,0,14415,5.28428e+08,2.06794e+13,0,profile_only
L0_relaunch3,ad6bb15,W1,2,161,1,0.915238,3.05,0.67,0.774472,3.05,0.67,0.774472,0,0,0,14415,4.69479e+08,2.0876e+13,0,profile_only
L0_relaunch3,ad6bb15,W1,2,162,1,0.841701,3.15,0.82,0.874472,3.15,0.82,0.874472,0,0,0,14415,4.43181e+08,2.09076e+13,0,profile_only
L0_relaunch3,ad6bb15,W1,2,163,1,0.907801,3.2,0.92,0.924472,3.2,0.92,0.924472,0,0,0,14415,4.57152e+08,2.11363e+13,0,profile_only
L0_relaunch3,ad6bb15,W1,2,164,1,0.854503,3.25,0.97,0.974472,3.25,0.97,0.974472,0,0,0,14415,4.36197e+08,2.12933e+13,0,profile_only
L0_relaunch3,ad6bb15,W1,2,165,1,0.805097,3.4,1.27,1.12447,3.4,1.27,1.12447,0,0,0,14415,5.18384e+08,2.14621e+13,0,profile_only
L0_relaunch3,ad6bb15,W1,2,166,1,0.83331,3.45,1.42,1.22447,3.45,1.42,1.22447,0,0,0,14415,5.5915e+08,2.15908e+13,0,profile_only
L0_relaunch3,ad6bb15,W1,2,167,1,0.796274,3.5,1.62,1.32447,3.5,1.62,1.32447,0,0,0,14415,5.65738e+08,2.15083e+13,0,profile_only
L0_relaunch3,ad6bb15,W1,2,168,1,0.802253,3.45,1.72,1.37447,3.45,1.72,1.37447,0,0,0,14415,4.71709e+08,2.14024e+13,0,profile_only
L0_relaunch3,ad6bb15,W1,2,169,1,0.789193,3.5,1.87,1.47447,3.5,1.87,1.47447,0,0,0,14415,5.22954e+08,2.15086e+13,0,profile_only
L0_relaunch3,ad6bb15,W1,2,170,1,0.779913,3.5,2.07,1.57447,3.5,2.07,1.57447,0,0,0,14415,4.92948e+08,2.1378e+13,0,profile_only
L0_relaunch3,ad6bb15,W1,2,171,1,0.832838,3.45,2.27,1.67447,3.45,2.27,1.67447,0,0,0,14415,5.03747e+08,2.12812e+13,0,profile_only
L0_relaunch3,ad6bb15,W1,2,172,1,0.830186,3.4,2.37,1.72447,3.4,2.37,1.72447,0,0,0,14415,4.38554e+08,2.135e+13,0,profile_only
L0_relaunch3,ad6bb15,W1,2,173,1,0.781107,3.4,2.47,1.77447,3.4,2.47,1.77447,0,0,0,14415,4.86569e+08,2.13927e+13,0,profile_only
L0_relaunch3,ad6bb15,W1,2,174,1,0.770601,3.3,2.67,1.87447,3.3,2.67,1.87447,0,0,0,14415,5.05975e+08,2.12506e+13,0,profile_only
L0_relaunch3,ad6bb15,W1,2,175,1,0.72068,3.25,2.72,1.87447,3.25,2.72,1.87447,0,0,0,14415,4.30822e+08,2.13654e+13,0,profile_only
L0_relaunch3,ad6bb15,W1,2,176,1,0.830219,3.2,2.92,1.97447,3.2,2.92,1.97447,0,0,0,14415,5.10719e+08,2.13257e+13,0,profile_only
L0_relaunch3,ad6bb15,W1,2,177,1,0.746357,3.05,3.12,2.02447,3.05,3.12,2.02447,0,0,0,14415,3.9341e+08,2.13046e+13,0,profile_only
L0_relaunch3,ad6bb15,W1,2,178,1,0.822749,3.05,3.17,2.07447,3.05,3.17,2.07447,0,0,0,14415,4.94095e+08,2.13463e+13,0,profile_only
L0_relaunch3,ad6bb15,W1,2,179,1,0.787869,2.9,3.37,2.12447,2.9,3.37,2.12447,0,0,0,14415,4.3812e+08,2.13027e+13,0,profile_only
L0_relaunch3,ad6bb15,W1,2,180,1,0.879175,2.8,3.47,2.17447,2.8,3.47,2.17447,0,0,0,14415,4.86338e+08,2.13306e+13,0,profile_only
L0_relaunch3,ad6bb15,W1,2,181,1,0.819035,2.7,3.62,2.22447,2.7,3.62,2.22447,0,0,0,14415,4.66836e+08,2.13646e+13,0,profile_only
L0_relaunch3,ad6bb15,W1,2,182,1,0.88745,2.6,3.72,2.27447,2.6,3.72,2.27447,0,0,0,14415,4.49548e+08,2.12961e+13,0,profile_only
L0_relaunch3,ad6bb15,W1,2,183,1,0.852174,2.5,3.82,2.32447,2.5,3.82,2.32447,0,0,0,14415,4.92515e+08,2.12305e+13,0,profile_only
L0_relaunch3,ad6bb15,W1,2,184,1,0.80945,2.35,3.92,2.37447,2.35,3.92,2.37447,0,0,0,14415,5.13489e+08,2.10424e+13,0,profile_only
L0_relaunch3,ad6bb15,W1,2,185,1,0.819811,2.2,4.07,2.42447,2.2,4.07,2.42447,0,0,0,14415,4.80299e+08,2.0648e+13,0,profile_only
L0_relaunch3,ad6bb15,W1,2,186,1,0.936304,2.05,4.17,2.42447,2.05,4.17,2.42447,0,0,0,14415,4.2523e+08,2.03843e+13,0,profile_only
L0_relaunch3,ad6bb15,W1,2,187,1,0.898025,2.1,4.17,2.42447,2.1,4.17,2.42447,0,0,0,14415,4.84723e+08,2.0301e+13,0,profile_only
L0_relaunch3,ad6bb15,W1,2,188,1,0.939827,1.7,4.47,2.47447,1.7,4.47,2.47447,0,0,0,14415,4.85155e+08,2.02872e+13,0,profile_only
L0_relaunch3,ad6bb15,W1,2,189,1,0.964967,1.65,4.52,2.47447,1.65,4.52,2.47447,0,0,0,14415,4.37022e+08,1.99404e+13,0,profile_only
L0_relaunch3,ad6bb15,W1,2,190,1,0.914981,1.55,4.57,2.47447,1.55,4.57,2.47447,0,0,0,14415,4.37685e+08,1.98738e+13,0,profile_only
L0_relaunch3,ad6bb15,W1,2,191,1,0.848557,1.55,4.62,2.47447,1.55,4.62,2.47447,0,0,0,14415,4.92203e+08,1.98623e+13,0,profile_only
L0_relaunch3,ad6bb15,W1,2,192,1,0.902969,1.1,4.92,2.52447,1.1,4.92,2.52447,0,0,0,14415,5.00909e+08,1.97743e+13,0,profile_only
L0_relaunch3,ad6bb15,W1,2,193,1,0.842767,0.95,5.02,2.52447,0.95,5.02,2.52447,0,0,0,14415,4.86567e+08,1.94232e+13,0,profile_only
L0_relaunch3,ad6bb15,W1,2,194,1,0.927525,0.55,5.27,2.57447,0.55,5.27,2.57447,0,0,0,14415,5.16821e+08,1.92653e+13,0,profile_only
L0_relaunch3,ad6bb15,W1,2,195,1,0.875228,0.4,5.37,2.57447,0.4,5.37,2.57447,0,0,0,14415,4.7995e+08,1.88952e+13,0,profile_only
L0_relaunch3,ad6bb15,W1,2,196,1,0.934462,0.05,5.57,2.62447,0.05,5.57,2.62447,0,0,0,14415,4.99524e+08,1.87323e+13,0,profile_only
L0_relaunch3,ad6bb15,W1,2,197,1,0.940458,-0.05,5.62,2.62447,-0.05,5.62,2.62447,0,0,0,14415,4.3645e+08,1.83715e+13,0,profile_only
L0_relaunch3,ad6bb15,W1,2,198,1,0.930935,-0.2,5.72,2.62447,-0.2,5.72,2.62447,0,0,0,14415,4.16671e+08,1.82853e+13,0,profile_only
L0_relaunch3,ad6bb15,W1,2,199,1,0.914883,-0.4,5.82,2.67447,-0.4,5.82,2.67447,0,0,0,14415,4.01988e+08,1.80873e+13,0,profile_only
L0_relaunch3,ad6bb15,W1,2,200,1,0.972193,-0.5,5.87,2.67447,-0.5,5.87,2.67447,0,0,0,14415,4.26295e+08,1.80472e+13,0,profile_only
L0_relaunch3,ad6bb15,W1,2,201,1,0.980519,-0.6,5.92,2.67447,-0.6,5.92,2.67447,0,0,0,14415,4.09879e+08,1.79704e+13,0,profile_only
L0_relaunch3,ad6bb15,W1,2,202,1,0.923451,-0.8,6.02,2.72447,-0.8,6.02,2.72447,0,0,0,14415,4.86006e+08,1.78445e+13,0,profile_only
L0_relaunch3,ad6bb15,W1,2,203,1,0.938438,-0.8,6.02,2.72447,-0.8,6.02,2.72447,0,0,0,14415,4.43172e+08,1.77886e+13,0,profile_only
L0_relaunch3,ad6bb15,W1,2,204,1,0.933653,-1.05,6.12,2.77447,-1.05,6.12,2.77447,0,0,0,14415,5.03882e+08,1.77116e+13,0,profile_only
L0_relaunch3,ad6bb15,W1,2,205,1,0.942123,-1.1,6.12,2.77447,-1.1,6.12,2.77447,0,0,0,14415,4.58856e+08,1.77062e+13,0,profile_only
L0_relaunch3,ad6bb15,W1,2,206,1,0.895369,-1.25,6.17,2.82447,-1.25,6.17,2.82447,0,0,0,14415,5.22767e+08,1.76882e+13,0,profile_only
L0_relaunch3,ad6bb15,W1,2,207,1,0.880158,-1.3,6.17,2.82447,-1.3,6.17,2.82447,0,0,0,14415,5.42558e+08,1.77093e+13,0,profile_only
L0_relaunch3,ad6bb15,W1,2,208,1,0.885556,-1.5,6.22,2.87447,-1.5,6.22,2.87447,0,0,0,14415,5.58247e+08,1.76641e+13,0,profile_only
L0_relaunch3,ad6bb15,W1,2,209,1,0.850476,-1.7,6.27,2.97447,-1.7,6.27,2.97447,0,0,0,14415,5.44342e+08,1.77313e+13,0,profile_only
L0_relaunch3,ad6bb15,W1,2,210,1,0.896468,-1.85,6.27,2.97447,-1.85,6.27,2.97447,0,0,0,14415,2.50377e+08,1.79409e+13,0,profile_only
L0_relaunch3,ad6bb15,W1,2,211,1,0.822993,-1.95,6.27,3.02447,-1.95,6.27,3.02447,0,0,0,14415,2.53995e+08,1.79454e+13,0,profile_only
L0_relaunch3,ad6bb15,W1,2,212,1,0.804208,-2.05,6.27,3.02447,-2.05,6.27,3.02447,0,0,0,14415,3.03456e+08,1.81736e+13,0,profile_only
L0_relaunch3,ad6bb15,W1,2,213,1,0.807745,-2.25,6.32,3.12447,-2.25,6.32,3.12447,0,0,0,14415,4.15065e+08,1.8186e+13,0,profile_only
L0_relaunch3,ad6bb15,W1,2,214,1,0.82579,-2.45,6.32,-3.10871,-2.45,6.32,-3.10871,0,0,0,14415,3.57019e+08,1.84798e+13,0,profile_only
L0_relaunch3,ad6bb15,W1,2,215,1,0.816771,-2.6,6.32,-3.05871,-2.6,6.32,-3.05871,0,0,0,14415,3.97499e+08,1.8759e+13,0,profile_only
L0_relaunch3,ad6bb15,W1,2,216,1,0.88035,-2.8,6.27,-3.05871,-2.8,6.27,-3.05871,0,0,0,14415,4.04221e+08,1.90487e+13,0,profile_only
L0_relaunch3,ad6bb15,W1,2,217,1,0.881061,-2.9,6.27,-3.00871,-2.9,6.27,-3.00871,0,0,0,14415,4.33854e+08,1.93362e+13,0,profile_only
L0_relaunch3,ad6bb15,W1,2,218,1,0.87652,-3.1,6.22,-3.00871,-3.1,6.22,-3.00871,0,0,0,14415,3.98311e+08,1.95735e+13,0,profile_only
L0_relaunch3,ad6bb15,W1,2,219,1,0.859723,-3.25,6.22,-2.95871,-3.25,6.22,-2.95871,0,0,0,14415,3.8522e+08,1.98286e+13,0,profile_only
L0_relaunch3,ad6bb15,W1,2,220,1,0.877104,-3.4,6.17,-2.95871,-3.4,6.17,-2.95871,0,0,0,14415,3.30851e+08,2.00802e+13,0,profile_only
L0_relaunch3,ad6bb15,W1,2,221,1,0.821396,-3.6,6.12,-2.95871,-3.6,6.12,-2.95871,0,0,0,14415,3.28534e+08,2.0237e+13,0,profile_only
L0_relaunch3,ad6bb15,W1,2,222,1,0.828445,-3.7,6.12,-2.95871,-3.7,6.12,-2.95871,0,0,0,14415,3.2718e+08,2.03989e+13,0,profile_only
L0_relaunch3,ad6bb15,W1,2,223,1,0.840518,-3.9,6.12,-3.00871,-3.9,6.12,-3.00871,0,0,0,14415,2.73124e+08,2.03517e+13,0,profile_only
L0_relaunch3,ad6bb15,W1,2,224,1,0.81873,-4.1,6.07,-3.05871,-4.1,6.07,-3.05871,0,0,0,14415,3.88223e+08,2.00774e+13,0,profile_only
L0_relaunch3,ad6bb15,W1,2,225,1,0.804393,-4.2,6.07,-3.10871,-4.2,6.07,-3.10871,0,0,0,14415,5.1299e+08,2.01046e+13,0,profile_only
L0_relaunch3,ad6bb15,W1,2,226,1,0.77856,-4.35,6.07,3.12447,-4.35,6.07,3.12447,0,0,0,14415,5.19677e+08,1.99077e+13,0,profile_only
L0_relaunch3,ad6bb15,W1,2,227,1,0.853113,-4.45,6.12,3.07447,-4.45,6.12,3.07447,0,0,0,14415,5.15231e+08,1.9759e+13,0,profile_only
L0_relaunch3,ad6bb15,W1,2,228,1,0.873951,-4.6,6.17,3.02447,-4.6,6.17,3.02447,0,0,0,14415,4.56985e+08,1.93825e+13,0,profile_only
L0_relaunch3,ad6bb15,W1,2,229,1,0.77272,-4.7,6.17,2.97447,-4.7,6.17,2.97447,0,0,0,14415,4.52645e+08,1.90083e+13,0,profile_only
L0_relaunch3,ad6bb15,W1,2,230,1,0.819713,-4.9,6.32,2.87447,-4.9,6.32,2.87447,0,0,0,14415,3.70535e+08,1.88802e+13,0,profile_only
L0_relaunch3,ad6bb15,W1,2,231,1,0.821269,-5,6.27,2.77447,-5,6.27,2.77447,0,0,0,14415,4.76626e+08,1.82525e+13,0,profile_only
L0_relaunch3,ad6bb15,W1,2,232,1,0.832617,-5.15,6.37,2.67447,-5.15,6.37,2.67447,0,0,0,14415,6.11539e+08,1.83981e+13,0,profile_only
L0_relaunch3,ad6bb15,W1,2,233,1,0.886104,-5.25,6.52,2.62447,-5.25,6.52,2.62447,0,0,0,14415,5.742e+08,1.80803e+13,0,profile_only
L0_relaunch3,ad6bb15,W1,2,234,1,0.874419,-5.35,6.57,2.52447,-5.35,6.57,2.52447,0,0,0,14415,4.54586e+08,1.75128e+13,0,profile_only
L0_relaunch3,ad6bb15,W1,2,235,1,0.831743,-5.45,6.62,2.42447,-5.45,6.62,2.42447,0,0,0,14415,5.58744e+08,1.7299e+13,0,profile_only
L0_relaunch3,ad6bb15,W1,2,236,1,0.879621,-5.55,6.82,2.37447,-5.55,6.82,2.37447,0,0,0,14415,5.06678e+08,1.70226e+13,0,profile_only
L0_relaunch3,ad6bb15,W1,2,237,1,0.886848,-5.7,7.02,2.27447,-5.7,7.02,2.27447,0,0,0,14415,4.09678e+08,1.60856e+13,0,profile_only
L0_relaunch3,ad6bb15,W1,2,238,1,0.877212,-5.75,7.12,2.22447,-5.75,7.12,2.22447,0,0,0,14415,4.27694e+08,1.54326e+13,0,profile_only
L0_relaunch3,ad6bb15,W1,2,239,1,0.829863,-5.85,7.22,2.12447,-5.85,7.22,2.12447,0,0,0,14415,4.43168e+08,1.49561e+13,0,profile_only
L0_relaunch3,ad6bb15,W1,2,240,1,0.891843,-5.95,7.47,2.07447,-5.95,7.47,2.07447,0,0,0,14415,5.16183e+08,1.46008e+13,0,profile_only
L0_relaunch3,ad6bb15,W1,2,241,1,0.893817,-6.05,7.62,2.07447,-6.05,7.62,2.07447,0,0,0,14415,3.78264e+08,1.38572e+13,0,profile_only
L0_relaunch3,ad6bb15,W1,2,242,1,0.889032,-6.1,7.77,2.07447,-6.1,7.77,2.07447,0,0,0,14415,3.71149e+08,1.34467e+13,0,profile_only
L0_relaunch3,ad6bb15,W1,2,243,1,0.859868,-6.15,7.87,2.07447,-6.15,7.87,2.07447,0,0,0,14415,3.4863e+08,1.30243e+13,0,profile_only
L0_relaunch3,ad6bb15,W1,2,244,1,0.886108,-6.25,8.02,2.07447,-6.25,8.02,2.07447,0,0,0,14415,3.20593e+08,1.27737e+13,0,profile_only
L0_relaunch3,ad6bb15,W1,2,245,1,0.858896,-6.3,8.17,2.07447,-6.3,8.17,2.07447,0,0,0,14415,3.22896e+08,1.24212e+13,0,profile_only
L0_relaunch3,ad6bb15,W1,2,246,1,0.905926,-6.35,8.22,2.07447,-6.35,8.22,2.07447,0,0,0,14415,4.31168e+08,1.20292e+13,0,profile_only
L0_relaunch3,ad6bb15,W1,2,247,1,0.922334,-6.4,8.32,2.07447,-6.4,8.32,2.07447,0,0,0,14415,3.75064e+08,1.19185e+13,0,profile_only
L0_relaunch3,ad6bb15,W1,2,248,1,0.837979,-6.45,8.37,2.07447,-6.45,8.37,2.07447,0,0,0,14415,4.21691e+08,1.16467e+13,0,profile_only
L0_relaunch3,ad6bb15,W1,2,249,1,0.912488,-6.55,8.52,2.12447,-6.55,8.52,2.12447,0,0,0,14415,4.88461e+08,1.1542e+13,0,profile_only
L0_relaunch3,ad6bb15,W1,2,250,1,0.879574,-6.55,8.57,2.12447,-6.55,8.57,2.12447,0,0,0,14415,4.22272e+08,1.11938e+13,0,profile_only
L0_relaunch3,ad6bb15,W1,2,251,1,0.905004,-6.65,8.67,2.17447,-6.65,8.67,2.17447,0,0,0,14415,5.69563e+08,1.10998e+13,0,profile_only
L0_relaunch3,ad6bb15,W1,2,252,1,0.894658,-6.75,8.77,2.27447,-6.75,8.77,2.27447,0,0,0,14415,5.82271e+08,1.08784e+13,0,profile_only
L0_relaunch3,ad6bb15,W1,2,253,1,0.892833,-6.8,8.82,2.32447,-6.8,8.82,2.32447,0,0,0,14415,3.63316e+08,1.07313e+13,0,profile_only
L0_relaunch3,ad6bb15,W1,2,254,1,0.916562,-6.85,8.82,2.37447,-6.85,8.82,2.37447,0,0,0,14415,4.3104e+08,1.06506e+13,0,profile_only
L0_relaunch3,ad6bb15,W1,2,255,1,0.896581,-6.95,8.87,2.47447,-6.95,8.87,2.47447,0,0,0,14415,4.99574e+08,1.07488e+13,0,profile_only
L0_relaunch3,ad6bb15,W1,2,256,1,0.904148,-7,8.92,2.52447,-7,8.92,2.52447,0,0,0,14415,3.22182e+08,1.0766e+13,0,profile_only
L0_relaunch3,ad6bb15,W1,2,257,1,0.897245,-7.05,8.92,2.57447,-7.05,8.92,2.57447,0,0,0,14415,4.35802e+08,1.06762e+13,0,profile_only
L0_relaunch3,ad6bb15,W1,2,258,1,0.89883,-7.2,8.97,2.67447,-7.2,8.97,2.67447,0,0,0,14415,4.98586e+08,1.07922e+13,0,profile_only
L0_relaunch3,ad6bb15,W1,2,259,1,0.901351,-7.25,8.97,2.72447,-7.25,8.97,2.72447,0,0,0,14415,4.86334e+08,1.07569e+13,0,profile_only
L0_relaunch3,ad6bb15,W1,2,260,1,0.855054,-7.3,9.02,2.77447,-7.3,9.02,2.77447,0,0,0,14415,4.55144e+08,1.08512e+13,0,profile_only
L0_relaunch3,ad6bb15,W1,2,261,1,0.879302,-7.35,9.02,2.82447,-7.35,9.02,2.82447,0,0,0,14415,4.03817e+08,1.07034e+13,0,profile_only
L0_relaunch3,ad6bb15,W1,2,262,1,0.908433,-7.45,9.02,2.87447,-7.45,9.02,2.87447,0,0,0,14415,4.48826e+08,1.07645e+13,0,profile_only
L0_relaunch3,ad6bb15,W1,2,263,1,0.915108,-7.5,9.02,2.92447,-7.5,9.02,2.92447,0,0,0,14415,4.36317e+08,1.07584e+13,0,profile_only
L0_relaunch3,ad6bb15,W1,2,264,1,0.848114,-7.6,9.02,2.97447,-7.6,9.02,2.97447,0,0,0,14415,4.6236e+08,1.08177e+13,0,profile_only
L0_relaunch3,ad6bb15,W1,2,265,1,0.865219,-7.6,9.02,2.97447,-7.6,9.02,2.97447,0,0,0,14415,4.49857e+08,1.07637e+13,0,profile_only
L0_relaunch3,ad6bb15,W1,2,266,1,0.856748,-7.7,9.02,3.02447,-7.7,9.02,3.02447,0,0,0,14415,4.38508e+08,1.07131e+13,0,profile_only
L0_relaunch3,ad6bb15,W1,2,267,1,0.809722,-7.7,9.02,3.02447,-7.7,9.02,3.02447,0,0,0,14415,4.20272e+08,1.06556e+13,0,profile_only
L0_relaunch3,ad6bb15,W1,2,268,1,0.855667,-7.85,9.02,3.07447,-7.85,9.02,3.07447,0,0,0,14415,4.43121e+08,1.05746e+13,0,profile_only
L0_relaunch3,ad6bb15,W1,2,269,1,0.846061,-7.95,9.02,3.12447,-7.95,9.02,3.12447,0,0,0,14415,4.67977e+08,1.04192e+13,0,profile_only
L0_relaunch3,ad6bb15,W1,2,270,1,0.873207,-8,9.02,3.12447,-8,9.02,3.12447,0,0,0,14415,4.13891e+08,1.03563e+13,0,profile_only
L0_relaunch3,ad6bb15,W1,2,271,1,0.940814,-8.1,9.02,-3.10871,-8.1,9.02,-3.10871,0,0,0,14415,3.859e+08,1.02377e+13,0,profile_only
L0_relaunch3,ad6bb15,W1,2,272,1,0.797823,-8.25,9.02,-3.05871,-8.25,9.02,-3.05871,0,0,0,14415,3.52426e+08,1.01528e+13,0,profile_only
L0_relaunch3,ad6bb15,W1,2,273,1,0.854858,-8.3,8.97,-3.05871,-8.3,8.97,-3.05871,0,0,0,14415,3.49643e+08,1.00629e+13,0,profile_only
L0_relaunch3,ad6bb15,W1,2,274,1,0.885186,-8.45,8.97,-3.00871,-8.45,8.97,-3.00871,0,0,0,14415,3.91963e+08,1.0068e+13,0,profile_only
L0_relaunch3,ad6bb15,W1,2,275,1,0.817453,-8.5,8.92,-3.00871,-8.5,8.92,-3.00871,0,0,0,14415,3.55593e+08,9.98823e+12,0,profile_only
L0_relaunch3,ad6bb15,W1,2,276,1,0.807814,-8.65,8.92,-2.95871,-8.65,8.92,-2.95871,0,0,0,14415,4.5733e+08,1.0034e+13,0,profile_only
L0_relaunch3,ad6bb15,W1,2,277,1,0.847164,-8.75,8.92,-2.95871,-8.75,8.92,-2.95871,0,0,0,14415,3.38154e+08,1.00251e+13,0,profile_only
L0_relaunch3,ad6bb15,W1,2,278,1,0.81585,-8.85,8.87,-2.95871,-8.85,8.87,-2.95871,0,0,0,14415,3.49995e+08,9.91551e+12,0,profile_only
L0_relaunch3,ad6bb15,W1,2,279,1,0.815766,-8.95,8.87,-2.90871,-8.95,8.87,-2.90871,0,0,0,14415,4.05814e+08,9.90121e+12,0,profile_only
L0_relaunch3,ad6bb15,W1,2,280,1,0.856295,-9.05,8.82,-2.90871,-9.05,8.82,-2.90871,0,0,0,14415,3.29718e+08,9.97518e+12,0,profile_only
L0_relaunch3,ad6bb15,W1,2,281,1,0.817515,-9.1,8.82,-2.90871,-9.1,8.82,-2.90871,0,0,0,14415,3.44126e+08,9.95818e+12,0,profile_only
L0_relaunch3,ad6bb15,W1,2,282,1,0.838708,-9.25,8.77,-2.85871,-9.25,8.77,-2.85871,0,0,0,14415,4.0637e+08,9.99902e+12,0,profile_only
L0_relaunch3,ad6bb15,W1,2,283,1,0.817206,-9.35,8.72,-2.85871,-9.35,8.72,-2.85871,0,0,0,14415,3.65597e+08,1.00943e+13,0,profile_only
L0_relaunch3,ad6bb15,W1,2,284,1,0.857684,-9.45,8.67,-2.80871,-9.45,8.67,-2.80871,0,0,0,14415,4.46963e+08,1.0154e+13,0,profile_only
L0_relaunch3,ad6bb15,W1,2,285,1,0.753786,-9.55,8.62,-2.80871,-9.55,8.62,-2.80871,0,0,0,14415,3.61111e+08,1.04265e+13,0,profile_only
L0_relaunch3,ad6bb15,W1,2,286,1,0.864573,-9.65,8.62,-2.75871,-9.65,8.62,-2.75871,0,0,0,14415,4.57903e+08,1.04613e+13,0,profile_only
L0_relaunch3,ad6bb15,W1,2,287,1,0.780363,-9.75,8.57,-2.75871,-9.75,8.57,-2.75871,0,0,0,14415,3.82371e+08,1.0628e+13,0,profile_only
L0_relaunch3,ad6bb15,W1,2,288,1,0.84642,-9.85,8.52,-2.70871,-9.85,8.52,-2.70871,0,0,0,14415,4.50455e+08,1.08038e+13,0,profile_only
L0_relaunch3,ad6bb15,W1,2,289,1,0.784702,-9.95,8.42,-2.65871,-9.95,8.42,-2.65871,0,0,0,14415,4.5806e+08,1.09532e+13,0,profile_only
L0_relaunch3,ad6bb15,W1,2,290,1,0.824012,-10,8.42,-2.65871,-10,8.42,-2.65871,0,0,0,14415,4.19981e+08,1.13073e+13,0,profile_only
L0_relaunch3,ad6bb15,W1,2,291,1,0.870505,-10.05,8.37,-2.60871,-10.05,8.37,-2.60871,0,0,0,14415,4.99655e+08,1.13621e+13,0,profile_only
L0_relaunch3,ad6bb15,W1,2,292,1,0.791479,-10.15,8.32,-2.60871,-10.15,8.32,-2.60871,0,0,0,14415,4.68999e+08,1.1448e+13,0,profile_only
L0_relaunch3,ad6bb15,W1,2,293,1,0.902085,-10.2,8.27,-2.55871,-10.2,8.27,-2.55871,0,0,0,14415,5.07806e+08,1.14365e+13,0,profile_only
L0_relaunch3,ad6bb15,W1,2,294,1,0.847593,-10.3,8.17,-2.50871,-10.3,8.17,-2.50871,0,0,0,14415,4.98895e+08,1.16895e+13,0,profile_only
L0_relaunch3,ad6bb15,W1,2,295,1,0.856578,-10.3,8.17,-2.50871,-10.3,8.17,-2.50871,0,0,0,14415,4.55849e+08,1.17641e+13,0,profile_only
L0_relaunch3,ad6bb15,W1,2,296,1,0.892948,-10.4,8.07,-2.45871,-10.4,8.07,-2.45871,0,0,0,14415,5.17633e+08,1.17801e+13,0,profile_only
L0_relaunch3,ad6bb15,W1,2,297,1,0.828559,-10.5,8.02,-2.40871,-10.5,8.02,-2.40871,0,0,0,14415,4.76464e+08,1.18633e+13,0,profile_only
L0_relaunch3,ad6bb15,W1,2,298,1,0.85025,-10.6,7.92,-2.35871,-10.6,7.92,-2.35871,0,0,0,14415,4.55175e+08,1.18603e+13,0,profile_only
L0_relaunch3,ad6bb15,W1,2,299,1,0.896149,-10.6,7.87,-2.35871,-10.6,7.87,-2.35871,0,0,0,14415,4.30856e+08,1.1877e+13,0,profile_only
L0_relaunch3,ad6bb15,W1,2,300,1,0.872762,-10.7,7.77,-2.30871,-10.7,7.77,-2.30871,0,0,0,14415,4.64865e+08,1.19793e+13,0,profile_only
L0_relaunch3,ad6bb15,W1,2,301,1,0.883307,-10.65,7.82,-2.30871,-10.65,7.82,-2.30871,0,0,0,14415,4.71109e+08,1.19672e+13,0,profile_only
L0_relaunch3,ad6bb15,W1,2,302,1,0.904987,-10.75,7.67,-2.25871,-10.75,7.67,-2.25871,0,0,0,14415,4.54804e+08,1.20169e+13,0,profile_only
L0_relaunch3,ad6bb15,W1,2,303,1,0.843378,-10.8,7.62,-2.20871,-10.8,7.62,-2.20871,0,0,0,14415,4.79651e+08,1.20555e+13,0,profile_only
L0_relaunch3,ad6bb15,W1,2,304,1,0.917458,-10.8,7.57,-2.20871,-10.8,7.57,-2.20871,0,0,0,14415,4.44772e+08,1.20482e+13,0,profile_only
L0_relaunch3,ad6bb15,W1,2,305,1,0.858701,-10.85,7.47,-2.15871,-10.85,7.47,-2.15871,0,0,0,14415,4.99148e+08,1.20533e+13,0,profile_only
L0_relaunch3,ad6bb15,W1,2,306,1,0.863072,-10.85,7.47,-2.15871,-10.85,7.47,-2.15871,0,0,0,14415,4.5167e+08,1.21177e+13,0,profile_only
L0_relaunch3,ad6bb15,W1,2,307,1,0.828526,-11,7.27,-2.05871,-11,7.27,-2.05871,0,0,0,14415,5.23728e+08,1.196e+13,0,profile_only
L0_relaunch3,ad6bb15,W1,2,308,1,0.856421,-11,7.22,-2.05871,-11,7.22,-2.05871,0,0,0,14415,4.0249e+08,1.19578e+13,0,profile_only
L0_relaunch3,ad6bb15,W1,2,309,1,0.796645,-11.05,7.07,-2.00871,-11.05,7.07,-2.00871,0,0,0,14415,4.65422e+08,1.18279e+13,0,profile_only
L0_relaunch3,ad6bb15,W1,2,310,1,0.790557,-11.15,6.92,-1.95871,-11.15,6.92,-1.95871,0,0,0,14415,3.85939e+08,1.13811e+13,0,profile_only
L0_relaunch3,ad6bb15,W1,2,311,1,0.829602,-11.15,6.82,-1.95871,-11.15,6.82,-1.95871,0,0,0,14415,4.00718e+08,1.12689e+13,0,profile_only
L0_relaunch3,ad6bb15,W1,2,312,1,0.828394,-11.2,6.72,-1.95871,-11.2,6.72,-1.95871,0,0,0,14415,3.86626e+08,1.09275e+13,0,profile_only
L0_relaunch3,ad6bb15,W1,2,313,1,0.798389,-11.25,6.57,-1.95871,-11.25,6.57,-1.95871,0,0,0,14415,5.60419e+08,1.05516e+13,0,profile_only
L0_relaunch3,ad6bb15,W1,2,314,1,0.77991,-11.3,6.37,-1.90871,-11.3,6.37,-1.90871,0,0,0,14415,5.45219e+08,1.03862e+13,0,profile_only
L0_relaunch3,ad6bb15,W1,2,315,1,0.789095,-11.35,6.22,-1.90871,-11.35,6.22,-1.90871,0,0,0,14415,3.72086e+08,1.05975e+13,0,profile_only
L0_relaunch3,ad6bb15,W1,2,316,1,0.764167,-11.4,6.12,-1.85871,-11.4,6.12,-1.85871,0,0,0,14415,3.68841e+08,1.06661e+13,0,profile_only
L0_relaunch3,ad6bb15,W1,2,317,1,0.798848,-11.4,5.97,-1.85871,-11.4,5.97,-1.85871,0,0,0,14415,3.99841e+08,1.09707e+13,0,profile_only
L0_relaunch3,ad6bb15,W1,2,318,1,0.798814,-11.45,5.82,-1.80871,-11.45,5.82,-1.80871,0,0,0,14415,4.50531e+08,1.0987e+13,0,profile_only
L0_relaunch3,ad6bb15,W1,2,319,1,0.763666,-11.45,5.72,-1.80871,-11.45,5.72,-1.80871,0,0,0,14415,4.52955e+08,1.10984e+13,0,profile_only
L0_relaunch3,ad6bb15,W1,2,320,1,0.793757,-11.5,5.52,-1.75871,-11.5,5.52,-1.75871,0,0,0,14415,5.0697e+08,1.12828e+13,0,profile_only
L0_relaunch3,ad6bb15,W1,2,321,1,0.813552,-11.5,5.37,-1.70871,-11.5,5.37,-1.70871,0,0,0,14415,4.75923e+08,1.13907e+13,0,profile_only
L0_relaunch3,ad6bb15,W1,2,322,1,0.844667,-11.5,5.27,-1.65871,-11.5,5.27,-1.65871,0,0,0,14415,4.91779e+08,1.18825e+13,0,profile_only
L0_relaunch3,ad6bb15,W1,2,323,1,0.835938,-11.5,5.12,-1.60871,-11.5,5.12,-1.60871,0,0,0,14415,4.8016e+08,1.19773e+13,0,profile_only
L0_relaunch3,ad6bb15,W1,2,324,1,0.824164,-11.5,5.02,-1.55871,-11.5,5.02,-1.55871,0,0,0,14415,4.89847e+08,1.22896e+13,0,profile_only
L0_relaunch3,ad6bb15,W1,2,325,1,0.795318,-11.5,4.92,-1.45871,-11.5,4.92,-1.45871,0,0,0,14415,5.05382e+08,1.24028e+13,0,profile_only
L0_relaunch3,ad6bb15,W1,2,326,1,0.774361,-11.4,4.77,-1.35871,-11.4,4.77,-1.35871,0,0,0,14415,5.1201e+08,1.26581e+13,0,profile_only
L0_relaunch3,ad6bb15,W1,2,327,1,0.790505,-11.3,4.57,-1.15871,-11.3,4.57,-1.15871,0,0,0,14415,6.30587e+08,1.31843e+13,0,profile_only
L0_relaunch3,ad6bb15,W1,2,328,1,0.837493,-11.2,4.47,-1.00871,-11.2,4.47,-1.00871,0,0,0,14415,6.49029e+08,1.37405e+13,0,profile_only
L0_relaunch3,ad6bb15,W1,2,329,1,0.832491,-11.1,4.37,-0.858714,-11.1,4.37,-0.858714,0,0,0,14415,5.82867e+08,1.39263e+13,0,profile_only
L0_relaunch3,ad6bb15,W1,2,330,1,0.744722,-11,4.32,-0.708714,-11,4.32,-0.708714,0,0,0,14415,5.00928e+08,1.41958e+13,0,profile_only
L0_relaunch3,ad6bb15,W1,2,331,1,0.737495,-10.65,4.22,-0.358714,-10.65,4.22,-0.358714,0,0,0,14415,5.86937e+08,1.43383e+13,0,profile_only
L0_relaunch3,ad6bb15,W1,2,332,1,0.767842,-10.25,4.17,-0.158714,-10.25,4.17,-0.158714,0,0,0,14415,5.28766e+08,1.52414e+13,0,profile_only
L0_relaunch3,ad6bb15,W1,2,333,1,0.777319,-10,4.12,-0.108714,-10,4.12,-0.108714,0,0,0,14415,5.39023e+08,1.65845e+13,0,profile_only
L0_relaunch3,ad6bb15,W1,2,334,1,0.727144,-9.85,4.07,-0.108714,-9.85,4.07,-0.108714,0,0,0,14415,5.3656e+08,1.7416e+13,0,profile_only
L0_relaunch3,ad6bb15,W1,2,335,1,0.791064,-9.5,4.07,-0.108714,-9.5,4.07,-0.108714,0,0,0,14415,5.35807e+08,1.80473e+13,0,profile_only
L0_relaunch3,ad6bb15,W1,2,336,1,0.74318,-9.4,4.02,-0.108714,-9.4,4.02,-0.108714,0,0,0,14415,4.84573e+08,1.91371e+13,0,profile_only
L0_relaunch3,ad6bb15,W1,2,337,1,0.747921,-9.15,3.97,-0.158714,-9.15,3.97,-0.158714,0,0,0,14415,3.73916e+08,1.94372e+13,0,profile_only
L0_relaunch3,ad6bb15,W1,2,338,1,0.746035,-8.95,3.92,-0.208714,-8.95,3.92,-0.208714,0,0,0,14415,3.86682e+08,2.00736e+13,0,profile_only
L0_relaunch3,ad6bb15,W1,2,339,1,0.71224,-8.7,3.87,-0.308714,-8.7,3.87,-0.308714,0,0,0,14415,3.45785e+08,2.06396e+13,0,profile_only
L0_relaunch3,ad6bb15,W1,2,340,1,0.759787,-8.25,3.67,-0.458714,-8.25,3.67,-0.458714,0,0,0,14415,3.32466e+08,2.11957e+13,0,profile_only
L0_relaunch3,ad6bb15,W1,2,341,1,0.804202,-7.75,3.37,-0.458714,-7.75,3.37,-0.458714,0,0,0,14415,4.68728e+08,2.22031e+13,0,profile_only
L0_relaunch3,ad6bb15,W1,2,342,1,0.807028,-7.5,3.22,-0.458714,-7.5,3.22,-0.458714,0,0,0,14415,4.02304e+08,2.30521e+13,0,profile_only
L0_relaunch3,ad6bb15,W1,2,343,1,0.842867,-7.2,3.07,-0.458714,-7.2,3.07,-0.458714,0,0,0,14415,4.36558e+08,2.3127e+13,0,profile_only
L0_relaunch3,ad6bb15,W1,2,344,1,0.838035,-7.1,3.02,-0.458714,-7.1,3.02,-0.458714,0,0,0,14415,3.89669e+08,2.31768e+13,0,profile_only
L0_relaunch3,ad6bb15,W1,2,345,1,0.870537,-6.9,2.92,-0.458714,-6.9,2.92,-0.458714,0,0,0,14415,4.21842e+08,2.31787e+13,0,profile_only
L0_relaunch3,ad6bb15,W1,2,346,1,0.880586,-6.8,2.87,-0.458714,-6.8,2.87,-0.458714,0,0,0,14415,3.92799e+08,2.32102e+13,0,profile_only
L0_relaunch3,ad6bb15,W1,2,347,1,0.870559,-6.6,2.77,-0.458714,-6.6,2.77,-0.458714,0,0,0,14415,4.24166e+08,2.32034e+13,0,profile_only
L0_relaunch3,ad6bb15,W1,2,348,1,0.851495,-6.55,2.77,-0.458714,-6.55,2.77,-0.458714,0,0,0,14415,4.39824e+08,2.31315e+13,0,profile_only
L0_relaunch3,ad6bb15,W1,2,349,1,0.808357,-6.3,2.67,-0.458714,-6.3,2.67,-0.458714,0,0,0,14415,4.31382e+08,2.31107e+13,0,profile_only
L0_relaunch3,ad6bb15,W1,2,350,1,0.830615,-6.15,2.57,-0.408714,-6.15,2.57,-0.408714,0,0,0,14415,5.12233e+08,2.295e+13,0,profile_only
L0_relaunch3,ad6bb15,W1,2,351,1,0.808641,-5.9,2.47,-0.358714,-5.9,2.47,-0.358714,0,0,0,14415,4.8172e+08,2.27407e+13,0,profile_only
L0_relaunch3,ad6bb15,W1,2,352,1,0.747763,-5.6,2.37,-0.358714,-5.6,2.37,-0.358714,0,0,0,14415,4.84747e+08,2.2514e+13,0,profile_only
L0_relaunch3,ad6bb15,W1,2,353,1,0.74709,-5.1,2.22,-0.308714,-5.1,2.22,-0.308714,0,0,0,14415,5.0225e+08,2.23529e+13,0,profile_only
L0_relaunch3,ad6bb15,W1,2,354,1,0.890327,-4.4,1.92,-0.408714,-4.4,1.92,-0.408714,0,0,0,14415,3.27082e+08,2.25036e+13,0,profile_only
L0_relaunch3,ad6bb15,W1,2,355,1,0.806606,-4.05,1.72,-0.408714,-4.05,1.72,-0.408714,0,0,0,14415,4.2699e+08,2.22999e+13,0,profile_only
L0_relaunch3,ad6bb15,W1,2,356,1,0.823856,-3.75,1.57,-0.458714,-3.75,1.57,-0.458714,0,0,0,14415,3.61454e+08,2.23174e+13,0,profile_only
L0_relaunch3,ad6bb15,W1,2,357,1,0.80801,-3.65,1.52,-0.508714,-3.65,1.52,-0.508714,0,0,0,14415,3.46165e+08,2.2179e+13,0,profile_only
L0_relaunch3,ad6bb15,W1,2,358,1,0.776685,-3.4,1.37,-0.508714,-3.4,1.37,-0.508714,0,0,0,14415,2.98502e+08,2.222e+13,0,profile_only
L0_relaunch3,ad6bb15,W1,2,359,1,0.786995,-3.45,1.37,-0.608714,-3.45,1.37,-0.608714,0,0,0,14415,3.41019e+08,2.20056e+13,0,profile_only
L0_relaunch3,ad6bb15,W1,2,360,1,0.831351,-3.25,1.22,-0.608714,-3.25,1.22,-0.608714,0,0,0,14415,3.64915e+08,2.19852e+13,0,profile_only
L0_relaunch3,ad6bb15,W1,2,361,1,0.813731,-3.05,1.07,-0.658714,-3.05,1.07,-0.658714,0,0,0,14415,3.14008e+08,2.16614e+13,0,profile_only
L0_relaunch3,ad6bb15,W1,2,362,1,0.879251,-2.9,0.92,-0.658714,-2.9,0.92,-0.658714,0,0,0,14415,4.38598e+08,2.13081e+13,0,profile_only
L0_relaunch3,ad6bb15,W1,2,363,1,0.777679,-2.7,0.77,-0.708714,-2.7,0.77,-0.708714,0,0,0,14415,3.57141e+08,2.10987e+13,0,profile_only
L0_relaunch3,ad6bb15,W1,2,364,1,0.784891,-2.5,0.62,-0.708714,-2.5,0.62,-0.708714,0,0,0,14415,4.49003e+08,2.10453e+13,0,profile_only
L0_relaunch3,ad6bb15,W1,2,365,1,0.719276,-2.4,0.52,-0.708714,-2.4,0.52,-0.708714,0,0,0,14415,4.20753e+08,2.06201e+13,0,profile_only
L0_relaunch3,ad6bb15,W1,2,366,1,0.885491,-2.05,0.27,-0.608714,-2.05,0.27,-0.608714,0,0,0,14415,5.22524e+08,1.99131e+13,0,profile_only
L0_relaunch3,ad6bb15,W1,2,367,1,0.839546,-1.95,0.22,-0.558714,-1.95,0.22,-0.558714,0,0,0,14415,5.22156e+08,1.94184e+13,0,profile_only
L0_relaunch3,ad6bb15,W1,2,368,1,0.868208,-1.75,0.12,-0.458714,-1.75,0.12,-0.458714,0,0,0,14415,5.94353e+08,1.9221e+13,0,profile_only
L0_relaunch3,ad6bb15,W1,2,369,1,0.772429,-1.7,0.12,-0.408714,-1.7,0.12,-0.408714,0,0,0,14415,4.43658e+08,1.91957e+13,0,profile_only
L0_relaunch3,ad6bb15,W1,2,370,1,0.766523,-1.3,0.02,-0.258714,-1.3,0.02,-0.258714,0,0,0,14415,6.27643e+08,1.90291e+13,0,profile_only
L0_relaunch3,ad6bb15,W1,2,371,1,0.774994,-0.85,-0.08,-0.158714,-0.85,-0.08,-0.158714,0,0,0,14415,4.90257e+08,1.92263e+13,0,profile_only
L0_relaunch3,ad6bb15,W1,2,372,1,0.709409,-0.55,-0.13,-0.158714,-0.55,-0.13,-0.158714,0,0,0,14415,3.61368e+08,1.93187e+13,0,profile_only
L0_relaunch3,ad6bb15,W1,2,373,1,0.800551,-3.23352e-15,-0.18,-0.108714,-3.23352e-15,-0.18,-0.108714,0,0,0,14415,3.79121e+08,1.924e+13,0,profile_only
L0_relaunch3,ad6bb15,W1,2,374,1,0.837783,0.15,-0.18,-0.108714,0.15,-0.18,-0.108714,0,0,0,14415,2.38512e+08,1.9085e+13,0,profile_only
L0_relaunch3,ad6bb15,W1,2,375,1,0.750035,0.25,-0.18,-0.108714,0.25,-0.18,-0.108714,0,0,0,14415,2.42382e+08,1.90264e+13,0,profile_only
L0_relaunch3,ad6bb15,W1,2,376,1,0.697836,0.5,-0.23,-0.0587136,0.5,-0.23,-0.0587136,0,0,0,14415,4.0439e+08,1.90463e+13,0,profile_only
L0_relaunch3,ad6bb15,W1,2,377,1,0.756388,0.7,-0.23,-0.0587136,0.7,-0.23,-0.0587136,0,0,0,14415,3.90513e+08,1.90108e+13,0,profile_only
L0_relaunch3,ad6bb15,W1,2,378,1,0.806697,0.9,-0.23,-0.0587136,0.9,-0.23,-0.0587136,0,0,0,14415,4.33988e+08,1.89611e+13,0,profile_only
L0_relaunch3,ad6bb15,W1,2,379,1,0.702135,1,-0.23,-0.0587136,1,-0.23,-0.0587136,0,0,0,14415,4.88574e+08,1.88777e+13,0,profile_only
L0_relaunch3,ad6bb15,W1,2,380,1,0.754802,1.2,-0.23,-0.00871357,1.2,-0.23,-0.00871357,0,0,0,14415,5.21578e+08,1.88734e+13,0,profile_only
L0_relaunch3,ad6bb15,W1,2,381,1,0.752539,1.35,-0.23,0.0412864,1.35,-0.23,0.0412864,0,0,0,14415,4.75519e+08,1.89687e+13,0,profile_only
L0_relaunch3,ad6bb15,W1,2,382,1,0.752669,1.55,-0.18,0.0912864,1.55,-0.18,0.0912864,0,0,0,14415,5.28817e+08,1.9051e+13,0,profile_only
L0_relaunch3,ad6bb15,W1,2,383,1,0.784709,1.65,-0.18,0.141286,1.65,-0.18,0.141286,0,0,0,14415,5.20244e+08,1.91701e+13,0,profile_only
L0_relaunch3,ad6bb15,W1,2,384,1,0.789723,1.75,-0.13,0.191286,1.75,-0.13,0.191286,0,0,0,14415,5.35759e+08,1.92542e+13,0,profile_only
L0_relaunch3,ad6bb15,W1,2,385,1,0.909158,1.9,-0.08,0.291286,1.9,-0.08,0.291286,0,0,0,14415,5.53326e+08,1.94343e+13,0,profile_only
L0_relaunch3,ad6bb15,W1,2,386,1,0.879621,1.95,-0.03,0.341286,1.95,-0.03,0.341286,0,0,0,14415,4.76123e+08,1.96533e+13,0,profile_only
L0_relaunch3,ad6bb15,W1,2,387,1,0.823591,2.1,0.07,0.441286,2.1,0.07,0.441286,0,0,0,14415,5.18072e+08,1.98807e+13,0,profile_only
L0_relaunch3,ad6bb15,W1,2,388,1,0.883147,2.2,0.12,0.541286,2.2,0.12,0.541286,0,0,0,14415,5.2394e+08,2.0261e+13,0,profile_only
L0_relaunch3,ad6bb15,W1,2,389,1,0.853531,2.25,0.17,0.591286,2.25,0.17,0.591286,0,0,0,14415,4.71023e+08,2.05261e+13,0,profile_only
L0_relaunch3,ad6bb15,W1,2,390,1,0.81655,2.3,0.22,0.691286,2.3,0.22,0.691286,0,0,0,14415,4.90497e+08,2.07704e+13,0,profile_only
L0_relaunch3,ad6bb15,W1,2,391,1,0.839626,2.45,0.42,0.841286,2.45,0.42,0.841286,0,0,0,14415,6.3547e+08,2.10923e+13,0,profile_only
L0_relaunch3,ad6bb15,W1,2,392,1,0.822412,2.5,0.52,0.891286,2.5,0.52,0.891286,0,0,0,14415,4.39498e+08,2.15068e+13,0,profile_only
L0_relaunch3,ad6bb15,W1,2,393,1,0.846838,2.55,0.57,0.941286,2.55,0.57,0.941286,0,0,0,14415,4.30098e+08,2.16743e+13,0,profile_only
L0_relaunch3,ad6bb15,W1,2,394,1,0.854677,2.6,0.67,0.991286,2.6,0.67,0.991286,0,0,0,14415,4.61781e+08,2.17322e+13,0,profile_only
L0_relaunch3,ad6bb15,W1,2,395,1,0.787506,2.7,0.87,1.04129,2.7,0.87,1.04129,0,0,0,14415,5.25391e+08,2.18361e+13,0,profile_only
L0_relaunch3,ad6bb15,W1,2,396,1,0.797192,2.75,1.02,1.14129,2.75,1.02,1.14129,0,0,0,14415,5.18441e+08,2.19773e+13,0,profile_only
L0_relaunch3,ad6bb15,W1,2,397,1,0.860079,2.8,1.12,1.19129,2.8,1.12,1.19129,0,0,0,14415,4.74701e+08,2.20908e+13,0,profile_only
L0_relaunch3,ad6bb15,W1,2,398,1,0.802492,2.8,1.22,1.24129,2.8,1.22,1.24129,0,0,0,14415,4.26802e+08,2.20826e+13,0,profile_only
L0_relaunch3,ad6bb15,W1,2,399,1,0.74656,2.85,1.37,1.29129,2.85,1.37,1.29129,0,0,0,14415,4.67498e+08,2.21264e+13,0,profile_only
L0_relaunch3,ad6bb15,W1,2,400,1,0.766237,2.9,1.52,1.39129,2.9,1.52,1.39129,0,0,0,14415,4.53769e+08,2.20677e+13,0,profile_only
L0_relaunch3,ad6bb15,W1,2,401,1,0.801687,2.85,1.67,1.44129,2.85,1.67,1.44129,0,0,0,14415,4.73378e+08,2.19454e+13,0,profile_only
L0_relaunch3,ad6bb15,W1,2,402,1,0.81302,2.85,1.82,1.49129,2.85,1.82,1.49129,0,0,0,14415,4.44936e+08,2.19582e+13,0,profile_only
L0_relaunch3,ad6bb15,W1,2,403,1,0.805583,2.85,2.02,1.54129,2.85,2.02,1.54129,0,0,0,14415,4.62564e+08,2.18546e+13,0,profile_only
L0_relaunch3,ad6bb15,W1,2,404,1,0.865977,2.85,2.12,1.59129,2.85,2.12,1.59129,0,0,0,14415,4.17194e+08,2.1793e+13,0,profile_only
L0_relaunch3,ad6bb15,W1,2,405,1,0.819176,2.85,2.27,1.64129,2.85,2.27,1.64129,0,0,0,14415,3.9303e+08,2.16953e+13,0,profile_only
L0_relaunch3,ad6bb15,W1,2,406,1,0.752154,2.8,2.37,1.64129,2.8,2.37,1.64129,0,0,0,14415,3.82937e+08,2.15968e+13,0,profile_only
L0_relaunch3,ad6bb15,W1,2,407,1,0.842067,2.8,2.62,1.69129,2.8,2.62,1.69129,0,0,0,14415,4.47815e+08,2.15584e+13,0,profile_only
L0_relaunch3,ad6bb15,W1,2,408,1,0.798128,2.8,2.77,1.69129,2.8,2.77,1.69129,0,0,0,14415,4.40169e+08,2.14061e+13,0,profile_only
L0_relaunch3,ad6bb15,W1,2,409,1,0.884457,2.75,2.92,1.69129,2.75,2.92,1.69129,0,0,0,14415,4.3572e+08,2.12857e+13,0,profile_only
L0_relaunch3,ad6bb15,W1,2,410,1,0.862049,2.75,3.07,1.69129,2.75,3.07,1.69129,0,0,0,14415,4.15696e+08,2.12948e+13,0,profile_only
L0_relaunch3,ad6bb15,W1,2,411,1,0.773253,2.7,3.17,1.69129,2.7,3.17,1.69129,0,0,0,14415,4.38978e+08,2.11973e+13,0,profile_only
L0_relaunch3,ad6bb15,W1,2,412,1,0.799946,2.65,3.42,1.74129,2.65,3.42,1.74129,0,0,0,14415,4.50978e+08,2.12352e+13,0,profile_only
L0_relaunch3,ad6bb15,W1,2,413,1,0.828155,2.65,3.52,1.74129,2.65,3.52,1.74129,0,0,0,14415,4.12169e+08,2.11324e+13,0,profile_only
L0_relaunch3,ad6bb15,W1,2,414,1,0.79446,2.65,3.57,1.74129,2.65,3.57,1.74129,0,0,0,14415,4.6123e+08,2.10603e+13,0,profile_only
L0_relaunch3,ad6bb15,W1,2,415,1,0.861533,2.6,3.77,1.79129,2.6,3.77,1.79129,0,0,0,14415,5.32807e+08,2.11168e+13,0,profile_only
L0_relaunch3,ad6bb15,W1,2,416,1,0.829221,2.5,3.92,1.84129,2.5,3.92,1.84129,0,0,0,14415,5.00603e+08,2.08803e+13,0,profile_only
L0_relaunch3,ad6bb15,W1,2,417,1,0.787738,2.4,4.12,1.89129,2.4,4.12,1.89129,0,0,0,14415,4.81493e+08,2.08217e+13,0,profile_only
L0_relaunch3,ad6bb15,W1,2,418,1,0.889648,2.4,4.27,1.94129,2.4,4.27,1.94129,0,0,0,14415,4.80961e+08,2.07602e+13,0,profile_only
L0_relaunch3,ad6bb15,W1,2,419,1,0.7922,2.4,4.32,1.94129,2.4,4.32,1.94129,0,0,0,14415,4.94274e+08,2.05753e+13,0,profile_only
L0_relaunch3,ad6bb15,W1,2,420,1,0.950377,2.25,4.57,2.04129,2.25,4.57,2.04129,0,0,0,14415,5.46778e+08,2.06097e+13,0,profile_only
L0_relaunch3,ad6bb15,W1,2,421,1,0.962102,2.2,4.67,2.09129,2.2,4.67,2.09129,0,0,0,14415,4.76679e+08,2.01655e+13,0,profile_only
L0_relaunch3,ad6bb15,W1,2,422,1,0.912086,2.15,4.77,2.14129,2.15,4.77,2.14129,0,0,0,14415,4.78103e+08,1.99694e+13,0,profile_only
L0_relaunch3,ad6bb15,W1,2,423,1,0.895996,2.1,4.82,2.19129,2.1,4.82,2.19129,0,0,0,14415,5.40286e+08,1.97482e+13,0,profile_only
L0_relaunch3,ad6bb15,W1,2,424,1,0.917614,1.9,5.02,2.29129,1.9,5.02,2.29129,0,0,0,14415,5.2856e+08,1.96658e+13,0,profile_only
L0_relaunch3,ad6bb15,W1,2,425,1,0.912507,1.85,5.07,2.34129,1.85,5.07,2.34129,0,0,0,14415,4.89997e+08,1.93343e+13,0,profile_only
L0_relaunch3,ad6bb15,W1,2,426,1,0.90363,1.65,5.22,2.44129,1.65,5.22,2.44129,0,0,0,14415,5.38567e+08,1.92703e+13,0,profile_only
L0_relaunch3,ad6bb15,W1,2,427,1,0.849979,1.65,5.22,2.49129,1.65,5.22,2.49129,0,0,0,14415,4.89111e+08,1.91388e+13,0,profile_only
L0_relaunch3,ad6bb15,W1,2,428,1,0.822525,1.3,5.42,2.64129,1.3,5.42,2.64129,0,0,0,14415,5.8041e+08,1.9138e+13,0,profile_only
L0_relaunch3,ad6bb15,W1,2,429,1,0.808979,1.05,5.52,2.74129,1.05,5.52,2.74129,0,0,0,14415,4.97109e+08,1.90174e+13,0,profile_only
L0_relaunch3,ad6bb15,W1,2,430,1,0.886528,0.6,5.67,2.84129,0.6,5.67,2.84129,0,0,0,14415,5.14983e+08,1.89098e+13,0,profile_only
L0_relaunch3,ad6bb15,W1,2,431,1,0.894368,0.5,5.67,2.84129,0.5,5.67,2.84129,0,0,0,14415,4.32478e+08,1.89164e+13,0,profile_only
L0_relaunch3,ad6bb15,W1,2,432,1,0.853904,0.3,5.72,2.84129,0.3,5.72,2.84129,0,0,0,14415,4.25315e+08,1.88819e+13,0,profile_only
L0_relaunch3,ad6bb15,W1,2,433,1,0.915467,-0.1,5.87,2.89129,-0.1,5.87,2.89129,0,0,0,14415,4.48389e+08,1.86805e+13,0,profile_only
L0_relaunch3,ad6bb15,W1,2,434,1,0.950046,-0.3,5.92,2.89129,-0.3,5.92,2.89129,0,0,0,14415,3.79023e+08,1.84616e+13,0,profile_only
L0_relaunch3,ad6bb15,W1,2,435,1,0.910809,-0.45,5.97,2.89129,-0.45,5.97,2.89129,0,0,0,14415,4.28852e+08,1.83995e+13,0,profile_only
L0_relaunch3,ad6bb15,W1,2,436,1,0.955121,-0.55,5.97,2.89129,-0.55,5.97,2.89129,0,0,0,14415,4.57227e+08,1.81952e+13,0,profile_only
L0_relaunch3,ad6bb15,W1,2,437,1,0.944855,-0.75,6.02,2.89129,-0.75,6.02,2.89129,0,0,0,14415,4.86051e+08,1.80851e+13,0,profile_only
L0_relaunch3,ad6bb15,W1,2,438,1,0.913751,-0.9,6.07,2.89129,-0.9,6.07,2.89129,0,0,0,14415,4.61509e+08,1.7987e+13,0,profile_only
L0_relaunch3,ad6bb15,W1,2,439,1,0.903049,-1.05,6.07,2.89129,-1.05,6.07,2.89129,0,0,0,14415,5.33304e+08,1.77674e+13,0,profile_only
L0_relaunch3,ad6bb15,W1,2,440,1,0.887385,-1.25,6.12,2.89129,-1.25,6.12,2.89129,0,0,0,14415,5.24255e+08,1.77965e+13,0,profile_only
L0_relaunch3,ad6bb15,W1,2,441,1,0.857057,-1.45,6.17,2.89129,-1.45,6.17,2.89129,0,0,0,14415,5.64257e+08,1.77757e+13,0,profile_only
L0_relaunch3,ad6bb15,W1,2,442,1,0.920509,-1.65,6.22,2.94129,-1.65,6.22,2.94129,0,0,0,14415,5.22776e+08,1.77961e+13,0,profile_only
L0_relaunch3,ad6bb15,W1,2,443,1,0.850716,-1.85,6.27,2.94129,-1.85,6.27,2.94129,0,0,0,14415,3.8395e+08,1.80782e+13,0,profile_only
L0_relaunch3,ad6bb15,W1,2,444,1,0.865299,-1.9,6.27,2.94129,-1.9,6.27,2.94129,0,0,0,14415,2.31865e+08,1.80686e+13,0,profile_only
L0_relaunch3,ad6bb15,W1,2,445,1,0.813241,-2.1,6.32,2.99129,-2.1,6.32,2.99129,0,0,0,14415,3.50955e+08,1.81597e+13,0,profile_only
L0_relaunch3,ad6bb15,W1,2,446,1,0.894883,-2.2,6.32,2.99129,-2.2,6.32,2.99129,0,0,0,14415,2.85416e+08,1.83164e+13,0,profile_only
L0_relaunch3,ad6bb15,W1,2,447,1,0.87246,-2.25,6.32,2.99129,-2.25,6.32,2.99129,0,0,0,14415,3.43406e+08,1.84174e+13,0,profile_only
L0_relaunch3,ad6bb15,W1,2,448,1,0.835359,-2.4,6.37,3.04129,-2.4,6.37,3.04129,0,0,0,14415,4.11104e+08,1.8529e+13,0,profile_only
L0_relaunch3,ad6bb15,W1,2,449,1,0.873951,-2.6,6.37,3.09129,-2.6,6.37,3.09129,0,0,0,14415,4.41579e+08,1.87118e+13,0,profile_only
L0_relaunch3,ad6bb15,W1,2,450,1,0.914817,-2.7,6.37,3.09129,-2.7,6.37,3.09129,0,0,0,14415,3.92821e+08,1.91056e+13,0,profile_only
L0_relaunch3,ad6bb15,W1,2,451,1,0.886412,-2.75,6.37,3.09129,-2.75,6.37,3.09129,0,0,0,14415,3.65273e+08,1.92613e+13,0,profile_only
L0_relaunch3,ad6bb15,W1,2,452,1,0.901674,-2.95,6.37,3.14129,-2.95,6.37,3.14129,0,0,0,14415,4.24025e+08,1.94389e+13,0,profile_only
L0_relaunch3,ad6bb15,W1,2,453,1,0.897535,-3.05,6.37,3.14129,-3.05,6.37,3.14129,0,0,0,14415,3.39157e+08,1.97992e+13,0,profile_only
L0_relaunch3,ad6bb15,W1,2,454,1,0.889387,-3.2,6.37,3.14129,-3.2,6.37,3.14129,0,0,0,14415,3.76704e+08,1.99439e+13,0,profile_only
L0_relaunch3,ad6bb15,W1,2,455,1,0.863924,-3.35,6.37,3.14129,-3.35,6.37,3.14129,0,0,0,14415,3.72292e+08,2.00148e+13,0,profile_only
L0_relaunch3,ad6bb15,W1,2,456,1,0.85607,-3.5,6.37,-3.0919,-3.5,6.37,-3.0919,0,0,0,14415,3.84565e+08,2.00415e+13,0,profile_only
L0_relaunch3,ad6bb15,W1,2,457,1,0.835831,-3.7,6.37,-3.0919,-3.7,6.37,-3.0919,0,0,0,14415,3.03507e+08,2.02531e+13,0,profile_only
L0_relaunch3,ad6bb15,W1,2,458,1,0.871767,-3.95,6.37,3.14129,-3.95,6.37,3.14129,0,0,0,14415,3.17454e+08,2.01733e+13,0,profile_only
L0_relaunch3,ad6bb15,W1,2,459,1,0.805159,-4.05,6.42,3.14129,-4.05,6.42,3.14129,0,0,0,14415,5.00398e+08,1.98994e+13,0,profile_only
L0_relaunch3,ad6bb15,W1,2,460,1,0.804277,-4.35,6.37,3.09129,-4.35,6.37,3.09129,0,0,0,14415,4.2422e+08,1.94315e+13,0,profile_only
L0_relaunch3,ad6bb15,W1,2,461,1,0.826225,-4.45,6.42,3.09129,-4.45,6.42,3.09129,0,0,0,14415,4.9243e+08,1.93696e+13,0,profile_only
L0_relaunch3,ad6bb15,W1,2,462,1,0.814475,-4.65,6.42,3.04129,-4.65,6.42,3.04129,0,0,0,14415,4.06265e+08,1.89111e+13,0,profile_only
L0_relaunch3,ad6bb15,W1,2,463,1,0.776663,-4.85,6.42,2.99129,-4.85,6.42,2.99129,0,0,0,14415,3.46921e+08,1.87979e+13,0,profile_only
L0_relaunch3,ad6bb15,W1,2,464,1,0.874466,-5.1,6.52,2.94129,-5.1,6.52,2.94129,0,0,0,14415,5.24688e+08,1.862e+13,0,profile_only
L0_relaunch3,ad6bb15,W1,2,465,1,0.854808,-5.25,6.52,2.84129,-5.25,6.52,2.84129,0,0,0,14415,4.23811e+08,1.8069e+13,0,profile_only
L0_relaunch3,ad6bb15,W1,2,466,1,0.901384,-5.4,6.62,2.79129,-5.4,6.62,2.79129,0,0,0,14415,5.91759e+08,1.79542e+13,0,profile_only
L0_relaunch3,ad6bb15,W1,2,467,1,0.906492,-5.5,6.67,2.69129,-5.5,6.67,2.69129,0,0,0,14415,3.7123e+08,1.73733e+13,0,profile_only
L0_relaunch3,ad6bb15,W1,2,468,1,0.887171,-5.6,6.77,2.59129,-5.6,6.77,2.59129,0,0,0,14415,4.03372e+08,1.70253e+13,0,profile_only
L0_relaunch3,ad6bb15,W1,2,469,1,0.880332,-5.7,6.87,2.49129,-5.7,6.87,2.49129,0,0,0,14415,2.87749e+08,1.64072e+13,0,profile_only
L0_relaunch3,ad6bb15,W1,2,470,1,0.913022,-5.8,6.97,2.39129,-5.8,6.97,2.39129,0,0,0,14415,2.82606e+08,1.58526e+13,0,profile_only
L0_relaunch3,ad6bb15,W1,2,471,1,0.841371,-5.9,7.12,2.29129,-5.9,7.12,2.29129,0,0,0,14415,3.55976e+08,1.53095e+13,0,profile_only
L0_relaunch3,ad6bb15,W1,2,472,1,0.890987,-6.05,7.37,2.14129,-6.05,7.37,2.14129,0,0,0,14415,3.90089e+08,1.45438e+13,0,profile_only
L0_relaunch3,ad6bb15,W1,2,473,1,0.885397,-6.15,7.57,2.14129,-6.15,7.57,2.14129,0,0,0,14415,3.68439e+08,1.39249e+13,0,profile_only
L0_relaunch3,ad6bb15,W1,2,474,1,0.939762,-6.2,7.67,2.09129,-6.2,7.67,2.09129,0,0,0,14415,3.79347e+08,1.33694e+13,0,profile_only
L0_relaunch3,ad6bb15,W1,2,475,1,0.913377,-6.25,7.77,2.09129,-6.25,7.77,2.09129,0,0,0,14415,4.33593e+08,1.3131e+13,0,profile_only
L0_relaunch3,ad6bb15,W1,2,476,1,0.900056,-6.3,7.82,2.09129,-6.3,7.82,2.09129,0,0,0,14415,4.39646e+08,1.28726e+13,0,profile_only
L0_relaunch3,ad6bb15,W1,2,477,1,0.888691,-6.35,7.92,2.09129,-6.35,7.92,2.09129,0,0,0,14415,4.30769e+08,1.27685e+13,0,profile_only
L0_relaunch3,ad6bb15,W1,2,478,1,0.858171,-6.4,8.02,2.14129,-6.4,8.02,2.14129,0,0,0,14415,4.54962e+08,1.25424e+13,0,profile_only
L0_relaunch3,ad6bb15,W1,2,479,1,0.917049,-6.5,8.12,2.14129,-6.5,8.12,2.14129,0,0,0,14415,4.22774e+08,1.22694e+13,0,profile_only
L0_relaunch3,ad6bb15,W1,2,480,1,0.915496,-6.55,8.22,2.19129,-6.55,8.22,2.19129,0,0,0,14415,3.92044e+08,1.20202e+13,0,profile_only
L0_relaunch3,ad6bb15,W1,2,481,1,0.91797,-6.6,8.27,2.19129,-6.6,8.27,2.19129,0,0,0,14415,3.54439e+08,1.17428e+13,0,profile_only
L0_relaunch3,ad6bb15,W1,2,482,1,0.871865,-6.7,8.37,2.29129,-6.7,8.37,2.29129,0,0,0,14415,5.89282e+08,1.16447e+13,0,profile_only
L0_relaunch3,ad6bb15,W1,2,483,1,0.926053,-6.8,8.47,2.34129,-6.8,8.47,2.34129,0,0,0,14415,5.27335e+08,1.14438e+13,0,profile_only
L0_relaunch3,ad6bb15,W1,2,484,1,0.922399,-6.9,8.52,2.39129,-6.9,8.52,2.39129,0,0,0,14415,3.91513e+08,1.11852e+13,0,profile_only
L0_relaunch3,ad6bb15,W1,2,485,1,0.931712,-6.95,8.57,2.44129,-6.95,8.57,2.44129,0,0,0,14415,4.7897e+08,1.11175e+13,0,profile_only
L0_relaunch3,ad6bb15,W1,2,486,1,0.925697,-7.05,8.62,2.54129,-7.05,8.62,2.54129,0,0,0,14415,4.79895e+08,1.10807e+13,0,profile_only
L0_relaunch3,ad6bb15,W1,2,487,1,0.863489,-7.15,8.67,2.59129,-7.15,8.67,2.59129,0,0,0,14415,4.32433e+08,1.10605e+13,0,profile_only
L0_relaunch3,ad6bb15,W1,2,488,1,0.909789,-7.2,8.67,2.64129,-7.2,8.67,2.64129,0,0,0,14415,4.05399e+08,1.09398e+13,0,profile_only
L0_relaunch3,ad6bb15,W1,2,489,1,0.840551,-7.35,8.72,2.74129,-7.35,8.72,2.74129,0,0,0,14415,4.93587e+08,1.09994e+13,0,profile_only
L0_relaunch3,ad6bb15,W1,2,490,1,0.810985,-7.45,8.72,2.79129,-7.45,8.72,2.79129,0,0,0,14415,4.36072e+08,1.0892e+13,0,profile_only
L0_relaunch3,ad6bb15,W1,2,491,1,0.78172,-7.5,8.77,2.84129,-7.5,8.77,2.84129,0,0,0,14415,5.07316e+08,1.08152e+13,0,profile_only
L0_relaunch3,ad6bb15,W1,2,492,1,0.899461,-7.65,8.77,2.94129,-7.65,8.77,2.94129,0,0,0,14415,5.09971e+08,1.05693e+13,0,profile_only
L0_relaunch3,ad6bb15,W1,2,493,1,0.819633,-7.75,8.77,2.99129,-7.75,8.77,2.99129,0,0,0,14415,5.18807e+08,1.05372e+13,0,profile_only
L0_relaunch3,ad6bb15,W1,2,494,1,0.829381,-7.85,8.77,3.04129,-7.85,8.77,3.04129,0,0,0,14415,4.82403e+08,1.04696e+13,0,profile_only
L0_relaunch3,ad6bb15,W1,2,495,1,0.79404,-8,8.77,3.09129,-8,8.77,3.09129,0,0,0,14415,4.6716e+08,1.03891e+13,0,profile_only
L0_relaunch3,ad6bb15,W1,2,496,1,0.8718,-8.1,8.77,3.14129,-8.1,8.77,3.14129,0,0,0,14415,4.2662e+08,1.02535e+13,0,profile_only
L0_relaunch3,ad6bb15,W1,2,497,1,0.846355,-8.25,8.77,-3.0919,-8.25,8.77,-3.0919,0,0,0,14415,3.94725e+08,1.01909e+13,0,profile_only
L0_relaunch3,ad6bb15,W1,2,498,1,0.806457,-8.35,8.72,-3.0919,-8.35,8.72,-3.0919,0,0,0,14415,3.57519e+08,1.00864e+13,0,profile_only
L0_relaunch3,ad6bb15,W1,2,499,1,0.904101,-8.5,8.72,-3.0419,-8.5,8.72,-3.0419,0,0,0,14415,4.15934e+08,1.00388e+13,0,profile_only
L0_relaunch3,ad6bb15,W1,2,500,1,0.823965,-8.55,8.72,-3.0419,-8.55,8.72,-3.0419,0,0,0,14415,3.62227e+08,9.94861e+12,0,profile_only
L0_relaunch3,ad6bb15,W1,2,501,1,0.814605,-8.7,8.67,-2.9919,-8.7,8.67,-2.9919,0,0,0,14415,4.10409e+08,9.90198e+12,0,profile_only
L0_relaunch3,ad6bb15,W1,2,502,1,0.868245,-8.8,8.67,-2.9919,-8.8,8.67,-2.9919,0,0,0,14415,3.33147e+08,9.92993e+12,0,profile_only
L0_relaunch3,ad6bb15,W1,2,503,1,0.761339,-8.9,8.67,-2.9419,-8.9,8.67,-2.9419,0,0,0,14415,4.62797e+08,9.79963e+12,0,profile_only
L0_relaunch3,ad6bb15,W1,2,504,1,0.844044,-9,8.62,-2.9419,-9,8.62,-2.9419,0,0,0,14415,3.78357e+08,9.88866e+12,0,profile_only
L0_relaunch3,ad6bb15,W1,2,505,1,0.837347,-9.1,8.57,-2.8919,-9.1,8.57,-2.8919,0,0,0,14415,4.00691e+08,9.9023e+12,0,profile_only
L0_relaunch3,ad6bb15,W1,2,506,1,0.808833,-9.2,8.57,-2.8919,-9.2,8.57,-2.8919,0,0,0,14415,3.16517e+08,1.01204e+13,0,profile_only
L0_relaunch3,ad6bb15,W1,2,507,1,0.831721,-9.25,8.52,-2.8419,-9.25,8.52,-2.8419,0,0,0,14415,3.89568e+08,9.99019e+12,0,profile_only
L0_relaunch3,ad6bb15,W1,2,508,1,0.76098,-9.35,8.47,-2.8419,-9.35,8.47,-2.8419,0,0,0,14415,3.69795e+08,1.03266e+13,0,profile_only
L0_relaunch3,ad6bb15,W1,2,509,1,0.781205,-9.5,8.42,-2.7919,-9.5,8.42,-2.7919,0,0,0,14415,3.94343e+08,1.04992e+13,0,profile_only
L0_relaunch3,ad6bb15,W1,2,510,1,0.844447,-9.6,8.37,-2.7419,-9.6,8.37,-2.7419,0,0,0,14415,4.27104e+08,1.07815e+13,0,profile_only
L0_relaunch3,ad6bb15,W1,2,511,1,0.801509,-9.7,8.32,-2.6919,-9.7,8.32,-2.6919,0,0,0,14415,4.50513e+08,1.114e+13,0,profile_only
L0_relaunch3,ad6bb15,W1,2,512,1,0.746339,-9.85,8.22,-2.6419,-9.85,8.22,-2.6419,0,0,0,14415,4.82685e+08,1.15217e+13,0,profile_only
L0_relaunch3,ad6bb15,W1,2,513,1,0.810697,-10,8.17,-2.5919,-10,8.17,-2.5919,0,0,0,14415,5.01883e+08,1.18242e+13,0,profile_only
L0_relaunch3,ad6bb15,W1,2,514,1,0.840492,-10.1,8.07,-2.5419,-10.1,8.07,-2.5419,0,0,0,14415,5.05308e+08,1.18891e+13,0,profile_only
L0_relaunch3,ad6bb15,W1,2,515,1,0.802282,-10.25,7.92,-2.4919,-10.25,7.92,-2.4919,0,0,0,14415,4.65587e+08,1.20717e+13,0,profile_only
L0_relaunch3,ad6bb15,W1,2,516,1,0.834547,-10.35,7.87,-2.4419,-10.35,7.87,-2.4419,0,0,0,14415,4.657e+08,1.22085e+13,0,profile_only
L0_relaunch3,ad6bb15,W1,2,517,1,0.842569,-10.4,7.82,-2.4419,-10.4,7.82,-2.4419,0,0,0,14415,4.84826e+08,1.21908e+13,0,profile_only
L0_relaunch3,ad6bb15,W1,2,518,1,0.850318,-10.5,7.72,-2.3919,-10.5,7.72,-2.3919,0,0,0,14415,5.61177e+08,1.21681e+13,0,profile_only
L0_relaunch3,ad6bb15,W1,2,519,1,0.838704,-10.65,7.52,-2.2919,-10.65,7.52,-2.2919,0,0,0,14415,5.83455e+08,1.21763e+13,0,profile_only
L0_relaunch3,ad6bb15,W1,2,520,1,0.880414,-10.65,7.52,-2.2919,-10.65,7.52,-2.2919,0,0,0,14415,4.74845e+08,1.2219e+13,0,profile_only
L0_relaunch3,ad6bb15,W1,2,521,1,0.859565,-10.85,7.27,-2.1919,-10.85,7.27,-2.1919,0,0,0,14415,5.86316e+08,1.21453e+13,0,profile_only
L0_relaunch3,ad6bb15,W1,2,522,1,0.85533,-10.85,7.22,-2.1919,-10.85,7.22,-2.1919,0,0,0,14415,4.58687e+08,1.19589e+13,0,profile_only
L0_relaunch3,ad6bb15,W1,2,523,1,0.828897,-11,7.02,-2.0919,-11,7.02,-2.0919,0,0,0,14415,5.5004e+08,1.17967e+13,0,profile_only
L0_relaunch3,ad6bb15,W1,2,524,1,0.870828,-11.05,6.87,-2.0419,-11.05,6.87,-2.0419,0,0,0,14415,4.61514e+08,1.12533e+13,0,profile_only
L0_relaunch3,ad6bb15,W1,2,525,1,0.818287,-11.1,6.72,-1.9919,-11.1,6.72,-1.9919,0,0,0,14415,4.87105e+08,1.09723e+13,0,profile_only
L0_relaunch3,ad6bb15,W1,2,526,1,0.82506,-11.15,6.57,-1.9419,-11.15,6.57,-1.9419,0,0,0,14415,4.67176e+08,1.05003e+13,0,profile_only
L0_relaunch3,ad6bb15,W1,2,527,1,0.812809,-11.2,6.37,-1.8919,-11.2,6.37,-1.8919,0,0,0,14415,5.23068e+08,1.01725e+13,0,profile_only
L0_relaunch3,ad6bb15,W1,2,528,1,0.772683,-11.25,6.17,-1.7919,-11.25,6.17,-1.7919,0,0,0,14415,4.15154e+08,1.03492e+13,0,profile_only
L0_relaunch3,ad6bb15,W1,2,529,1,0.839546,-11.25,5.97,-1.7419,-11.25,5.97,-1.7419,0,0,0,14415,3.79964e+08,1.07208e+13,0,profile_only
L0_relaunch3,ad6bb15,W1,2,530,1,0.779548,-11.3,5.82,-1.6919,-11.3,5.82,-1.6919,0,0,0,14415,4.59684e+08,1.11368e+13,0,profile_only
L0_relaunch3,ad6bb15,W1,2,531,1,0.762296,-11.3,5.57,-1.5919,-11.3,5.57,-1.5919,0,0,0,14415,4.17989e+08,1.10752e+13,0,profile_only
L0_relaunch3,ad6bb15,W1,2,532,1,0.754569,-11.3,5.22,-1.4919,-11.3,5.22,-1.4919,0,0,0,14415,5.20314e+08,1.18522e+13,0,profile_only
L0_relaunch3,ad6bb15,W1,2,533,1,0.778172,-11.2,4.97,-1.3419,-11.2,4.97,-1.3419,0,0,0,14415,5.33324e+08,1.25438e+13,0,profile_only
L0_relaunch3,ad6bb15,W1,2,534,1,0.796131,-11.1,4.77,-1.2419,-11.1,4.77,-1.2419,0,0,0,14415,5.49628e+08,1.32806e+13,0,profile_only
L0_relaunch3,ad6bb15,W1,2,535,1,0.771449,-11,4.62,-1.0919,-11,4.62,-1.0919,0,0,0,14415,6.22795e+08,1.38623e+13,0,profile_only
L0_relaunch3,ad6bb15,W1,2,536,1,0.762444,-10.8,4.42,-0.891899,-10.8,4.42,-0.891899,0,0,0,14415,6.72284e+08,1.42532e+13,0,profile_only
L0_relaunch3,ad6bb15,W1,2,537,1,0.645285,-6.8,4.92,-0.891899,-6.8,4.92,-0.891899,0,0,0,14415,5.2102e+08,1.47157e+13,0,profile_only
L0_relaunch3,ad6bb15,W1,2,538,1,0.58893,-6.3,8.17,-0.541899,-6.3,8.17,-0.541899,0,0,0,14415,7.4846e+08,2.46626e+13,0,profile_only
L0_relaunch3,ad6bb15,W1,2,539,1,0.770926,-7.35,3.57,-0.391899,-7.35,3.57,-0.391899,0,0,0,14415,5.68002e+08,1.61535e+13,0,profile_only
L0_relaunch3,ad6bb15,W1,2,540,1,0.839124,-6.9,3.32,-0.441899,-6.9,3.32,-0.441899,0,0,0,14415,3.94849e+08,2.29642e+13,0,profile_only
L0_relaunch3,ad6bb15,W1,2,541,1,0.847865,-6.8,3.27,-0.441899,-6.8,3.27,-0.441899,0,0,0,14415,3.91126e+08,2.28645e+13,0,profile_only
L0_relaunch3,ad6bb15,W1,2,542,1,0.80246,-6.6,3.17,-0.441899,-6.6,3.17,-0.441899,0,0,0,14415,3.92063e+08,2.28681e+13,0,profile_only
L0_relaunch3,ad6bb15,W1,2,543,1,0.821497,-6.4,3.07,-0.441899,-6.4,3.07,-0.441899,0,0,0,14415,4.15575e+08,2.28243e+13,0,profile_only
L0_relaunch3,ad6bb15,W1,2,544,1,0.810191,-6.2,2.97,-0.441899,-6.2,2.97,-0.441899,0,0,0,14415,4.56697e+08,2.27436e+13,0,profile_only
L0_relaunch3,ad6bb15,W1,2,545,1,0.798659,-5.95,2.87,-0.441899,-5.95,2.87,-0.441899,0,0,0,14415,4.53716e+08,2.26048e+13,0,profile_only
L0_relaunch3,ad6bb15,W1,2,546,1,0.797566,-5.45,2.62,-0.441899,-5.45,2.62,-0.441899,0,0,0,14415,4.52899e+08,2.25283e+13,0,profile_only
L0_relaunch3,ad6bb15,W1,2,547,1,0.811663,-5.1,2.47,-0.441899,-5.1,2.47,-0.441899,0,0,0,14415,5.10818e+08,2.22519e+13,0,profile_only
L0_relaunch3,ad6bb15,W1,2,548,1,0.853661,-4.9,2.37,-0.441899,-4.9,2.37,-0.441899,0,0,0,14415,4.40896e+08,2.21541e+13,0,profile_only
L0_relaunch3,ad6bb15,W1,2,549,1,0.747844,-4.5,2.17,-0.441899,-4.5,2.17,-0.441899,0,0,0,14415,3.86106e+08,2.21542e+13,0,profile_only
L0_relaunch3,ad6bb15,W1,2,550,1,0.816938,-4,1.87,-0.491899,-4,1.87,-0.491899,0,0,0,14415,3.84199e+08,2.23151e+13,0,profile_only
L0_relaunch3,ad6bb15,W1,2,551,1,0.819002,-4,1.87,-0.541899,-4,1.87,-0.541899,0,0,0,14415,3.86054e+08,2.21459e+13,0,profile_only
L0_relaunch3,ad6bb15,W1,2,552,1,0.870069,-3.85,1.77,-0.541899,-3.85,1.77,-0.541899,0,0,0,14415,4.48275e+08,2.22886e+13,0,profile_only
L0_relaunch3,ad6bb15,W1,2,553,1,0.810535,-3.5,1.57,-0.541899,-3.5,1.57,-0.541899,0,0,0,14415,4.18556e+08,2.22937e+13,0,profile_only
L0_relaunch3,ad6bb15,W1,2,554,1,0.807107,-3.3,1.42,-0.591899,-3.3,1.42,-0.591899,0,0,0,14415,3.50415e+08,2.21276e+13,0,profile_only
L0_relaunch3,ad6bb15,W1,2,555,1,0.817968,-3.35,1.42,-0.641899,-3.35,1.42,-0.641899,0,0,0,14415,4.02197e+08,2.1913e+13,0,profile_only
L0_relaunch3,ad6bb15,W1,2,556,1,0.778248,-3.15,1.27,-0.691899,-3.15,1.27,-0.691899,0,0,0,14415,3.51146e+08,2.1993e+13,0,profile_only
L0_relaunch3,ad6bb15,W1,2,557,1,0.868386,-2.95,1.07,-0.691899,-2.95,1.07,-0.691899,0,0,0,14415,4.3573e+08,2.17629e+13,0,profile_only
L0_relaunch3,ad6bb15,W1,2,558,1,0.852254,-2.8,0.92,-0.741899,-2.8,0.92,-0.741899,0,0,0,14415,4.43527e+08,2.13804e+13,0,profile_only
L0_relaunch3,ad6bb15,W1,2,559,1,0.855453,-2.7,0.82,-0.741899,-2.7,0.82,-0.741899,0,0,0,14415,4.21529e+08,2.10688e+13,0,profile_only
L0_relaunch3,ad6bb15,W1,2,560,1,0.81499,-2.6,0.72,-0.791899,-2.6,0.72,-0.791899,0,0,0,14415,3.40614e+08,2.09992e+13,0,profile_only
L0_relaunch3,ad6bb15,W1,2,561,1,0.868872,-2.5,0.62,-0.791899,-2.5,0.62,-0.791899,0,0,0,14415,3.97283e+08,2.08676e+13,0,profile_only
L0_relaunch3,ad6bb15,W1,2,562,1,0.809896,-2.35,0.47,-0.791899,-2.35,0.47,-0.791899,0,0,0,14415,4.1381e+08,2.06544e+13,0,profile_only
L0_relaunch3,ad6bb15,W1,2,563,1,0.917549,-2.25,0.37,-0.791899,-2.25,0.37,-0.791899,0,0,0,14415,4.68133e+08,2.00837e+13,0,profile_only
L0_relaunch3,ad6bb15,W1,2,564,1,0.828507,-2.15,0.27,-0.741899,-2.15,0.27,-0.741899,0,0,0,14415,4.019e+08,1.96618e+13,0,profile_only
L0_relaunch3,ad6bb15,W1,2,565,1,0.822477,-2,0.12,-0.691899,-2,0.12,-0.691899,0,0,0,14415,4.71244e+08,1.9379e+13,0,profile_only
L0_relaunch3,ad6bb15,W1,2,566,1,0.805953,-1.75,-0.03,-0.591899,-1.75,-0.03,-0.591899,0,0,0,14415,5.46287e+08,1.89887e+13,0,profile_only
L0_relaunch3,ad6bb15,W1,2,567,1,0.872881,-1.5,-0.13,-0.491899,-1.5,-0.13,-0.491899,0,0,0,14415,4.61415e+08,1.8798e+13,0,profile_only
L0_relaunch3,ad6bb15,W1,2,568,1,0.808913,-1.4,-0.18,-0.441899,-1.4,-0.18,-0.441899,0,0,0,14415,5.34518e+08,1.88033e+13,0,profile_only
L0_relaunch3,ad6bb15,W1,2,569,1,0.823961,-1,-0.33,-0.391899,-1,-0.33,-0.391899,0,0,0,14415,4.3693e+08,1.89656e+13,0,profile_only
L0_relaunch3,ad6bb15,W1,2,570,1,0.817301,-0.75,-0.43,-0.341899,-0.75,-0.43,-0.341899,0,0,0,14415,4.76011e+08,1.87179e+13,0,profile_only
L0_relaunch3,ad6bb15,W1,2,571,1,0.774591,-0.5,-0.53,-0.341899,-0.5,-0.53,-0.341899,0,0,0,14415,4.3245e+08,1.86832e+13,0,profile_only
L0_relaunch3,ad6bb15,W1,2,572,1,0.836702,-0.2,-0.58,-0.291899,-0.2,-0.58,-0.291899,0,0,0,14415,4.46469e+08,1.84129e+13,0,profile_only
L0_relaunch3,ad6bb15,W1,2,573,1,0.833966,-2.63678e-15,-0.63,-0.241899,-2.63678e-15,-0.63,-0.241899,0,0,0,14415,4.77286e+08,1.83483e+13,0,profile_only
L0_relaunch3,ad6bb15,W1,2,574,1,0.863957,0.15,-0.68,-0.191899,0.15,-0.68,-0.191899,0,0,0,14415,3.2466e+08,1.82717e+13,0,profile_only
L0_relaunch3,ad6bb15,W1,2,575,1,0.883485,0.3,-0.68,-0.141899,0.3,-0.68,-0.141899,0,0,0,14415,2.67743e+08,1.82146e+13,0,profile_only
L0_relaunch3,ad6bb15,W1,2,576,1,0.874902,0.45,-0.68,-0.0918989,0.45,-0.68,-0.0918989,0,0,0,14415,3.29442e+08,1.82951e+13,0,profile_only
L0_relaunch3,ad6bb15,W1,2,577,1,0.860189,0.6,-0.68,-0.0418989,0.6,-0.68,-0.0418989,0,0,0,14415,4.78072e+08,1.83564e+13,0,profile_only
L0_relaunch3,ad6bb15,W1,2,578,1,0.820921,0.75,-0.68,0.00810113,0.75,-0.68,0.00810113,0,0,0,14415,4.96131e+08,1.84602e+13,0,profile_only
L0_relaunch3,ad6bb15,W1,2,579,1,0.786262,0.9,-0.68,0.0581011,0.9,-0.68,0.0581011,0,0,0,14415,4.6867e+08,1.85465e+13,0,profile_only
L0_relaunch3,ad6bb15,W1,2,580,1,0.794199,1,-0.63,0.108101,1,-0.63,0.108101,0,0,0,14415,5.15597e+08,1.86268e+13,0,profile_only
L0_relaunch3,ad6bb15,W1,2,581,1,0.769763,1.3,-0.53,0.208101,1.3,-0.53,0.208101,0,0,0,14415,5.06312e+08,1.88322e+13,0,profile_only
L0_relaunch3,ad6bb15,W1,2,582,1,0.746419,1.45,-0.48,0.258101,1.45,-0.48,0.258101,0,0,0,14415,4.54333e+08,1.9135e+13,0,profile_only
L0_relaunch3,ad6bb15,W1,2,583,1,0.836749,1.65,-0.43,0.308101,1.65,-0.43,0.308101,0,0,0,14415,4.90774e+08,1.92675e+13,0,profile_only
L0_relaunch3,ad6bb15,W1,2,584,1,0.883372,1.75,-0.38,0.358101,1.75,-0.38,0.358101,0,0,0,14415,4.84884e+08,1.93582e+13,0,profile_only
L0_relaunch3,ad6bb15,W1,2,585,1,0.867142,2,-0.28,0.458101,2,-0.28,0.458101,0,0,0,14415,5.32941e+08,1.95774e+13,0,profile_only
L0_relaunch3,ad6bb15,W1,2,586,1,0.815574,2.1,-0.18,0.508101,2.1,-0.18,0.508101,0,0,0,14415,4.67764e+08,1.9824e+13,0,profile_only
L0_relaunch3,ad6bb15,W1,2,587,1,0.814003,2.2,-0.18,0.508101,2.2,-0.18,0.508101,0,0,0,14415,4.28453e+08,2.01029e+13,0,profile_only
L0_relaunch3,ad6bb15,W1,2,588,1,0.905117,2.4,0.02,0.608101,2.4,0.02,0.608101,0,0,0,14415,6.0208e+08,2.01277e+13,0,profile_only
L0_relaunch3,ad6bb15,W1,2,589,1,0.915272,2.5,0.07,0.658101,2.5,0.07,0.658101,0,0,0,14415,4.66371e+08,2.0541e+13,0,profile_only
L0_relaunch3,ad6bb15,W1,2,590,1,0.899753,2.6,0.17,0.708101,2.6,0.17,0.708101,0,0,0,14415,4.32145e+08,2.06295e+13,0,profile_only
L0_relaunch3,ad6bb15,W1,2,591,1,0.872505,2.7,0.27,0.758101,2.7,0.27,0.758101,0,0,0,14415,4.59186e+08,2.07612e+13,0,profile_only
L0_relaunch3,ad6bb15,W1,2,592,1,0.855602,2.85,0.42,0.808101,2.85,0.42,0.808101,0,0,0,14415,5.77893e+08,2.08082e+13,0,profile_only
L0_relaunch3,ad6bb15,W1,2,593,1,0.828572,3,0.62,0.908101,3,0.62,0.908101,0,0,0,14415,5.28843e+08,2.08855e+13,0,profile_only
L0_relaunch3,ad6bb15,W1,2,594,1,0.84695,3.05,0.72,0.908101,3.05,0.72,0.908101,0,0,0,14415,3.93237e+08,2.11543e+13,0,profile_only
L0_relaunch3,ad6bb15,W1,2,595,1,0.856651,3.15,0.92,1.0081,3.15,0.92,1.0081,0,0,0,14415,5.03528e+08,2.12495e+13,0,profile_only
L0_relaunch3,ad6bb15,W1,2,596,1,0.842248,3.25,1.02,1.0581,3.25,1.02,1.0581,0,0,0,14415,4.13485e+08,2.14797e+13,0,profile_only
L0_relaunch3,ad6bb15,W1,2,597,1,0.853142,3.3,1.17,1.1081,3.3,1.17,1.1081,0,0,0,14415,4.6386e+08,2.15817e+13,0,profile_only
L0_relaunch3,ad6bb15,W1,2,598,1,0.902451,3.35,1.32,1.1581,3.35,1.32,1.1581,0,0,0,14415,4.6349e+08,2.17258e+13,0,profile_only
L0_relaunch3,ad6bb15,W1,2,599,1,0.857347,3.4,1.47,1.2081,3.4,1.47,1.2081,0,0,0,14415,4.53241e+08,2.16709e+13,0,profile_only
L0_relaunch3,ad6bb15,W1,2,600,1,0.838483,3.5,1.72,1.3081,3.5,1.72,1.3081,0,0,0,14415,4.98817e+08,2.15585e+13,0,profile_only
L0_relaunch3,ad6bb15,W1,2,601,1,0.777392,3.55,1.92,1.3581,3.55,1.92,1.3581,0,0,0,14415,4.14487e+08,2.14129e+13,0,profile_only
L0_relaunch3,ad6bb15,W1,2,602,1,0.833567,3.55,2.07,1.4081,3.55,2.07,1.4081,0,0,0,14415,4.45475e+08,2.13066e+13,0,profile_only
L0_relaunch3,ad6bb15,W1,2,603,1,0.76599,3.55,2.27,1.4581,3.55,2.27,1.4581,0,0,0,14415,4.18408e+08,2.12892e+13,0,profile_only
L0_relaunch3,ad6bb15,W1,2,604,1,0.82752,3.55,2.52,1.5581,3.55,2.52,1.5581,0,0,0,14415,5.03503e+08,2.12017e+13,0,profile_only
L0_relaunch3,ad6bb15,W1,2,605,1,0.705824,3.5,2.72,1.6081,3.5,2.72,1.6081,0,0,0,14415,4.72796e+08,2.11724e+13,0,profile_only
L0_relaunch3,ad6bb15,W1,2,606,1,0.788174,3.5,3.02,1.7081,3.5,3.02,1.7081,0,0,0,14415,5.37304e+08,2.12122e+13,0,profile_only
L0_relaunch3,ad6bb15,W1,2,607,1,0.761904,3.45,3.22,1.7581,3.45,3.22,1.7581,0,0,0,14415,4.38057e+08,2.11544e+13,0,profile_only
L0_relaunch3,ad6bb15,W1,2,608,1,0.785512,3.3,3.52,1.8581,3.3,3.52,1.8581,0,0,0,14415,5.4872e+08,2.1209e+13,0,profile_only
L0_relaunch3,ad6bb15,W1,2,609,1,0.868372,3.3,3.62,1.9081,3.3,3.62,1.9081,0,0,0,14415,5.25166e+08,2.13766e+13,0,profile_only
L0_relaunch3,ad6bb15,W1,2,610,1,0.853988,3.15,3.82,1.9581,3.15,3.82,1.9581,0,0,0,14415,4.87119e+08,2.13674e+13,0,profile_only
L0_relaunch3,ad6bb15,W1,2,611,1,0.913073,3.15,3.92,2.0081,3.15,3.92,2.0081,0,0,0,14415,5.03586e+08,2.14487e+13,0,profile_only
L0_relaunch3,ad6bb15,W1,2,612,1,0.93058,3.05,4.07,2.0581,3.05,4.07,2.0581,0,0,0,14415,5.00441e+08,2.13687e+13,0,profile_only
L0_relaunch3,ad6bb15,W1,2,613,1,0.931859,3,4.17,2.1081,3,4.17,2.1081,0,0,0,14415,5.10594e+08,2.12275e+13,0,profile_only
L0_relaunch3,ad6bb15,W1,2,614,1,0.930371,2.85,4.32,2.1581,2.85,4.32,2.1581,0,0,0,14415,4.86117e+08,2.10787e+13,0,profile_only
L0_relaunch3,ad6bb15,W1,2,615,1,0.9558,2.8,4.42,2.2081,2.8,4.42,2.2081,0,0,0,14415,5.05943e+08,2.07888e+13,0,profile_only
L0_relaunch3,ad6bb15,W1,2,616,1,0.963422,2.7,4.52,2.2581,2.7,4.52,2.2581,0,0,0,14415,5.10685e+08,2.05014e+13,0,profile_only
L0_relaunch3,ad6bb15,W1,2,617,1,0.897132,2.55,4.67,2.3081,2.55,4.67,2.3081,0,0,0,14415,4.83276e+08,2.0273e+13,0,profile_only
L0_relaunch3,ad6bb15,W1,2,618,1,0.933082,2.5,4.72,2.3581,2.5,4.72,2.3581,0,0,0,14415,5.00772e+08,1.99246e+13,0,profile_only
L0_relaunch3,ad6bb15,W1,2,619,1,0.955436,2.4,4.82,2.4081,2.4,4.82,2.4081,0,0,0,14415,4.74454e+08,1.98244e+13,0,profile_only
L0_relaunch3,ad6bb15,W1,2,620,1,0.907556,2.25,4.92,2.4581,2.25,4.92,2.4581,0,0,0,14415,4.67229e+08,1.96968e+13,0,profile_only
L0_relaunch3,ad6bb15,W1,2,621,1,0.936308,2.1,5.02,2.5081,2.1,5.02,2.5081,0,0,0,14415,5.06181e+08,1.96164e+13,0,profile_only
L0_relaunch3,ad6bb15,W1,2,622,1,0.907479,1.95,5.12,2.5581,1.95,5.12,2.5581,0,0,0,14415,4.99115e+08,1.9548e+13,0,profile_only
L0_relaunch3,ad6bb15,W1,2,623,1,0.880401,1.85,5.17,2.6081,1.85,5.17,2.6081,0,0,0,14415,5.10342e+08,1.94451e+13,0,profile_only
L0_relaunch3,ad6bb15,W1,2,624,1,0.803196,1.8,5.17,2.6581,1.8,5.17,2.6581,0,0,0,14415,4.97112e+08,1.94159e+13,0,profile_only
L0_relaunch3,ad6bb15,W1,2,625,1,0.823,1.5,5.27,2.7581,1.5,5.27,2.7581,0,0,0,14415,5.64858e+08,1.93652e+13,0,profile_only
L0_relaunch3,ad6bb15,W1,2,626,1,0.81816,1.05,5.47,2.8081,1.05,5.47,2.8081,0,0,0,14415,5.01719e+08,1.94093e+13,0,profile_only
L0_relaunch3,ad6bb15,W1,2,627,1,0.825648,0.7,5.62,2.8581,0.7,5.62,2.8581,0,0,0,14415,4.40318e+08,1.91508e+13,0,profile_only
L0_relaunch3,ad6bb15,W1,2,628,1,0.864218,0.35,5.72,2.8581,0.35,5.72,2.8581,0,0,0,14415,4.23055e+08,1.89914e+13,0,profile_only
L0_relaunch3,ad6bb15,W1,2,629,1,0.868876,0.2,5.77,2.8581,0.2,5.77,2.8581,0,0,0,14415,4.19846e+08,1.88348e+13,0,profile_only
L0_relaunch3,ad6bb15,W1,2,630,1,0.880013,0.1,5.77,2.8081,0.1,5.77,2.8081,0,0,0,14415,3.89356e+08,1.86698e+13,0,profile_only
L0_relaunch3,ad6bb15,W1,2,631,1,0.891974,-0.15,5.87,2.8081,-0.15,5.87,2.8081,0,0,0,14415,4.72764e+08,1.85794e+13,0,profile_only
L0_relaunch3,ad6bb15,W1,2,632,1,0.908335,-0.25,5.92,2.8081,-0.25,5.92,2.8081,0,0,0,14415,4.62049e+08,1.84101e+13,0,profile_only
L0_relaunch3,ad6bb15,W1,2,633,1,0.928171,-0.4,5.97,2.8081,-0.4,5.97,2.8081,0,0,0,14415,4.70566e+08,1.82914e+13,0,profile_only
L0_relaunch3,ad6bb15,W1,2,634,1,0.955444,-0.55,6.02,2.8081,-0.55,6.02,2.8081,0,0,0,14415,4.68262e+08,1.8212e+13,0,profile_only
L0_relaunch3,ad6bb15,W1,2,635,1,0.933021,-0.7,6.07,2.8081,-0.7,6.07,2.8081,0,0,0,14415,4.12378e+08,1.8154e+13,0,profile_only
L0_relaunch3,ad6bb15,W1,2,636,1,0.924728,-0.8,6.12,2.8081,-0.8,6.12,2.8081,0,0,0,14415,4.12362e+08,1.80938e+13,0,profile_only
L0_relaunch3,ad6bb15,W1,2,637,1,0.913218,-0.95,6.17,2.8081,-0.95,6.17,2.8081,0,0,0,14415,4.42014e+08,1.80285e+13,0,profile_only
L0_relaunch3,ad6bb15,W1,2,638,1,0.893606,-0.95,6.17,2.7581,-0.95,6.17,2.7581,0,0,0,14415,4.14356e+08,1.80633e+13,0,profile_only
L0_relaunch3,ad6bb15,W1,2,639,1,0.906913,-1.15,6.27,2.7581,-1.15,6.27,2.7581,0,0,0,14415,5.34354e+08,1.80426e+13,0,profile_only
L0_relaunch3,ad6bb15,W1,2,640,1,0.870748,-1.3,6.32,2.7581,-1.3,6.32,2.7581,0,0,0,14415,4.90235e+08,1.80137e+13,0,profile_only
L0_relaunch3,ad6bb15,W1,2,641,1,0.848405,-1.4,6.37,2.7081,-1.4,6.37,2.7081,0,0,0,14415,4.07543e+08,1.82532e+13,0,profile_only
L0_relaunch3,ad6bb15,W1,2,642,1,0.874336,-1.5,6.42,2.7081,-1.5,6.42,2.7081,0,0,0,14415,4.71321e+08,1.81044e+13,0,profile_only
L0_relaunch3,ad6bb15,W1,2,643,1,0.851604,-1.6,6.47,2.7081,-1.6,6.47,2.7081,0,0,0,14415,5.20085e+08,1.81627e+13,0,profile_only
L0_relaunch3,ad6bb15,W1,2,644,1,0.822942,-1.7,6.52,2.7081,-1.7,6.52,2.7081,0,0,0,14415,3.96217e+08,1.81854e+13,0,profile_only
L0_relaunch3,ad6bb15,W1,2,645,1,0.800668,-1.75,6.57,2.7081,-1.75,6.57,2.7081,0,0,0,14415,3.69835e+08,1.81376e+13,0,profile_only
L0_relaunch3,ad6bb15,W1,2,646,1,0.783367,-1.75,6.57,2.7081,-1.75,6.57,2.7081,0,0,0,14415,2.3294e+08,1.80211e+13,0,profile_only
L0_relaunch3,ad6bb15,W1,2,647,1,0.790738,-1.75,6.57,2.7081,-1.75,6.57,2.7081,0,0,0,14415,2.41529e+08,1.80442e+13,0,profile_only
L0_relaunch3,ad6bb15,W1,2,648,1,0.780635,-1.8,6.57,2.7081,-1.8,6.57,2.7081,0,0,0,14415,2.35782e+08,1.8041e+13,0,profile_only
L0_relaunch3,ad6bb15,W1,2,649,1,0.786342,-1.75,6.57,2.7081,-1.75,6.57,2.7081,0,0,0,14415,1.96482e+08,1.80516e+13,0,profile_only
L0_relaunch3,ad6bb15,W1,2,650,1,0.77412,-1.75,6.57,2.7081,-1.75,6.57,2.7081,0,0,0,14415,2.40421e+08,1.80426e+13,0,profile_only
L0_relaunch3,ad6bb15,W1,2,651,1,0.770499,-1.8,6.57,2.7081,-1.8,6.57,2.7081,0,0,0,14415,2.41404e+08,1.80423e+13,0,profile_only
L0_relaunch3,ad6bb15,W1,2,652,1,0.769302,-1.75,6.57,2.7081,-1.75,6.57,2.7081,0,0,0,14415,1.96467e+08,1.80545e+13,0,profile_only
L0_relaunch3,ad6bb15,W1,2,653,1,0.765762,-1.75,6.57,2.7081,-1.75,6.57,2.7081,0,0,0,14415,2.40394e+08,1.8044e+13,0,profile_only
L0_relaunch3,ad6bb15,W1,2,654,1,0.772632,-1.75,6.57,2.7081,-1.75,6.57,2.7081,0,0,0,14415,2.21137e+08,1.80422e+13,0,profile_only
L0_relaunch3,ad6bb15,W1,2,655,1,0.771889,-1.75,6.57,2.7081,-1.75,6.57,2.7081,0,0,0,14415,2.21156e+08,1.80454e+13,0,profile_only
L0_relaunch3,ad6bb15,W1,2,656,1,0.785388,-1.75,6.57,2.7081,-1.75,6.57,2.7081,0,0,0,14415,2.41474e+08,1.80422e+13,0,profile_only
L0_relaunch3,ad6bb15,W1,2,657,1,0.788007,-1.8,6.57,2.7081,-1.8,6.57,2.7081,0,0,0,14415,2.41494e+08,1.8042e+13,0,profile_only
L0_relaunch3,ad6bb15,W1,2,658,1,0.806501,-1.8,6.57,2.7081,-1.8,6.57,2.7081,0,0,0,14415,1.96512e+08,1.80497e+13,0,profile_only
L0_relaunch3,ad6bb15,W1,2,659,1,0.775672,-1.8,6.57,2.7081,-1.8,6.57,2.7081,0,0,0,14415,2.15738e+08,1.80529e+13,0,profile_only
L0_relaunch3,ad6bb15,W1,2,660,1,0.782623,-1.75,6.57,2.7081,-1.75,6.57,2.7081,0,0,0,14415,1.96464e+08,1.80531e+13,0,profile_only
L0_relaunch3,ad6bb15,W1,2,661,1,0.774541,-1.8,6.57,2.7081,-1.8,6.57,2.7081,0,0,0,14415,2.35792e+08,1.80457e+13,0,profile_only
L0_relaunch3,ad6bb15,W1,2,662,1,0.77614,-1.75,6.57,2.7081,-1.75,6.57,2.7081,0,0,0,14415,1.96439e+08,1.8053e+13,0,profile_only
L0_relaunch3,ad6bb15,W1,2,663,1,0.775785,-1.75,6.57,2.7081,-1.75,6.57,2.7081,0,0,0,14415,2.40363e+08,1.80443e+13,0,profile_only
L0_relaunch3,ad6bb15,W1,2,664,1,0.779859,-1.75,6.57,2.7081,-1.75,6.57,2.7081,0,0,0,14415,2.40436e+08,1.80425e+13,0,profile_only
L0_relaunch3,ad6bb15,W1,2,665,1,0.782268,-1.75,6.57,2.7081,-1.75,6.57,2.7081,0,0,0,14415,2.40369e+08,1.80391e+13,0,profile_only
L0_relaunch3,ad6bb15,W1,2,666,1,0.785953,-1.75,6.57,2.7081,-1.75,6.57,2.7081,0,0,0,14415,2.40495e+08,1.80399e+13,0,profile_only
L0_relaunch3,ad6bb15,W1,2,667,1,0.770046,-1.75,6.57,2.7081,-1.75,6.57,2.7081,0,0,0,14415,2.40373e+08,1.80447e+13,0,profile_only
L0_relaunch3,ad6bb15,W1,2,668,1,0.773764,-1.75,6.57,2.7081,-1.75,6.57,2.7081,0,0,0,14415,2.40406e+08,1.80422e+13,0,profile_only
L0_relaunch3,ad6bb15,W1,2,669,1,0.781912,-1.8,6.57,2.7081,-1.8,6.57,2.7081,0,0,0,14415,2.29329e+08,1.80428e+13,0,profile_only
L0_relaunch3,ad6bb15,W1,2,670,1,0.781669,-1.75,6.57,2.7081,-1.75,6.57,2.7081,0,0,0,14415,1.96507e+08,1.80523e+13,0,profile_only
L0_relaunch3,ad6bb15,W1,2,671,1,0.772099,-1.75,6.57,2.7081,-1.75,6.57,2.7081,0,0,0,14415,2.22174e+08,1.80439e+13,0,profile_only
L0_relaunch3,ad6bb15,W1,2,672,1,0.783011,-1.75,6.57,2.7081,-1.75,6.57,2.7081,0,0,0,14415,2.21041e+08,1.80425e+13,0,profile_only
L0_relaunch3,ad6bb15,W1,3,0,1,0.856585,-2,6.82,-3.02553,-2,6.82,-3.02553,0,0,0,14415,3.11922e+08,1.87731e+13,0,profile_only
L0_relaunch3,ad6bb15,W1,3,1,1,0.842132,-2,6.82,-3.02553,-2,6.82,-3.02553,0,0,0,14415,3.14869e+08,1.87728e+13,0,profile_only
L0_relaunch3,ad6bb15,W1,3,2,1,0.847937,-2,6.82,-3.02553,-2,6.82,-3.02553,0,0,0,14415,3.60711e+08,1.87748e+13,0,profile_only
L0_relaunch3,ad6bb15,W1,3,3,1,0.851379,-2,6.82,-3.02553,-2,6.82,-3.02553,0,0,0,14415,3.12981e+08,1.87726e+13,0,profile_only
L0_relaunch3,ad6bb15,W1,3,4,1,0.842553,-2,6.82,-3.02553,-2,6.82,-3.02553,0,0,0,14415,3.11742e+08,1.8773e+13,0,profile_only
L0_relaunch3,ad6bb15,W1,3,5,1,0.852722,-2,6.82,-3.02553,-2,6.82,-3.02553,0,0,0,14415,3.59752e+08,1.87726e+13,0,profile_only
L0_relaunch3,ad6bb15,W1,3,6,1,0.858961,-2,6.82,-3.02553,-2,6.82,-3.02553,0,0,0,14415,3.12947e+08,1.87738e+13,0,profile_only
L0_relaunch3,ad6bb15,W1,3,7,1,0.844929,-2,6.82,-3.02553,-2,6.82,-3.02553,0,0,0,14415,3.11978e+08,1.87753e+13,0,profile_only
L0_relaunch3,ad6bb15,W1,3,8,1,0.856052,-2,6.82,-3.02553,-2,6.82,-3.02553,0,0,0,14415,3.12932e+08,1.87736e+13,0,profile_only
L0_relaunch3,ad6bb15,W1,3,9,1,0.845285,-2,6.82,-3.02553,-2,6.82,-3.02553,0,0,0,14415,3.12926e+08,1.87723e+13,0,profile_only
L0_relaunch3,ad6bb15,W1,3,10,1,0.842343,-2,6.82,-3.02553,-2,6.82,-3.02553,0,0,0,14415,3.11857e+08,1.87741e+13,0,profile_only
L0_relaunch3,ad6bb15,W1,3,11,1,0.84868,-2,6.82,-3.02553,-2,6.82,-3.02553,0,0,0,14415,3.12887e+08,1.87719e+13,0,profile_only
L0_relaunch3,ad6bb15,W1,3,12,1,0.836103,-2,6.82,-3.02553,-2,6.82,-3.02553,0,0,0,14415,3.12848e+08,1.87728e+13,0,profile_only
L0_relaunch3,ad6bb15,W1,3,13,1,0.856164,-2,6.82,-3.02553,-2,6.82,-3.02553,0,0,0,14415,3.60711e+08,1.87723e+13,0,profile_only
L0_relaunch3,ad6bb15,W1,3,14,1,0.844331,-2,6.82,-3.02553,-2,6.82,-3.02553,0,0,0,14415,3.12934e+08,1.87728e+13,0,profile_only
L0_relaunch3,ad6bb15,W1,3,15,1,0.850491,-2,6.82,-3.02553,-2,6.82,-3.02553,0,0,0,14415,3.43015e+08,1.87751e+13,0,profile_only
L0_relaunch3,ad6bb15,W1,3,16,1,0.844719,-2,6.82,-3.02553,-2,6.82,-3.02553,0,0,0,14415,3.60687e+08,1.87741e+13,0,profile_only
L0_relaunch3,ad6bb15,W1,3,17,1,0.842343,-2,6.82,-3.02553,-2,6.82,-3.02553,0,0,0,14415,3.12931e+08,1.87753e+13,0,profile_only
L0_relaunch3,ad6bb15,W1,3,18,1,0.84181,-2,6.82,-3.02553,-2,6.82,-3.02553,0,0,0,14415,3.11756e+08,1.87709e+13,0,profile_only
L0_relaunch3,ad6bb15,W1,3,19,1,0.84543,-2,6.82,-3.02553,-2,6.82,-3.02553,0,0,0,14415,3.64772e+08,1.87748e+13,0,profile_only
L0_relaunch3,ad6bb15,W1,3,20,1,0.86087,-2.05,6.82,-3.02553,-2.05,6.82,-3.02553,0,0,0,14415,3.76354e+08,1.87678e+13,0,profile_only
L0_relaunch3,ad6bb15,W1,3,21,1,0.847128,-2.1,6.82,-3.02553,-2.1,6.82,-3.02553,0,0,0,14415,3.07136e+08,1.87625e+13,0,profile_only
L0_relaunch3,ad6bb15,W1,3,22,1,0.833854,-2.2,6.82,-3.02553,-2.2,6.82,-3.02553,0,0,0,14415,3.02066e+08,1.8767e+13,0,profile_only
L0_relaunch3,ad6bb15,W1,3,23,1,0.797482,-2.35,6.82,-3.02553,-2.35,6.82,-3.02553,0,0,0,14415,4.4087e+08,1.87955e+13,0,profile_only
L0_relaunch3,ad6bb15,W1,3,24,1,0.883521,-2.65,6.77,-3.02553,-2.65,6.77,-3.02553,0,0,0,14415,4.18523e+08,1.88723e+13,0,profile_only
L0_relaunch3,ad6bb15,W1,3,25,1,0.853335,-2.8,6.77,-3.02553,-2.8,6.77,-3.02553,0,0,0,14415,3.92961e+08,1.918e+13,0,profile_only
L0_relaunch3,ad6bb15,W1,3,26,1,0.897325,-3.1,6.72,-3.02553,-3.1,6.72,-3.02553,0,0,0,14415,4.02927e+08,1.92896e+13,0,profile_only
L0_relaunch3,ad6bb15,W1,3,27,1,0.93876,-3.45,6.67,-2.97553,-3.45,6.67,-2.97553,0,0,0,14415,4.20254e+08,1.96305e+13,0,profile_only
L0_relaunch3,ad6bb15,W1,3,28,1,0.893994,-3.75,6.62,-2.92553,-3.75,6.62,-2.92553,0,0,0,14415,4.29814e+08,1.98082e+13,0,profile_only
L0_relaunch3,ad6bb15,W1,3,29,1,0.833988,-4.05,6.52,-2.92553,-4.05,6.52,-2.92553,0,0,0,14415,4.11058e+08,1.96284e+13,0,profile_only
L0_relaunch3,ad6bb15,W1,3,30,1,0.817623,-4.3,6.52,-2.97553,-4.3,6.52,-2.97553,0,0,0,14415,4.542e+08,1.95473e+13,0,profile_only
L0_relaunch3,ad6bb15,W1,3,31,1,0.787862,-4.6,6.52,-3.12553,-4.6,6.52,-3.12553,0,0,0,14415,3.29018e+08,1.91189e+13,0,profile_only
L0_relaunch3,ad6bb15,W1,3,32,1,0.886285,-5.05,6.57,2.85766,-5.05,6.57,2.85766,0,0,0,14415,2.20274e+08,1.84056e+13,0,profile_only
L0_relaunch3,ad6bb15,W1,3,33,1,0.83578,-5.25,6.72,2.75766,-5.25,6.72,2.75766,0,0,0,14415,5.78425e+08,1.80032e+13,0,profile_only
L0_relaunch3,ad6bb15,W1,3,34,1,0.904907,-5.55,6.97,2.45766,-5.55,6.97,2.45766,0,0,0,14415,3.42263e+08,1.67374e+13,0,profile_only
L0_relaunch3,ad6bb15,W1,3,35,1,0.863971,-5.65,7.12,2.30766,-5.65,7.12,2.30766,0,0,0,14415,1.78925e+08,1.57809e+13,0,profile_only
L0_relaunch3,ad6bb15,W1,3,36,1,0.869177,-5.8,7.37,2.15766,-5.8,7.37,2.15766,0,0,0,14415,3.15028e+08,1.49751e+13,0,profile_only
L0_relaunch3,ad6bb15,W1,3,37,1,0.891665,-6,7.72,2.10766,-6,7.72,2.10766,0,0,0,14415,4.28019e+08,1.42012e+13,0,profile_only
L0_relaunch3,ad6bb15,W1,3,38,1,0.850944,-6.15,7.92,2.10766,-6.15,7.92,2.10766,0,0,0,14415,3.32141e+08,1.32391e+13,0,profile_only
L0_relaunch3,ad6bb15,W1,3,39,1,0.881482,-6.3,8.17,2.10766,-6.3,8.17,2.10766,0,0,0,14415,3.30464e+08,1.27163e+13,0,profile_only
L0_relaunch3,ad6bb15,W1,3,40,1,0.870813,-6.4,8.32,2.15766,-6.4,8.32,2.15766,0,0,0,14415,3.667e+08,1.20872e+13,0,profile_only
L0_relaunch3,ad6bb15,W1,3,41,1,0.879897,-6.45,8.42,2.15766,-6.45,8.42,2.15766,0,0,0,14415,3.86317e+08,1.1707e+13,0,profile_only
L0_relaunch3,ad6bb15,W1,3,42,1,0.873432,-6.6,8.57,2.30766,-6.6,8.57,2.30766,0,0,0,14415,7.01304e+08,1.1426e+13,0,profile_only
L0_relaunch3,ad6bb15,W1,3,43,1,0.907446,-6.7,8.67,2.35766,-6.7,8.67,2.35766,0,0,0,14415,6.32286e+08,1.12506e+13,0,profile_only
L0_relaunch3,ad6bb15,W1,3,44,1,0.918082,-6.9,8.77,2.50766,-6.9,8.77,2.50766,0,0,0,14415,6.86599e+08,1.10635e+13,0,profile_only
L0_relaunch3,ad6bb15,W1,3,45,1,0.863685,-7.05,8.82,2.60766,-7.05,8.82,2.60766,0,0,0,14415,4.1886e+08,1.10219e+13,0,profile_only
L0_relaunch3,ad6bb15,W1,3,46,1,0.864363,-7.1,8.87,2.65766,-7.1,8.87,2.65766,0,0,0,14415,4.97484e+08,1.10481e+13,0,profile_only
L0_relaunch3,ad6bb15,W1,3,47,1,0.928527,-7.3,8.92,2.80766,-7.3,8.92,2.80766,0,0,0,14415,6.15374e+08,1.09787e+13,0,profile_only
L0_relaunch3,ad6bb15,W1,3,48,1,0.861356,-7.45,8.92,2.90766,-7.45,8.92,2.90766,0,0,0,14415,4.1605e+08,1.09856e+13,0,profile_only
L0_relaunch3,ad6bb15,W1,3,49,1,0.83389,-7.6,8.97,3.00766,-7.6,8.97,3.00766,0,0,0,14415,4.86927e+08,1.10027e+13,0,profile_only
L0_relaunch3,ad6bb15,W1,3,50,1,0.78418,-7.75,8.92,3.10766,-7.75,8.92,3.10766,0,0,0,14415,4.60042e+08,1.07029e+13,0,profile_only
L0_relaunch3,ad6bb15,W1,3,51,1,0.797435,-7.95,8.92,-3.02553,-7.95,8.92,-3.02553,0,0,0,14415,4.31836e+08,1.06404e+13,0,profile_only
L0_relaunch3,ad6bb15,W1,3,52,1,0.781593,-8.15,8.87,-2.92553,-8.15,8.87,-2.92553,0,0,0,14415,4.14083e+08,1.04499e+13,0,profile_only
L0_relaunch3,ad6bb15,W1,3,53,1,0.792589,-8.3,8.77,-2.87553,-8.3,8.77,-2.87553,0,0,0,14415,3.91013e+08,1.0254e+13,0,profile_only
L0_relaunch3,ad6bb15,W1,3,54,1,0.806552,-8.55,8.72,-2.82553,-8.55,8.72,-2.82553,0,0,0,14415,3.69745e+08,1.03025e+13,0,profile_only
L0_relaunch3,ad6bb15,W1,3,55,1,0.833988,-8.75,8.67,-2.82553,-8.75,8.67,-2.82553,0,0,0,14415,3.15555e+08,1.02034e+13,0,profile_only
L0_relaunch3,ad6bb15,W1,3,56,1,0.887076,-8.85,8.62,-2.82553,-8.85,8.62,-2.82553,0,0,0,14415,3.34187e+08,1.00485e+13,0,profile_only
L0_relaunch3,ad6bb15,W1,3,57,1,0.82846,-9.05,8.57,-2.82553,-9.05,8.57,-2.82553,0,0,0,14415,3.72233e+08,1.01897e+13,0,profile_only
L0_relaunch3,ad6bb15,W1,3,58,1,0.807992,-9.25,8.47,-2.82553,-9.25,8.47,-2.82553,0,0,0,14415,3.50673e+08,1.02652e+13,0,profile_only
L0_relaunch3,ad6bb15,W1,3,59,1,0.763422,-9.4,8.42,-2.82553,-9.4,8.42,-2.82553,0,0,0,14415,3.75924e+08,1.05191e+13,0,profile_only
L0_relaunch3,ad6bb15,W1,3,60,1,0.758053,-9.6,8.37,-2.77553,-9.6,8.37,-2.77553,0,0,0,14415,3.77711e+08,1.09323e+13,0,profile_only
L0_relaunch3,ad6bb15,W1,3,61,1,0.833469,-9.75,8.32,-2.77553,-9.75,8.32,-2.77553,0,0,0,14415,3.52184e+08,1.14027e+13,0,profile_only
L0_relaunch3,ad6bb15,W1,3,62,1,0.826457,-9.9,8.27,-2.77553,-9.9,8.27,-2.77553,0,0,0,14415,4.01564e+08,1.16008e+13,0,profile_only
L0_relaunch3,ad6bb15,W1,3,63,1,0.770208,-10,8.22,-2.77553,-10,8.22,-2.77553,0,0,0,14415,4.94536e+08,1.15954e+13,0,profile_only
L0_relaunch3,ad6bb15,W1,3,64,1,0.867002,-10.2,8.12,-2.72553,-10.2,8.12,-2.72553,0,0,0,14415,5.22754e+08,1.16388e+13,0,profile_only
L0_relaunch3,ad6bb15,W1,3,65,1,0.821365,-10.35,8.02,-2.67553,-10.35,8.02,-2.67553,0,0,0,14415,4.81422e+08,1.16831e+13,0,profile_only
L0_relaunch3,ad6bb15,W1,3,66,1,0.861181,-10.4,8.02,-2.67553,-10.4,8.02,-2.67553,0,0,0,14415,4.29394e+08,1.16726e+13,0,profile_only
L0_relaunch3,ad6bb15,W1,3,67,1,0.893745,-10.5,7.92,-2.62553,-10.5,7.92,-2.62553,0,0,0,14415,5.42981e+08,1.16654e+13,0,profile_only
L0_relaunch3,ad6bb15,W1,3,68,1,0.874158,-10.65,7.82,-2.57553,-10.65,7.82,-2.57553,0,0,0,14415,4.74287e+08,1.16693e+13,0,profile_only
L0_relaunch3,ad6bb15,W1,3,69,1,0.862568,-10.8,7.72,-2.52553,-10.8,7.72,-2.52553,0,0,0,14415,4.55527e+08,1.15844e+13,0,profile_only
L0_relaunch3,ad6bb15,W1,3,70,1,0.934915,-10.8,7.72,-2.52553,-10.8,7.72,-2.52553,0,0,0,14415,4.89041e+08,1.14626e+13,0,profile_only
L0_relaunch3,ad6bb15,W1,3,71,1,0.906105,-10.95,7.57,-2.47553,-10.95,7.57,-2.47553,0,0,0,14415,5.38677e+08,1.14264e+13,0,profile_only
L0_relaunch3,ad6bb15,W1,3,72,1,0.914208,-11.05,7.47,-2.42553,-11.05,7.47,-2.42553,0,0,0,14415,5.10148e+08,1.13549e+13,0,profile_only
L0_relaunch3,ad6bb15,W1,3,73,1,0.885198,-11.15,7.37,-2.37553,-11.15,7.37,-2.37553,0,0,0,14415,5.03169e+08,1.12982e+13,0,profile_only
L0_relaunch3,ad6bb15,W1,3,74,1,0.892343,-11.2,7.32,-2.32553,-11.2,7.32,-2.32553,0,0,0,14415,5.20643e+08,1.11621e+13,0,profile_only
L0_relaunch3,ad6bb15,W1,3,75,1,0.843752,-11.35,7.17,-2.22553,-11.35,7.17,-2.22553,0,0,0,14415,5.34885e+08,1.09743e+13,0,profile_only
L0_relaunch3,ad6bb15,W1,3,76,1,0.846024,-11.35,7.07,-2.17553,-11.35,7.07,-2.17553,0,0,0,14415,5.68657e+08,1.08386e+13,0,profile_only
L0_relaunch3,ad6bb15,W1,3,77,1,0.817794,-11.5,6.87,-2.07553,-11.5,6.87,-2.07553,0,0,0,14415,5.08862e+08,1.08606e+13,0,profile_only
L0_relaunch3,ad6bb15,W1,3,78,1,0.834133,-11.5,6.77,-2.02553,-11.5,6.77,-2.02553,0,0,0,14415,4.74087e+08,1.06012e+13,0,profile_only
L0_relaunch3,ad6bb15,W1,3,79,1,0.829395,-11.55,6.57,-1.92553,-11.55,6.57,-1.92553,0,0,0,14415,5.61046e+08,1.04905e+13,0,profile_only
L0_relaunch3,ad6bb15,W1,3,80,1,0.7878,-11.6,6.37,-1.82553,-11.6,6.37,-1.82553,0,0,0,14415,4.9443e+08,1.06353e+13,0,profile_only
L0_relaunch3,ad6bb15,W1,3,81,1,0.758968,-11.6,6.22,-1.77553,-11.6,6.22,-1.77553,0,0,0,14415,4.30334e+08,1.06424e+13,0,profile_only
L0_relaunch3,ad6bb15,W1,3,82,1,0.821426,-11.6,6.07,-1.67553,-11.6,6.07,-1.67553,0,0,0,14415,4.38222e+08,1.07241e+13,0,profile_only
L0_relaunch3,ad6bb15,W1,3,83,1,0.808301,-11.6,5.92,-1.62553,-11.6,5.92,-1.62553,0,0,0,14415,4.02199e+08,1.08909e+13,0,profile_only
L0_relaunch3,ad6bb15,W1,3,84,1,0.769779,-11.6,5.77,-1.57553,-11.6,5.77,-1.57553,0,0,0,14415,4.60938e+08,1.09675e+13,0,profile_only
L0_relaunch3,ad6bb15,W1,3,85,1,0.807729,-11.55,5.62,-1.47553,-11.55,5.62,-1.47553,0,0,0,14415,5.30951e+08,1.09749e+13,0,profile_only
L0_relaunch3,ad6bb15,W1,3,86,1,0.731983,-11.55,5.42,-1.37553,-11.55,5.42,-1.37553,0,0,0,14415,4.85876e+08,1.13898e+13,0,profile_only
L0_relaunch3,ad6bb15,W1,3,87,1,0.72412,-11.4,5.12,-1.27553,-11.4,5.12,-1.27553,0,0,0,14415,5.0003e+08,1.1883e+13,0,profile_only
L0_relaunch3,ad6bb15,W1,3,88,1,0.780995,-11.2,4.77,-1.07553,-11.2,4.77,-1.07553,0,0,0,14415,5.96566e+08,1.28395e+13,0,profile_only
L0_relaunch3,ad6bb15,W1,3,89,1,0.770362,-11.1,4.62,-0.925528,-11.1,4.62,-0.925528,0,0,0,14415,6.30142e+08,1.37946e+13,0,profile_only
L0_relaunch3,ad6bb15,W1,3,90,1,0.698509,-10.85,4.42,-0.725528,-10.85,4.42,-0.725528,0,0,0,14415,6.45933e+08,1.40445e+13,0,profile_only
L0_relaunch3,ad6bb15,W1,3,91,1,0.602727,-6.5,4.82,-0.625528,-6.5,4.82,-0.625528,0,0,0,14415,4.47561e+08,1.43484e+13,0,profile_only
L0_relaunch3,ad6bb15,W1,3,92,1,0.760441,-8.1,3.77,-0.375528,-8.1,3.77,-0.375528,0,0,0,14415,6.06171e+08,2.41502e+13,0,profile_only
L0_relaunch3,ad6bb15,W1,3,93,1,0.817076,-7.75,3.57,-0.425528,-7.75,3.57,-0.425528,0,0,0,14415,3.75248e+08,2.23355e+13,0,profile_only
L0_relaunch3,ad6bb15,W1,3,94,1,0.822607,-7.55,3.47,-0.425528,-7.55,3.47,-0.425528,0,0,0,14415,4.03501e+08,2.28832e+13,0,profile_only
L0_relaunch3,ad6bb15,W1,3,95,1,0.797444,-7.4,3.42,-0.475528,-7.4,3.42,-0.475528,0,0,0,14415,4.08472e+08,2.30411e+13,0,profile_only
L0_relaunch3,ad6bb15,W1,3,96,1,0.862161,-7.15,3.27,-0.475528,-7.15,3.27,-0.475528,0,0,0,14415,4.58307e+08,2.30294e+13,0,profile_only
L0_relaunch3,ad6bb15,W1,3,97,1,0.873927,-7.05,3.22,-0.475528,-7.05,3.22,-0.475528,0,0,0,14415,3.97562e+08,2.30233e+13,0,profile_only
L0_relaunch3,ad6bb15,W1,3,98,1,0.868246,-6.95,3.17,-0.475528,-6.95,3.17,-0.475528,0,0,0,14415,3.96747e+08,2.30627e+13,0,profile_only
L0_relaunch3,ad6bb15,W1,3,99,1,0.795678,-6.9,3.12,-0.475528,-6.9,3.12,-0.475528,0,0,0,14415,3.99436e+08,2.30978e+13,0,profile_only
L0_relaunch3,ad6bb15,W1,3,100,1,0.873383,-6.6,2.97,-0.525528,-6.6,2.97,-0.525528,0,0,0,14415,3.84384e+08,2.31201e+13,0,profile_only
L0_relaunch3,ad6bb15,W1,3,101,1,0.884126,-6.5,2.92,-0.525528,-6.5,2.92,-0.525528,0,0,0,14415,4.23833e+08,2.30481e+13,0,profile_only
L0_relaunch3,ad6bb15,W1,3,102,1,0.841165,-6.5,2.87,-0.525528,-6.5,2.87,-0.525528,0,0,0,14415,4.03042e+08,2.30907e+13,0,profile_only
L0_relaunch3,ad6bb15,W1,3,103,1,0.797273,-6.25,2.77,-0.575528,-6.25,2.77,-0.575528,0,0,0,14415,4.43155e+08,2.30553e+13,0,profile_only
L0_relaunch3,ad6bb15,W1,3,104,1,0.9171,-6.05,2.62,-0.575528,-6.05,2.62,-0.575528,0,0,0,14415,4.2622e+08,2.29671e+13,0,profile_only
L0_relaunch3,ad6bb15,W1,3,105,1,0.842538,-5.85,2.47,-0.575528,-5.85,2.47,-0.575528,0,0,0,14415,4.4493e+08,2.28252e+13,0,profile_only
L0_relaunch3,ad6bb15,W1,3,106,1,0.794345,-5.7,2.37,-0.575528,-5.7,2.37,-0.575528,0,0,0,14415,4.37342e+08,2.26766e+13,0,profile_only
L0_relaunch3,ad6bb15,W1,3,107,1,0.860467,-5.4,2.17,-0.625528,-5.4,2.17,-0.625528,0,0,0,14415,3.94314e+08,2.26316e+13,0,profile_only
L0_relaunch3,ad6bb15,W1,3,108,1,0.779315,-5.25,2.07,-0.625528,-5.25,2.07,-0.625528,0,0,0,14415,4.74035e+08,2.24337e+13,0,profile_only
L0_relaunch3,ad6bb15,W1,3,109,1,0.835168,-4.95,1.82,-0.625528,-4.95,1.82,-0.625528,0,0,0,14415,4.60369e+08,2.2562e+13,0,profile_only
L0_relaunch3,ad6bb15,W1,3,110,1,0.789581,-4.8,1.72,-0.625528,-4.8,1.72,-0.625528,0,0,0,14415,4.23254e+08,2.23384e+13,0,profile_only
L0_relaunch3,ad6bb15,W1,3,111,1,0.772734,-4.6,1.57,-0.625528,-4.6,1.57,-0.625528,0,0,0,14415,4.64465e+08,2.24709e+13,0,profile_only
L0_relaunch3,ad6bb15,W1,3,112,1,0.804647,-4.15,1.32,-0.525528,-4.15,1.32,-0.525528,0,0,0,14415,4.86403e+08,2.2578e+13,0,profile_only
L0_relaunch3,ad6bb15,W1,3,113,1,0.787158,-3.95,1.22,-0.475528,-3.95,1.22,-0.475528,0,0,0,14415,4.77383e+08,2.24889e+13,0,profile_only
L0_relaunch3,ad6bb15,W1,3,114,1,0.820569,-4.05,1.27,-0.475528,-4.05,1.27,-0.475528,0,0,0,14415,3.94101e+08,2.24684e+13,0,profile_only
L0_relaunch3,ad6bb15,W1,3,115,1,0.874223,-3.9,1.22,-0.425528,-3.9,1.22,-0.425528,0,0,0,14415,4.29671e+08,2.25339e+13,0,profile_only
L0_relaunch3,ad6bb15,W1,3,116,1,0.821393,-3.75,1.17,-0.425528,-3.75,1.17,-0.425528,0,0,0,14415,4.84241e+08,2.24066e+13,0,profile_only
L0_relaunch3,ad6bb15,W1,3,117,1,0.833988,-3.65,1.12,-0.425528,-3.65,1.12,-0.425528,0,0,0,14415,4.75474e+08,2.20535e+13,0,profile_only
L0_relaunch3,ad6bb15,W1,3,118,1,0.891974,-3.5,1.07,-0.425528,-3.5,1.07,-0.425528,0,0,0,14415,3.83896e+08,2.17093e+13,0,profile_only
L0_relaunch3,ad6bb15,W1,3,119,1,0.864087,-3.35,0.97,-0.425528,-3.35,0.97,-0.425528,0,0,0,14415,3.35821e+08,2.14393e+13,0,profile_only
L0_relaunch3,ad6bb15,W1,3,120,1,0.888807,-3.25,0.92,-0.475528,-3.25,0.92,-0.475528,0,0,0,14415,2.95625e+08,2.11969e+13,0,profile_only
L0_relaunch3,ad6bb15,W1,3,121,1,0.81606,-3.15,0.87,-0.525528,-3.15,0.87,-0.525528,0,0,0,14415,3.10991e+08,2.10536e+13,0,profile_only
L0_relaunch3,ad6bb15,W1,3,122,1,0.858559,-2.95,0.72,-0.575528,-2.95,0.72,-0.575528,0,0,0,14415,3.7694e+08,2.10603e+13,0,profile_only
L0_relaunch3,ad6bb15,W1,3,123,1,0.861356,-2.8,0.62,-0.575528,-2.8,0.62,-0.575528,0,0,0,14415,4.59785e+08,2.08282e+13,0,profile_only
L0_relaunch3,ad6bb15,W1,3,124,1,0.828021,-2.65,0.52,-0.575528,-2.65,0.52,-0.575528,0,0,0,14415,4.87117e+08,2.08955e+13,0,profile_only
L0_relaunch3,ad6bb15,W1,3,125,1,0.73411,-2.5,0.42,-0.575528,-2.5,0.42,-0.575528,0,0,0,14415,4.0419e+08,2.07634e+13,0,profile_only
L0_relaunch3,ad6bb15,W1,3,126,1,0.777552,-2.3,0.27,-0.625528,-2.3,0.27,-0.625528,0,0,0,14415,3.69651e+08,2.06137e+13,0,profile_only
L0_relaunch3,ad6bb15,W1,3,127,1,0.783,-2,0.07,-0.575528,-2,0.07,-0.575528,0,0,0,14415,4.66053e+08,1.97305e+13,0,profile_only
L0_relaunch3,ad6bb15,W1,3,128,1,0.80665,-1.75,-0.08,-0.525528,-1.75,-0.08,-0.525528,0,0,0,14415,4.49033e+08,1.92395e+13,0,profile_only
L0_relaunch3,ad6bb15,W1,3,129,1,0.852965,-1.35,-0.28,-0.425528,-1.35,-0.28,-0.425528,0,0,0,14415,3.841e+08,1.89299e+13,0,profile_only
L0_relaunch3,ad6bb15,W1,3,130,1,0.837525,-1.2,-0.33,-0.375528,-1.2,-0.33,-0.375528,0,0,0,14415,5.64288e+08,1.87334e+13,0,profile_only
L0_relaunch3,ad6bb15,W1,3,131,1,0.784858,-1,-0.38,-0.325528,-1,-0.38,-0.325528,0,0,0,14415,5.48767e+08,1.87069e+13,0,profile_only
L0_relaunch3,ad6bb15,W1,3,132,1,0.849925,-0.6,-0.48,-0.225528,-0.6,-0.48,-0.225528,0,0,0,14415,6.04945e+08,1.86687e+13,0,profile_only
L0_relaunch3,ad6bb15,W1,3,133,1,0.786654,-0.4,-0.48,-0.175528,-0.4,-0.48,-0.175528,0,0,0,14415,4.3358e+08,1.864e+13,0,profile_only
L0_relaunch3,ad6bb15,W1,3,134,1,0.770028,-0.05,-0.53,-0.0755283,-0.05,-0.53,-0.0755283,0,0,0,14415,3.85823e+08,1.87019e+13,0,profile_only
L0_relaunch3,ad6bb15,W1,3,135,1,0.787894,0.1,-0.53,-0.0255283,0.1,-0.53,-0.0255283,0,0,0,14415,2.79766e+08,1.8783e+13,0,profile_only
L0_relaunch3,ad6bb15,W1,3,136,1,0.721547,0.3,-0.53,0.0244717,0.3,-0.53,0.0244717,0,0,0,14415,3.07217e+08,1.88552e+13,0,profile_only
L0_relaunch3,ad6bb15,W1,3,137,1,0.685259,0.45,-0.53,0.0744717,0.45,-0.53,0.0744717,0,0,0,14415,4.31821e+08,1.88947e+13,0,profile_only
L0_relaunch3,ad6bb15,W1,3,138,1,0.856455,0.7,-0.48,0.124472,0.7,-0.48,0.124472,0,0,0,14415,4.71536e+08,1.8969e+13,0,profile_only
L0_relaunch3,ad6bb15,W1,3,139,1,0.763567,0.85,-0.43,0.174472,0.85,-0.43,0.174472,0,0,0,14415,4.81211e+08,1.90643e+13,0,profile_only
L0_relaunch3,ad6bb15,W1,3,140,1,0.690385,1.05,-0.38,0.224472,1.05,-0.38,0.224472,0,0,0,14415,4.47335e+08,1.92442e+13,0,profile_only
L0_relaunch3,ad6bb15,W1,3,141,1,0.756627,1.25,-0.33,0.224472,1.25,-0.33,0.224472,0,0,0,14415,4.64245e+08,1.93897e+13,0,profile_only
L0_relaunch3,ad6bb15,W1,3,142,1,0.855098,1.4,-0.28,0.274472,1.4,-0.28,0.274472,0,0,0,14415,4.89657e+08,1.93744e+13,0,profile_only
L0_relaunch3,ad6bb15,W1,3,143,1,0.790245,1.6,-0.18,0.324472,1.6,-0.18,0.324472,0,0,0,14415,4.55895e+08,1.9521e+13,0,profile_only
L0_relaunch3,ad6bb15,W1,3,144,1,0.900542,1.7,-0.18,0.324472,1.7,-0.18,0.324472,0,0,0,14415,4.77863e+08,1.97196e+13,0,profile_only
L0_relaunch3,ad6bb15,W1,3,145,1,0.872932,1.9,-0.08,0.374472,1.9,-0.08,0.374472,0,0,0,14415,4.63527e+08,1.97099e+13,0,profile_only
L0_relaunch3,ad6bb15,W1,3,146,1,0.871118,1.95,-0.08,0.374472,1.95,-0.08,0.374472,0,0,0,14415,4.39089e+08,1.98732e+13,0,profile_only
L0_relaunch3,ad6bb15,W1,3,147,1,0.854387,2.1,0.02,0.424472,2.1,0.02,0.424472,0,0,0,14415,4.56607e+08,1.99158e+13,0,profile_only
L0_relaunch3,ad6bb15,W1,3,148,1,0.893559,2.3,0.12,0.474472,2.3,0.12,0.474472,0,0,0,14415,4.74023e+08,2.01834e+13,0,profile_only
L0_relaunch3,ad6bb15,W1,3,149,1,0.848307,2.4,0.17,0.474472,2.4,0.17,0.474472,0,0,0,14415,4.40224e+08,2.03734e+13,0,profile_only
L0_relaunch3,ad6bb15,W1,3,150,1,0.900655,2.55,0.27,0.524472,2.55,0.27,0.524472,0,0,0,14415,4.4224e+08,2.04688e+13,0,profile_only
L0_relaunch3,ad6bb15,W1,3,151,1,0.908382,2.65,0.32,0.574472,2.65,0.32,0.574472,0,0,0,14415,4.62321e+08,2.06347e+13,0,profile_only
L0_relaunch3,ad6bb15,W1,3,152,1,0.851379,2.8,0.47,0.624472,2.8,0.47,0.624472,0,0,0,14415,4.54823e+08,2.07032e+13,0,profile_only
L0_relaunch3,ad6bb15,W1,3,153,1,0.925519,2.9,0.52,0.674472,2.9,0.52,0.674472,0,0,0,14415,4.63076e+08,2.08058e+13,0,profile_only
L0_relaunch3,ad6bb15,W1,3,154,1,0.922287,3,0.62,0.724472,3,0.62,0.724472,0,0,0,14415,4.797e+08,2.0796e+13,0,profile_only
L0_relaunch3,ad6bb15,W1,3,155,1,0.866126,3.05,0.67,0.774472,3.05,0.67,0.774472,0,0,0,14415,5.10972e+08,2.08653e+13,0,profile_only
L0_relaunch3,ad6bb15,W1,3,156,1,0.909434,3.15,0.82,0.874472,3.15,0.82,0.874472,0,0,0,14415,5.20031e+08,2.08996e+13,0,profile_only
L0_relaunch3,ad6bb15,W1,3,157,1,0.830219,3.2,0.92,0.924472,3.2,0.92,0.924472,0,0,0,14415,5.20754e+08,2.11486e+13,0,profile_only
L0_relaunch3,ad6bb15,W1,3,158,1,0.825662,3.3,1.07,1.02447,3.3,1.07,1.02447,0,0,0,14415,5.55279e+08,2.13517e+13,0,profile_only
L0_relaunch3,ad6bb15,W1,3,159,1,0.853469,3.35,1.22,1.12447,3.35,1.22,1.12447,0,0,0,14415,5.18907e+08,2.16053e+13,0,profile_only
L0_relaunch3,ad6bb15,W1,3,160,1,0.802075,3.4,1.42,1.22447,3.4,1.42,1.22447,0,0,0,14415,5.40974e+08,2.16846e+13,0,profile_only
L0_relaunch3,ad6bb15,W1,3,161,1,0.831579,3.45,1.62,1.32447,3.45,1.62,1.32447,0,0,0,14415,5.20876e+08,2.15929e+13,0,profile_only
L0_relaunch3,ad6bb15,W1,3,162,1,0.8357,3.45,1.77,1.42447,3.45,1.77,1.42447,0,0,0,14415,5.41818e+08,2.15058e+13,0,profile_only
L0_relaunch3,ad6bb15,W1,3,163,1,0.785475,3.5,1.97,1.52447,3.5,1.97,1.52447,0,0,0,14415,5.24261e+08,2.15041e+13,0,profile_only
L0_relaunch3,ad6bb15,W1,3,164,1,0.733827,3.5,2.17,1.62447,3.5,2.17,1.62447,0,0,0,14415,4.70852e+08,2.13577e+13,0,profile_only
L0_relaunch3,ad6bb15,W1,3,165,1,0.830186,3.4,2.37,1.72447,3.4,2.37,1.72447,0,0,0,14415,5.16474e+08,2.12151e+13,0,profile_only
L0_relaunch3,ad6bb15,W1,3,166,1,0.803675,3.35,2.47,1.77447,3.35,2.47,1.77447,0,0,0,14415,4.77553e+08,2.13657e+13,0,profile_only
L0_relaunch3,ad6bb15,W1,3,167,1,0.740433,3.3,2.62,1.82447,3.3,2.62,1.82447,0,0,0,14415,4.7164e+08,2.13794e+13,0,profile_only
L0_relaunch3,ad6bb15,W1,3,168,1,0.760788,3.25,2.82,1.92447,3.25,2.82,1.92447,0,0,0,14415,4.81516e+08,2.1343e+13,0,profile_only
L0_relaunch3,ad6bb15,W1,3,169,1,0.830219,3.2,2.92,1.97447,3.2,2.92,1.97447,0,0,0,14415,4.7265e+08,2.12951e+13,0,profile_only
L0_relaunch3,ad6bb15,W1,3,170,1,0.821897,3.1,3.07,2.02447,3.1,3.07,2.02447,0,0,0,14415,4.11246e+08,2.12833e+13,0,profile_only
L0_relaunch3,ad6bb15,W1,3,171,1,0.750873,3,3.22,2.07447,3,3.22,2.07447,0,0,0,14415,4.31881e+08,2.13243e+13,0,profile_only
L0_relaunch3,ad6bb15,W1,3,172,1,0.847313,2.85,3.37,2.12447,2.85,3.37,2.12447,0,0,0,14415,4.96217e+08,2.1336e+13,0,profile_only
L0_relaunch3,ad6bb15,W1,3,173,1,0.785137,2.8,3.47,2.17447,2.8,3.47,2.17447,0,0,0,14415,4.79252e+08,2.14138e+13,0,profile_only
L0_relaunch3,ad6bb15,W1,3,174,1,0.894208,2.65,3.62,2.22447,2.65,3.62,2.22447,0,0,0,14415,4.69183e+08,2.13659e+13,0,profile_only
L0_relaunch3,ad6bb15,W1,3,175,1,0.823529,2.6,3.72,2.27447,2.6,3.72,2.27447,0,0,0,14415,4.72945e+08,2.13691e+13,0,profile_only
L0_relaunch3,ad6bb15,W1,3,176,1,0.924986,2.55,3.77,2.32447,2.55,3.77,2.32447,0,0,0,14415,5.06441e+08,2.12077e+13,0,profile_only
L0_relaunch3,ad6bb15,W1,3,177,1,0.813281,2.5,3.77,2.32447,2.5,3.77,2.32447,0,0,0,14415,4.69975e+08,2.11108e+13,0,profile_only
L0_relaunch3,ad6bb15,W1,3,178,1,0.804829,2.35,3.92,2.37447,2.35,3.92,2.37447,0,0,0,14415,5.41265e+08,2.08289e+13,0,profile_only
L0_relaunch3,ad6bb15,W1,3,179,1,0.936304,2.05,4.17,2.42447,2.05,4.17,2.42447,0,0,0,14415,5.22347e+08,2.05207e+13,0,profile_only
L0_relaunch3,ad6bb15,W1,3,180,1,0.910664,2,4.22,2.42447,2,4.22,2.42447,0,0,0,14415,4.85296e+08,2.02958e+13,0,profile_only
L0_relaunch3,ad6bb15,W1,3,181,1,0.933134,1.8,4.42,2.47447,1.8,4.42,2.47447,0,0,0,14415,4.70702e+08,2.02476e+13,0,profile_only
L0_relaunch3,ad6bb15,W1,3,182,1,0.946763,1.65,4.52,2.47447,1.65,4.52,2.47447,0,0,0,14415,3.94245e+08,1.99782e+13,0,profile_only
L0_relaunch3,ad6bb15,W1,3,183,1,0.895115,1.6,4.57,2.47447,1.6,4.57,2.47447,0,0,0,14415,4.36622e+08,1.98779e+13,0,profile_only
L0_relaunch3,ad6bb15,W1,3,184,1,0.854808,1.25,4.82,2.52447,1.25,4.82,2.52447,0,0,0,14415,4.64975e+08,1.98279e+13,0,profile_only
L0_relaunch3,ad6bb15,W1,3,185,1,0.893512,1,4.97,2.52447,1,4.97,2.52447,0,0,0,14415,4.67707e+08,1.9575e+13,0,profile_only
L0_relaunch3,ad6bb15,W1,3,186,1,0.828365,0.95,5.02,2.52447,0.95,5.02,2.52447,0,0,0,14415,4.79042e+08,1.93497e+13,0,profile_only
L0_relaunch3,ad6bb15,W1,3,187,1,0.891832,0.45,5.32,2.57447,0.45,5.32,2.57447,0,0,0,14415,5.5343e+08,1.92886e+13,0,profile_only
L0_relaunch3,ad6bb15,W1,3,188,1,0.885284,0.15,5.52,2.62447,0.15,5.52,2.62447,0,0,0,14415,4.97162e+08,1.88413e+13,0,profile_only
L0_relaunch3,ad6bb15,W1,3,189,1,0.950369,0.05,5.57,2.62447,0.05,5.57,2.62447,0,0,0,14415,4.29058e+08,1.84618e+13,0,profile_only
L0_relaunch3,ad6bb15,W1,3,190,1,0.937436,-0.15,5.67,2.62447,-0.15,5.67,2.62447,0,0,0,14415,4.46452e+08,1.8388e+13,0,profile_only
L0_relaunch3,ad6bb15,W1,3,191,1,0.918391,-0.2,5.72,2.62447,-0.2,5.72,2.62447,0,0,0,14415,4.11055e+08,1.82037e+13,0,profile_only
L0_relaunch3,ad6bb15,W1,3,192,1,0.951193,-0.5,5.87,2.67447,-0.5,5.87,2.67447,0,0,0,14415,4.53995e+08,1.80984e+13,0,profile_only
L0_relaunch3,ad6bb15,W1,3,193,1,0.953601,-0.6,5.92,2.67447,-0.6,5.92,2.67447,0,0,0,14415,4.30745e+08,1.79718e+13,0,profile_only
L0_relaunch3,ad6bb15,W1,3,194,1,0.921623,-0.7,5.97,2.67447,-0.7,5.97,2.67447,0,0,0,14415,4.63963e+08,1.78529e+13,0,profile_only
L0_relaunch3,ad6bb15,W1,3,195,1,0.933119,-0.9,6.07,2.72447,-0.9,6.07,2.72447,0,0,0,14415,5.45228e+08,1.77048e+13,0,profile_only
L0_relaunch3,ad6bb15,W1,3,196,1,0.902353,-0.95,6.07,2.72447,-0.95,6.07,2.72447,0,0,0,14415,4.72601e+08,1.76537e+13,0,profile_only
L0_relaunch3,ad6bb15,W1,3,197,1,0.91202,-1.1,6.12,2.77447,-1.1,6.12,2.77447,0,0,0,14415,5.71576e+08,1.76074e+13,0,profile_only
L0_relaunch3,ad6bb15,W1,3,198,1,0.936642,-1.25,6.17,2.82447,-1.25,6.17,2.82447,0,0,0,14415,5.67006e+08,1.76652e+13,0,profile_only
L0_relaunch3,ad6bb15,W1,3,199,1,0.880158,-1.3,6.17,2.82447,-1.3,6.17,2.82447,0,0,0,14415,5.42558e+08,1.77093e+13,0,profile_only
L0_relaunch3,ad6bb15,W1,3,200,1,0.885556,-1.5,6.22,2.87447,-1.5,6.22,2.87447,0,0,0,14415,5.58247e+08,1.76641e+13,0,profile_only
L0_relaunch3,ad6bb15,W1,3,201,1,0.850476,-1.7,6.27,2.97447,-1.7,6.27,2.97447,0,0,0,14415,5.44342e+08,1.77313e+13,0,profile_only
L0_relaunch3,ad6bb15,W1,3,202,1,0.91181,-1.8,6.27,2.97447,-1.8,6.27,2.97447,0,0,0,14415,2.42607e+08,1.79558e+13,0,profile_only
L0_relaunch3,ad6bb15,W1,3,203,1,0.81737,-1.9,6.27,2.97447,-1.9,6.27,2.97447,0,0,0,14415,2.78811e+08,1.79499e+13,0,profile_only
L0_relaunch3,ad6bb15,W1,3,204,1,0.804208,-2.05,6.27,3.02447,-2.05,6.27,3.02447,0,0,0,14415,3.91068e+08,1.79334e+13,0,profile_only
L0_relaunch3,ad6bb15,W1,3,205,1,0.815846,-2.3,6.32,3.12447,-2.3,6.32,3.12447,0,0,0,14415,3.70664e+08,1.81862e+13,0,profile_only
L0_relaunch3,ad6bb15,W1,3,206,1,0.828648,-2.35,6.32,3.12447,-2.35,6.32,3.12447,0,0,0,14415,3.79963e+08,1.84859e+13,0,profile_only
L0_relaunch3,ad6bb15,W1,3,207,1,0.831253,-2.5,6.32,-3.10871,-2.5,6.32,-3.10871,0,0,0,14415,4.62115e+08,1.84979e+13,0,profile_only
L0_relaunch3,ad6bb15,W1,3,208,1,0.883891,-2.75,6.27,-3.05871,-2.75,6.27,-3.05871,0,0,0,14415,4.12355e+08,1.87856e+13,0,profile_only
L0_relaunch3,ad6bb15,W1,3,209,1,0.905037,-2.9,6.27,-3.00871,-2.9,6.27,-3.00871,0,0,0,14415,3.72974e+08,1.93197e+13,0,profile_only
L0_relaunch3,ad6bb15,W1,3,210,1,0.87652,-3.1,6.22,-3.00871,-3.1,6.22,-3.00871,0,0,0,14415,3.98311e+08,1.95735e+13,0,profile_only
L0_relaunch3,ad6bb15,W1,3,211,1,0.871945,-3.2,6.22,-2.95871,-3.2,6.22,-2.95871,0,0,0,14415,4.23708e+08,1.98456e+13,0,profile_only
L0_relaunch3,ad6bb15,W1,3,212,1,0.863862,-3.35,6.17,-2.95871,-3.35,6.17,-2.95871,0,0,0,14415,3.23377e+08,2.00848e+13,0,profile_only
L0_relaunch3,ad6bb15,W1,3,213,1,0.812646,-3.5,6.17,-2.95871,-3.5,6.17,-2.95871,0,0,0,14415,3.03076e+08,2.02568e+13,0,profile_only
L0_relaunch3,ad6bb15,W1,3,214,1,0.812472,-3.7,6.12,-2.95871,-3.7,6.12,-2.95871,0,0,0,14415,3.11259e+08,2.02156e+13,0,profile_only
L0_relaunch3,ad6bb15,W1,3,215,1,0.842455,-3.85,6.12,-3.00871,-3.85,6.12,-3.00871,0,0,0,14415,2.63424e+08,2.03525e+13,0,profile_only
L0_relaunch3,ad6bb15,W1,3,216,1,0.795563,-4.05,6.07,-3.05871,-4.05,6.07,-3.05871,0,0,0,14415,2.9322e+08,2.0089e+13,0,profile_only
L0_relaunch3,ad6bb15,W1,3,217,1,0.837558,-4.2,6.12,-3.10871,-4.2,6.12,-3.10871,0,0,0,14415,5.58072e+08,2.0086e+13,0,profile_only
L0_relaunch3,ad6bb15,W1,3,218,1,0.795077,-4.25,6.12,-3.10871,-4.25,6.12,-3.10871,0,0,0,14415,4.18199e+08,1.97138e+13,0,profile_only
L0_relaunch3,ad6bb15,W1,3,219,1,0.811533,-4.35,6.12,3.12447,-4.35,6.12,3.12447,0,0,0,14415,4.60709e+08,1.96746e+13,0,profile_only
L0_relaunch3,ad6bb15,W1,3,220,1,0.814086,-4.6,6.17,3.02447,-4.6,6.17,3.02447,0,0,0,14415,5.05178e+08,1.94811e+13,0,profile_only
L0_relaunch3,ad6bb15,W1,3,221,1,0.825826,-4.7,6.17,2.97447,-4.7,6.17,2.97447,0,0,0,14415,4.44462e+08,1.90106e+13,0,profile_only
L0_relaunch3,ad6bb15,W1,3,222,1,0.844044,-4.8,6.22,2.92447,-4.8,6.22,2.92447,0,0,0,14415,4.05892e+08,1.89294e+13,0,profile_only
L0_relaunch3,ad6bb15,W1,3,223,1,0.822053,-4.85,6.27,2.87447,-4.85,6.27,2.87447,0,0,0,14415,4.28389e+08,1.86743e+13,0,profile_only
L0_relaunch3,ad6bb15,W1,3,224,1,0.868713,-5,6.32,2.77447,-5,6.32,2.77447,0,0,0,14415,4.73037e+08,1.84049e+13,0,profile_only
L0_relaunch3,ad6bb15,W1,3,225,1,0.868078,-5.1,6.42,2.72447,-5.1,6.42,2.72447,0,0,0,14415,5.2069e+08,1.82392e+13,0,profile_only
L0_relaunch3,ad6bb15,W1,3,226,1,0.821298,-5.2,6.42,2.62447,-5.2,6.42,2.62447,0,0,0,14415,6.69014e+08,1.79017e+13,0,profile_only
L0_relaunch3,ad6bb15,W1,3,227,1,0.852315,-5.35,6.62,2.52447,-5.35,6.62,2.52447,0,0,0,14415,6.27445e+08,1.78013e+13,0,profile_only
L0_relaunch3,ad6bb15,W1,3,228,1,0.831743,-5.45,6.62,2.42447,-5.45,6.62,2.42447,0,0,0,14415,5.34095e+08,1.71364e+13,0,profile_only
L0_relaunch3,ad6bb15,W1,3,229,1,0.857412,-5.55,6.77,2.32447,-5.55,6.77,2.32447,0,0,0,14415,5.21377e+08,1.69735e+13,0,profile_only
L0_relaunch3,ad6bb15,W1,3,230,1,0.886848,-5.7,7.02,2.27447,-5.7,7.02,2.27447,0,0,0,14415,4.2551e+08,1.63186e+13,0,profile_only
L0_relaunch3,ad6bb15,W1,3,231,1,0.877212,-5.75,7.12,2.22447,-5.75,7.12,2.22447,0,0,0,14415,4.27694e+08,1.54326e+13,0,profile_only
L0_relaunch3,ad6bb15,W1,3,232,1,0.894139,-5.85,7.27,2.12447,-5.85,7.27,2.12447,0,0,0,14415,3.62389e+08,1.49287e+13,0,profile_only
L0_relaunch3,ad6bb15,W1,3,233,1,0.85668,-5.95,7.47,2.12447,-5.95,7.47,2.12447,0,0,0,14415,4.01965e+08,1.44752e+13,0,profile_only
L0_relaunch3,ad6bb15,W1,3,234,1,0.931581,-6.05,7.67,2.07447,-6.05,7.67,2.07447,0,0,0,14415,2.87114e+08,1.3805e+13,0,profile_only
L0_relaunch3,ad6bb15,W1,3,235,1,0.876403,-6.1,7.77,2.07447,-6.1,7.77,2.07447,0,0,0,14415,4.36713e+08,1.33017e+13,0,profile_only
L0_relaunch3,ad6bb15,W1,3,236,1,0.88187,-6.2,7.92,2.07447,-6.2,7.92,2.07447,0,0,0,14415,3.20613e+08,1.30267e+13,0,profile_only
L0_relaunch3,ad6bb15,W1,3,237,1,0.882581,-6.25,8.02,2.07447,-6.25,8.02,2.07447,0,0,0,14415,3.66505e+08,1.26406e+13,0,profile_only
L0_relaunch3,ad6bb15,W1,3,238,1,0.858479,-6.3,8.12,2.07447,-6.3,8.12,2.07447,0,0,0,14415,3.48027e+08,1.24185e+13,0,profile_only
L0_relaunch3,ad6bb15,W1,3,239,1,0.885814,-6.4,8.27,2.07447,-6.4,8.27,2.07447,0,0,0,14415,3.84902e+08,1.21789e+13,0,profile_only
L0_relaunch3,ad6bb15,W1,3,240,1,0.888045,-6.4,8.32,2.07447,-6.4,8.32,2.07447,0,0,0,14415,4.26572e+08,1.17841e+13,0,profile_only
L0_relaunch3,ad6bb15,W1,3,241,1,0.920636,-6.5,8.47,2.12447,-6.5,8.47,2.12447,0,0,0,14415,4.71488e+08,1.16727e+13,0,profile_only
L0_relaunch3,ad6bb15,W1,3,242,1,0.908092,-6.55,8.52,2.12447,-6.55,8.52,2.12447,0,0,0,14415,4.70748e+08,1.13231e+13,0,profile_only
L0_relaunch3,ad6bb15,W1,3,243,1,0.916805,-6.6,8.62,2.17447,-6.6,8.62,2.17447,0,0,0,14415,5.27979e+08,1.1227e+13,0,profile_only
L0_relaunch3,ad6bb15,W1,3,244,1,0.92746,-6.7,8.72,2.22447,-6.7,8.72,2.22447,0,0,0,14415,5.08938e+08,1.10381e+13,0,profile_only
L0_relaunch3,ad6bb15,W1,3,245,1,0.924195,-6.75,8.77,2.27447,-6.75,8.77,2.27447,0,0,0,14415,4.47355e+08,1.08019e+13,0,profile_only
L0_relaunch3,ad6bb15,W1,3,246,1,0.89563,-6.8,8.82,2.32447,-6.8,8.82,2.32447,0,0,0,14415,4.228e+08,1.07407e+13,0,profile_only
L0_relaunch3,ad6bb15,W1,3,247,1,0.871669,-6.85,8.82,2.37447,-6.85,8.82,2.37447,0,0,0,14415,4.8695e+08,1.06531e+13,0,profile_only
L0_relaunch3,ad6bb15,W1,3,248,1,0.904148,-7,8.92,2.52447,-7,8.92,2.52447,0,0,0,14415,5.96143e+08,1.0752e+13,0,profile_only
L0_relaunch3,ad6bb15,W1,3,249,1,0.930725,-7.05,8.92,2.57447,-7.05,8.92,2.57447,0,0,0,14415,3.47439e+08,1.06808e+13,0,profile_only
L0_relaunch3,ad6bb15,W1,3,250,1,0.89883,-7.2,8.97,2.67447,-7.2,8.97,2.67447,0,0,0,14415,4.98586e+08,1.07922e+13,0,profile_only
L0_relaunch3,ad6bb15,W1,3,251,1,0.902726,-7.25,8.97,2.72447,-7.25,8.97,2.72447,0,0,0,14415,3.93404e+08,1.07426e+13,0,profile_only
L0_relaunch3,ad6bb15,W1,3,252,1,0.855054,-7.3,9.02,2.77447,-7.3,9.02,2.77447,0,0,0,14415,4.55144e+08,1.08512e+13,0,profile_only
L0_relaunch3,ad6bb15,W1,3,253,1,0.905523,-7.35,9.02,2.82447,-7.35,9.02,2.82447,0,0,0,14415,4.18912e+08,1.07166e+13,0,profile_only
L0_relaunch3,ad6bb15,W1,3,254,1,0.907591,-7.45,9.02,2.87447,-7.45,9.02,2.87447,0,0,0,14415,3.66502e+08,1.07741e+13,0,profile_only
L0_relaunch3,ad6bb15,W1,3,255,1,0.864265,-7.5,9.02,2.92447,-7.5,9.02,2.92447,0,0,0,14415,4.53363e+08,1.07622e+13,0,profile_only
L0_relaunch3,ad6bb15,W1,3,256,1,0.799358,-7.6,9.02,2.97447,-7.6,9.02,2.97447,0,0,0,14415,4.76895e+08,1.08105e+13,0,profile_only
L0_relaunch3,ad6bb15,W1,3,257,1,0.828586,-7.6,9.02,2.97447,-7.6,9.02,2.97447,0,0,0,14415,4.51559e+08,1.07593e+13,0,profile_only
L0_relaunch3,ad6bb15,W1,3,258,1,0.851575,-7.7,9.02,3.02447,-7.7,9.02,3.02447,0,0,0,14415,4.2384e+08,1.07074e+13,0,profile_only
L0_relaunch3,ad6bb15,W1,3,259,1,0.783646,-7.8,9.07,3.07447,-7.8,9.07,3.07447,0,0,0,14415,4.5407e+08,1.06396e+13,0,profile_only
L0_relaunch3,ad6bb15,W1,3,260,1,0.821411,-7.85,9.02,3.07447,-7.85,9.02,3.07447,0,0,0,14415,3.49644e+08,1.0378e+13,0,profile_only
L0_relaunch3,ad6bb15,W1,3,261,1,0.904148,-8,9.02,3.12447,-8,9.02,3.12447,0,0,0,14415,4.60095e+08,1.03805e+13,0,profile_only
L0_relaunch3,ad6bb15,W1,3,262,1,0.875468,-8.1,9.02,-3.10871,-8.1,9.02,-3.10871,0,0,0,14415,3.97567e+08,1.02414e+13,0,profile_only
L0_relaunch3,ad6bb15,W1,3,263,1,0.903357,-8.1,9.02,-3.10871,-8.1,9.02,-3.10871,0,0,0,14415,3.23708e+08,1.01923e+13,0,profile_only
L0_relaunch3,ad6bb15,W1,3,264,1,0.851771,-8.25,9.02,-3.05871,-8.25,9.02,-3.05871,0,0,0,14415,3.4939e+08,1.01558e+13,0,profile_only
L0_relaunch3,ad6bb15,W1,3,265,1,0.854858,-8.3,8.97,-3.05871,-8.3,8.97,-3.05871,0,0,0,14415,3.49643e+08,1.00629e+13,0,profile_only
L0_relaunch3,ad6bb15,W1,3,266,1,0.885186,-8.45,8.97,-3.00871,-8.45,8.97,-3.00871,0,0,0,14415,3.91963e+08,1.0068e+13,0,profile_only
L0_relaunch3,ad6bb15,W1,3,267,1,0.817453,-8.5,8.92,-3.00871,-8.5,8.92,-3.00871,0,0,0,14415,3.55593e+08,9.98823e+12,0,profile_only
L0_relaunch3,ad6bb15,W1,3,268,1,0.807814,-8.65,8.92,-2.95871,-8.65,8.92,-2.95871,0,0,0,14415,4.5733e+08,1.0034e+13,0,profile_only
L0_relaunch3,ad6bb15,W1,3,269,1,0.913395,-8.7,8.92,-2.95871,-8.7,8.92,-2.95871,0,0,0,14415,3.75554e+08,9.98661e+12,0,profile_only
L0_relaunch3,ad6bb15,W1,3,270,1,0.820167,-8.8,8.87,-2.95871,-8.8,8.87,-2.95871,0,0,0,14415,3.27467e+08,9.96632e+12,0,profile_only
L0_relaunch3,ad6bb15,W1,3,271,1,0.801219,-8.85,8.87,-2.95871,-8.85,8.87,-2.95871,0,0,0,14415,4.10837e+08,9.93166e+12,0,profile_only
L0_relaunch3,ad6bb15,W1,3,272,1,0.796452,-9,8.87,-2.90871,-9,8.87,-2.90871,0,0,0,14415,3.9523e+08,9.93126e+12,0,profile_only
L0_relaunch3,ad6bb15,W1,3,273,1,0.85143,-9.1,8.82,-2.90871,-9.1,8.82,-2.90871,0,0,0,14415,4.10137e+08,9.91061e+12,0,profile_only
L0_relaunch3,ad6bb15,W1,3,274,1,0.750746,-9.15,8.77,-2.90871,-9.15,8.77,-2.90871,0,0,0,14415,4.04351e+08,9.90013e+12,0,profile_only
L0_relaunch3,ad6bb15,W1,3,275,1,0.829784,-9.3,8.72,-2.85871,-9.3,8.72,-2.85871,0,0,0,14415,4.11584e+08,1.00602e+13,0,profile_only
L0_relaunch3,ad6bb15,W1,3,276,1,0.817206,-9.35,8.72,-2.85871,-9.35,8.72,-2.85871,0,0,0,14415,3.89385e+08,1.01397e+13,0,profile_only
L0_relaunch3,ad6bb15,W1,3,277,1,0.857684,-9.45,8.67,-2.80871,-9.45,8.67,-2.80871,0,0,0,14415,4.46963e+08,1.0154e+13,0,profile_only
L0_relaunch3,ad6bb15,W1,3,278,1,0.753786,-9.55,8.62,-2.80871,-9.55,8.62,-2.80871,0,0,0,14415,3.61111e+08,1.04265e+13,0,profile_only
L0_relaunch3,ad6bb15,W1,3,279,1,0.864573,-9.65,8.62,-2.75871,-9.65,8.62,-2.75871,0,0,0,14415,4.57903e+08,1.04613e+13,0,profile_only
L0_relaunch3,ad6bb15,W1,3,280,1,0.780363,-9.75,8.57,-2.75871,-9.75,8.57,-2.75871,0,0,0,14415,3.82371e+08,1.0628e+13,0,profile_only
L0_relaunch3,ad6bb15,W1,3,281,1,0.858947,-9.8,8.52,-2.70871,-9.8,8.52,-2.70871,0,0,0,14415,4.58209e+08,1.06989e+13,0,profile_only
L0_relaunch3,ad6bb15,W1,3,282,1,0.784702,-9.95,8.42,-2.65871,-9.95,8.42,-2.65871,0,0,0,14415,4.67787e+08,1.1058e+13,0,profile_only
L0_relaunch3,ad6bb15,W1,3,283,1,0.842992,-9.95,8.42,-2.65871,-9.95,8.42,-2.65871,0,0,0,14415,4.11369e+08,1.12163e+13,0,profile_only
L0_relaunch3,ad6bb15,W1,3,284,1,0.812476,-10.1,8.32,-2.60871,-10.1,8.32,-2.60871,0,0,0,14415,4.97748e+08,1.13848e+13,0,profile_only
L0_relaunch3,ad6bb15,W1,3,285,1,0.833439,-10.1,8.32,-2.60871,-10.1,8.32,-2.60871,0,0,0,14415,4.27292e+08,1.14204e+13,0,profile_only
L0_relaunch3,ad6bb15,W1,3,286,1,0.83635,-10.2,8.27,-2.55871,-10.2,8.27,-2.55871,0,0,0,14415,5.11564e+08,1.15297e+13,0,profile_only
L0_relaunch3,ad6bb15,W1,3,287,1,0.801394,-10.3,8.17,-2.50871,-10.3,8.17,-2.50871,0,0,0,14415,4.19324e+08,1.1578e+13,0,profile_only
L0_relaunch3,ad6bb15,W1,3,288,1,0.896024,-10.3,8.17,-2.50871,-10.3,8.17,-2.50871,0,0,0,14415,4.48159e+08,1.18021e+13,0,profile_only
L0_relaunch3,ad6bb15,W1,3,289,1,0.841852,-10.4,8.07,-2.45871,-10.4,8.07,-2.45871,0,0,0,14415,4.45862e+08,1.17884e+13,0,profile_only
L0_relaunch3,ad6bb15,W1,3,290,1,0.891127,-10.4,8.07,-2.45871,-10.4,8.07,-2.45871,0,0,0,14415,4.83017e+08,1.18492e+13,0,profile_only
L0_relaunch3,ad6bb15,W1,3,291,1,0.887852,-10.5,7.97,-2.40871,-10.5,7.97,-2.40871,0,0,0,14415,4.93189e+08,1.18674e+13,0,profile_only
L0_relaunch3,ad6bb15,W1,3,292,1,0.85025,-10.6,7.92,-2.35871,-10.6,7.92,-2.35871,0,0,0,14415,4.98099e+08,1.19378e+13,0,profile_only
L0_relaunch3,ad6bb15,W1,3,293,1,0.896149,-10.6,7.87,-2.35871,-10.6,7.87,-2.35871,0,0,0,14415,4.30856e+08,1.1877e+13,0,profile_only
L0_relaunch3,ad6bb15,W1,3,294,1,0.872762,-10.7,7.77,-2.30871,-10.7,7.77,-2.30871,0,0,0,14415,4.64865e+08,1.19793e+13,0,profile_only
L0_relaunch3,ad6bb15,W1,3,295,1,0.883307,-10.65,7.82,-2.30871,-10.65,7.82,-2.30871,0,0,0,14415,4.71109e+08,1.19672e+13,0,profile_only
L0_relaunch3,ad6bb15,W1,3,296,1,0.904987,-10.75,7.67,-2.25871,-10.75,7.67,-2.25871,0,0,0,14415,4.54804e+08,1.20169e+13,0,profile_only
L0_relaunch3,ad6bb15,W1,3,297,1,0.843378,-10.8,7.62,-2.20871,-10.8,7.62,-2.20871,0,0,0,14415,4.79651e+08,1.20555e+13,0,profile_only
L0_relaunch3,ad6bb15,W1,3,298,1,0.917458,-10.8,7.57,-2.20871,-10.8,7.57,-2.20871,0,0,0,14415,4.44772e+08,1.20482e+13,0,profile_only
L0_relaunch3,ad6bb15,W1,3,299,1,0.866774,-10.9,7.47,-2.15871,-10.9,7.47,-2.15871,0,0,0,14415,4.24594e+08,1.20821e+13,0,profile_only
L0_relaunch3,ad6bb15,W1,3,300,1,0.863072,-10.85,7.47,-2.15871,-10.85,7.47,-2.15871,0,0,0,14415,4.20655e+08,1.2011e+13,0,profile_only
L0_relaunch3,ad6bb15,W1,3,301,1,0.852423,-10.95,7.32,-2.10871,-10.95,7.32,-2.10871,0,0,0,14415,4.70825e+08,1.20251e+13,0,profile_only
L0_relaunch3,ad6bb15,W1,3,302,1,0.854273,-11,7.22,-2.05871,-11,7.22,-2.05871,0,0,0,14415,4.71896e+08,1.2003e+13,0,profile_only
L0_relaunch3,ad6bb15,W1,3,303,1,0.837741,-11,7.22,-2.05871,-11,7.22,-2.05871,0,0,0,14415,4.62801e+08,1.19391e+13,0,profile_only
L0_relaunch3,ad6bb15,W1,3,304,1,0.820191,-11.05,7.07,-2.00871,-11.05,7.07,-2.00871,0,0,0,14415,4.55277e+08,1.18158e+13,0,profile_only
L0_relaunch3,ad6bb15,W1,3,305,1,0.804235,-11.1,6.97,-2.00871,-11.1,6.97,-2.00871,0,0,0,14415,4.55091e+08,1.14136e+13,0,profile_only
L0_relaunch3,ad6bb15,W1,3,306,1,0.820809,-11.15,6.82,-1.95871,-11.15,6.82,-1.95871,0,0,0,14415,4.81942e+08,1.11363e+13,0,profile_only
L0_relaunch3,ad6bb15,W1,3,307,1,0.828394,-11.2,6.72,-1.95871,-11.2,6.72,-1.95871,0,0,0,14415,3.86626e+08,1.09275e+13,0,profile_only
L0_relaunch3,ad6bb15,W1,3,308,1,0.793151,-11.25,6.57,-1.95871,-11.25,6.57,-1.95871,0,0,0,14415,4.85888e+08,1.06151e+13,0,profile_only
L0_relaunch3,ad6bb15,W1,3,309,1,0.77991,-11.3,6.37,-1.90871,-11.3,6.37,-1.90871,0,0,0,14415,5.45219e+08,1.03862e+13,0,profile_only
L0_relaunch3,ad6bb15,W1,3,310,1,0.789095,-11.35,6.22,-1.90871,-11.35,6.22,-1.90871,0,0,0,14415,3.72086e+08,1.05975e+13,0,profile_only
L0_relaunch3,ad6bb15,W1,3,311,1,0.764167,-11.4,6.12,-1.85871,-11.4,6.12,-1.85871,0,0,0,14415,3.68841e+08,1.06661e+13,0,profile_only
L0_relaunch3,ad6bb15,W1,3,312,1,0.798848,-11.4,5.97,-1.85871,-11.4,5.97,-1.85871,0,0,0,14415,3.99841e+08,1.09707e+13,0,profile_only
L0_relaunch3,ad6bb15,W1,3,313,1,0.798814,-11.45,5.82,-1.80871,-11.45,5.82,-1.80871,0,0,0,14415,4.50531e+08,1.0987e+13,0,profile_only
L0_relaunch3,ad6bb15,W1,3,314,1,0.763666,-11.45,5.72,-1.80871,-11.45,5.72,-1.80871,0,0,0,14415,4.52955e+08,1.10984e+13,0,profile_only
L0_relaunch3,ad6bb15,W1,3,315,1,0.819904,-11.5,5.57,-1.75871,-11.5,5.57,-1.75871,0,0,0,14415,4.49215e+08,1.11792e+13,0,profile_only
L0_relaunch3,ad6bb15,W1,3,316,1,0.869,-11.5,5.42,-1.70871,-11.5,5.42,-1.70871,0,0,0,14415,4.8844e+08,1.14199e+13,0,profile_only
L0_relaunch3,ad6bb15,W1,3,317,1,0.804054,-11.5,5.32,-1.65871,-11.5,5.32,-1.65871,0,0,0,14415,4.56448e+08,1.17951e+13,0,profile_only
L0_relaunch3,ad6bb15,W1,3,318,1,0.801128,-11.55,5.12,-1.60871,-11.55,5.12,-1.60871,0,0,0,14415,4.68296e+08,1.20329e+13,0,profile_only
L0_relaunch3,ad6bb15,W1,3,319,1,0.824164,-11.5,5.02,-1.55871,-11.5,5.02,-1.55871,0,0,0,14415,4.54294e+08,1.21661e+13,0,profile_only
L0_relaunch3,ad6bb15,W1,3,320,1,0.795318,-11.5,4.92,-1.45871,-11.5,4.92,-1.45871,0,0,0,14415,5.05382e+08,1.24028e+13,0,profile_only
L0_relaunch3,ad6bb15,W1,3,321,1,0.774361,-11.4,4.77,-1.35871,-11.4,4.77,-1.35871,0,0,0,14415,5.1201e+08,1.26581e+13,0,profile_only
L0_relaunch3,ad6bb15,W1,3,322,1,0.790505,-11.3,4.57,-1.15871,-11.3,4.57,-1.15871,0,0,0,14415,6.30587e+08,1.31843e+13,0,profile_only
L0_relaunch3,ad6bb15,W1,3,323,1,0.837493,-11.2,4.47,-1.00871,-11.2,4.47,-1.00871,0,0,0,14415,6.49029e+08,1.37405e+13,0,profile_only
L0_relaunch3,ad6bb15,W1,3,324,1,0.832491,-11.1,4.37,-0.858714,-11.1,4.37,-0.858714,0,0,0,14415,5.82867e+08,1.39263e+13,0,profile_only
L0_relaunch3,ad6bb15,W1,3,325,1,0.777074,-11,4.32,-0.708714,-11,4.32,-0.708714,0,0,0,14415,5.5982e+08,1.42116e+13,0,profile_only
L0_relaunch3,ad6bb15,W1,3,326,1,0.818286,-10.75,4.22,-0.458714,-10.75,4.22,-0.458714,0,0,0,14415,6.81801e+08,1.44457e+13,0,profile_only
L0_relaunch3,ad6bb15,W1,3,327,1,0.785484,-10.55,4.17,-0.308714,-10.55,4.17,-0.308714,0,0,0,14415,6.39767e+08,1.50852e+13,0,profile_only
L0_relaunch3,ad6bb15,W1,3,328,1,0.777381,-10.35,4.17,-0.158714,-10.35,4.17,-0.158714,0,0,0,14415,6.24853e+08,1.56038e+13,0,profile_only
L0_relaunch3,ad6bb15,W1,3,329,1,0.754474,-10.1,4.12,-0.108714,-10.1,4.12,-0.108714,0,0,0,14415,5.38443e+08,1.62826e+13,0,profile_only
L0_relaunch3,ad6bb15,W1,3,330,1,0.711845,-9.9,4.07,-0.108714,-9.9,4.07,-0.108714,0,0,0,14415,5.84036e+08,1.71433e+13,0,profile_only
L0_relaunch3,ad6bb15,W1,3,331,1,0.746276,-9.5,4.07,-0.108714,-9.5,4.07,-0.108714,0,0,0,14415,5.07699e+08,1.79652e+13,0,profile_only
L0_relaunch3,ad6bb15,W1,3,332,1,0.731289,-9.2,4.02,-0.158714,-9.2,4.02,-0.158714,0,0,0,14415,4.02897e+08,1.91611e+13,0,profile_only
L0_relaunch3,ad6bb15,W1,3,333,1,0.780833,-9,3.97,-0.208714,-9,3.97,-0.208714,0,0,0,14415,4.25707e+08,1.99629e+13,0,profile_only
L0_relaunch3,ad6bb15,W1,3,334,1,0.754954,-8.75,3.87,-0.258714,-8.75,3.87,-0.258714,0,0,0,14415,3.84159e+08,2.04799e+13,0,profile_only
L0_relaunch3,ad6bb15,W1,3,335,1,0.736702,-8.55,3.82,-0.358714,-8.55,3.82,-0.358714,0,0,0,14415,3.59478e+08,2.11575e+13,0,profile_only
L0_relaunch3,ad6bb15,W1,3,336,1,0.766294,-8,3.52,-0.458714,-8,3.52,-0.458714,0,0,0,14415,3.60843e+08,2.15634e+13,0,profile_only
L0_relaunch3,ad6bb15,W1,3,337,1,0.815497,-7.6,3.27,-0.458714,-7.6,3.27,-0.458714,0,0,0,14415,4.15007e+08,2.26578e+13,0,profile_only
L0_relaunch3,ad6bb15,W1,3,338,1,0.785954,-7.35,3.17,-0.458714,-7.35,3.17,-0.458714,0,0,0,14415,4.38058e+08,2.31108e+13,0,profile_only
L0_relaunch3,ad6bb15,W1,3,339,1,0.845641,-7.1,3.02,-0.458714,-7.1,3.02,-0.458714,0,0,0,14415,4.25878e+08,2.32367e+13,0,profile_only
L0_relaunch3,ad6bb15,W1,3,340,1,0.867267,-6.9,2.92,-0.458714,-6.9,2.92,-0.458714,0,0,0,14415,3.85377e+08,2.31803e+13,0,profile_only
L0_relaunch3,ad6bb15,W1,3,341,1,0.880586,-6.8,2.87,-0.458714,-6.8,2.87,-0.458714,0,0,0,14415,3.92799e+08,2.32102e+13,0,profile_only
L0_relaunch3,ad6bb15,W1,3,342,1,0.870559,-6.6,2.77,-0.458714,-6.6,2.77,-0.458714,0,0,0,14415,4.24166e+08,2.32034e+13,0,profile_only
L0_relaunch3,ad6bb15,W1,3,343,1,0.88229,-6.45,2.72,-0.458714,-6.45,2.72,-0.458714,0,0,0,14415,4.79794e+08,2.31406e+13,0,profile_only
L0_relaunch3,ad6bb15,W1,3,344,1,0.800889,-6.45,2.67,-0.408714,-6.45,2.67,-0.408714,0,0,0,14415,4.96829e+08,2.30524e+13,0,profile_only
L0_relaunch3,ad6bb15,W1,3,345,1,0.859401,-6.05,2.52,-0.408714,-6.05,2.52,-0.408714,0,0,0,14415,4.39153e+08,2.29753e+13,0,profile_only
L0_relaunch3,ad6bb15,W1,3,346,1,0.769425,-5.85,2.47,-0.408714,-5.85,2.47,-0.408714,0,0,0,14415,4.28949e+08,2.26992e+13,0,profile_only
L0_relaunch3,ad6bb15,W1,3,347,1,0.759224,-5.55,2.37,-0.308714,-5.55,2.37,-0.308714,0,0,0,14415,5.61e+08,2.24304e+13,0,profile_only
L0_relaunch3,ad6bb15,W1,3,348,1,0.794366,-4.95,2.17,-0.358714,-4.95,2.17,-0.358714,0,0,0,14415,4.00945e+08,2.23962e+13,0,profile_only
L0_relaunch3,ad6bb15,W1,3,349,1,0.778823,-4.35,1.87,-0.358714,-4.35,1.87,-0.358714,0,0,0,14415,3.99344e+08,2.23442e+13,0,profile_only
L0_relaunch3,ad6bb15,W1,3,350,1,0.881533,-4.1,1.77,-0.458714,-4.1,1.77,-0.458714,0,0,0,14415,3.36191e+08,2.23321e+13,0,profile_only
L0_relaunch3,ad6bb15,W1,3,351,1,0.810535,-3.75,1.57,-0.458714,-3.75,1.57,-0.458714,0,0,0,14415,4.41082e+08,2.23871e+13,0,profile_only
L0_relaunch3,ad6bb15,W1,3,352,1,0.805862,-3.55,1.47,-0.508714,-3.55,1.47,-0.508714,0,0,0,14415,3.44408e+08,2.22444e+13,0,profile_only
L0_relaunch3,ad6bb15,W1,3,353,1,0.797094,-3.55,1.42,-0.558714,-3.55,1.42,-0.558714,0,0,0,14415,3.57211e+08,2.21661e+13,0,profile_only
L0_relaunch3,ad6bb15,W1,3,354,1,0.786995,-3.45,1.37,-0.608714,-3.45,1.37,-0.608714,0,0,0,14415,3.31293e+08,2.20769e+13,0,profile_only
L0_relaunch3,ad6bb15,W1,3,355,1,0.831351,-3.25,1.22,-0.608714,-3.25,1.22,-0.608714,0,0,0,14415,3.64915e+08,2.19852e+13,0,profile_only
L0_relaunch3,ad6bb15,W1,3,356,1,0.813731,-3.05,1.07,-0.658714,-3.05,1.07,-0.658714,0,0,0,14415,3.14008e+08,2.16614e+13,0,profile_only
L0_relaunch3,ad6bb15,W1,3,357,1,0.851398,-2.9,0.92,-0.658714,-2.9,0.92,-0.658714,0,0,0,14415,4.2788e+08,2.13026e+13,0,profile_only
L0_relaunch3,ad6bb15,W1,3,358,1,0.841893,-2.75,0.82,-0.658714,-2.75,0.82,-0.658714,0,0,0,14415,3.79328e+08,2.10353e+13,0,profile_only
L0_relaunch3,ad6bb15,W1,3,359,1,0.774624,-2.65,0.72,-0.708714,-2.65,0.72,-0.708714,0,0,0,14415,4.05374e+08,2.10346e+13,0,profile_only
L0_relaunch3,ad6bb15,W1,3,360,1,0.71661,-2.5,0.62,-0.708714,-2.5,0.62,-0.708714,0,0,0,14415,4.36834e+08,2.09185e+13,0,profile_only
L0_relaunch3,ad6bb15,W1,3,361,1,0.888789,-2.25,0.37,-0.658714,-2.25,0.37,-0.658714,0,0,0,14415,4.13344e+08,2.05248e+13,0,profile_only
L0_relaunch3,ad6bb15,W1,3,362,1,0.801121,-2.1,0.27,-0.608714,-2.1,0.27,-0.608714,0,0,0,14415,4.47927e+08,1.97879e+13,0,profile_only
L0_relaunch3,ad6bb15,W1,3,363,1,0.806018,-1.95,0.22,-0.558714,-1.95,0.22,-0.558714,0,0,0,14415,5.02103e+08,1.94664e+13,0,profile_only
L0_relaunch3,ad6bb15,W1,3,364,1,0.868208,-1.75,0.12,-0.458714,-1.75,0.12,-0.458714,0,0,0,14415,5.94353e+08,1.9221e+13,0,profile_only
L0_relaunch3,ad6bb15,W1,3,365,1,0.772429,-1.7,0.12,-0.408714,-1.7,0.12,-0.408714,0,0,0,14415,4.43658e+08,1.91957e+13,0,profile_only
L0_relaunch3,ad6bb15,W1,3,366,1,0.826047,-1.35,0.02,-0.258714,-1.35,0.02,-0.258714,0,0,0,14415,6.36313e+08,1.90551e+13,0,profile_only
L0_relaunch3,ad6bb15,W1,3,367,1,0.745914,-1.05,-0.03,-0.158714,-1.05,-0.03,-0.158714,0,0,0,14415,4.69164e+08,1.92153e+13,0,profile_only
L0_relaunch3,ad6bb15,W1,3,368,1,0.795251,-0.65,-0.08,-0.158714,-0.65,-0.08,-0.158714,0,0,0,14415,4.03752e+08,1.95102e+13,0,profile_only
L0_relaunch3,ad6bb15,W1,3,369,1,0.705171,-0.45,-0.13,-0.158714,-0.45,-0.13,-0.158714,0,0,0,14415,4.54793e+08,1.92717e+13,0,profile_only
L0_relaunch3,ad6bb15,W1,3,370,1,0.800551,-4.42701e-15,-0.18,-0.108714,-4.42701e-15,-0.18,-0.108714,0,0,0,14415,3.86526e+08,1.91882e+13,0,profile_only
L0_relaunch3,ad6bb15,W1,3,371,1,0.836459,0.2,-0.18,-0.108714,0.2,-0.18,-0.108714,0,0,0,14415,2.34419e+08,1.91021e+13,0,profile_only
L0_relaunch3,ad6bb15,W1,3,372,1,0.77634,0.3,-0.18,-0.108714,0.3,-0.18,-0.108714,0,0,0,14415,2.43788e+08,1.90078e+13,0,profile_only
L0_relaunch3,ad6bb15,W1,3,373,1,0.706884,0.45,-0.23,-0.108714,0.45,-0.23,-0.108714,0,0,0,14415,3.47618e+08,1.89935e+13,0,profile_only
L0_relaunch3,ad6bb15,W1,3,374,1,0.724815,0.65,-0.23,-0.0587136,0.65,-0.23,-0.0587136,0,0,0,14415,4.57235e+08,1.88567e+13,0,profile_only
L0_relaunch3,ad6bb15,W1,3,375,1,0.795331,0.85,-0.23,-0.0587136,0.85,-0.23,-0.0587136,0,0,0,14415,4.38762e+08,1.89803e+13,0,profile_only
L0_relaunch3,ad6bb15,W1,3,376,1,0.715909,0.95,-0.23,-0.0587136,0.95,-0.23,-0.0587136,0,0,0,14415,4.71307e+08,1.89019e+13,0,profile_only
L0_relaunch3,ad6bb15,W1,3,377,1,0.845336,1.15,-0.23,-0.00871357,1.15,-0.23,-0.00871357,0,0,0,14415,4.74387e+08,1.8893e+13,0,profile_only
L0_relaunch3,ad6bb15,W1,3,378,1,0.829377,1.3,-0.23,0.0412864,1.3,-0.23,0.0412864,0,0,0,14415,4.88426e+08,1.89536e+13,0,profile_only
L0_relaunch3,ad6bb15,W1,3,379,1,0.752539,1.35,-0.23,0.0412864,1.35,-0.23,0.0412864,0,0,0,14415,4.59232e+08,1.90253e+13,0,profile_only
L0_relaunch3,ad6bb15,W1,3,380,1,0.729793,1.55,-0.18,0.0912864,1.55,-0.18,0.0912864,0,0,0,14415,5.21792e+08,1.9067e+13,0,profile_only
L0_relaunch3,ad6bb15,W1,3,381,1,0.826907,1.65,-0.13,0.141286,1.65,-0.13,0.141286,0,0,0,14415,4.95697e+08,1.91548e+13,0,profile_only
L0_relaunch3,ad6bb15,W1,3,382,1,0.79462,1.8,-0.13,0.241286,1.8,-0.13,0.241286,0,0,0,14415,5.11402e+08,1.93578e+13,0,profile_only
L0_relaunch3,ad6bb15,W1,3,383,1,0.800947,1.9,-0.03,0.291286,1.9,-0.03,0.291286,0,0,0,14415,4.71641e+08,1.94929e+13,0,profile_only
L0_relaunch3,ad6bb15,W1,3,384,1,0.857703,2.05,0.02,0.391286,2.05,0.02,0.391286,0,0,0,14415,5.52086e+08,1.97743e+13,0,profile_only
L0_relaunch3,ad6bb15,W1,3,385,1,0.870893,2.1,0.07,0.441286,2.1,0.07,0.441286,0,0,0,14415,4.78467e+08,2.00087e+13,0,profile_only
L0_relaunch3,ad6bb15,W1,3,386,1,0.883147,2.2,0.12,0.541286,2.2,0.12,0.541286,0,0,0,14415,5.2394e+08,2.0261e+13,0,profile_only
L0_relaunch3,ad6bb15,W1,3,387,1,0.822024,2.25,0.22,0.641286,2.25,0.22,0.641286,0,0,0,14415,5.1221e+08,2.05469e+13,0,profile_only
L0_relaunch3,ad6bb15,W1,3,388,1,0.81655,2.3,0.22,0.691286,2.3,0.22,0.691286,0,0,0,14415,4.64828e+08,2.09509e+13,0,profile_only
L0_relaunch3,ad6bb15,W1,3,389,1,0.875418,2.4,0.37,0.791286,2.4,0.37,0.791286,0,0,0,14415,5.20804e+08,2.10754e+13,0,profile_only
L0_relaunch3,ad6bb15,W1,3,390,1,0.833905,2.45,0.42,0.841286,2.45,0.42,0.841286,0,0,0,14415,4.49118e+08,2.14078e+13,0,profile_only
L0_relaunch3,ad6bb15,W1,3,391,1,0.846838,2.55,0.57,0.941286,2.55,0.57,0.941286,0,0,0,14415,5.38656e+08,2.15265e+13,0,profile_only
L0_relaunch3,ad6bb15,W1,3,392,1,0.797319,2.65,0.77,0.991286,2.65,0.77,0.991286,0,0,0,14415,5.30416e+08,2.17238e+13,0,profile_only
L0_relaunch3,ad6bb15,W1,3,393,1,0.787506,2.7,0.87,1.04129,2.7,0.87,1.04129,0,0,0,14415,4.9424e+08,2.19197e+13,0,profile_only
L0_relaunch3,ad6bb15,W1,3,394,1,0.797192,2.75,1.02,1.14129,2.75,1.02,1.14129,0,0,0,14415,5.18441e+08,2.19773e+13,0,profile_only
L0_relaunch3,ad6bb15,W1,3,395,1,0.816836,2.8,1.12,1.19129,2.8,1.12,1.19129,0,0,0,14415,4.62231e+08,2.20828e+13,0,profile_only
L0_relaunch3,ad6bb15,W1,3,396,1,0.819129,2.8,1.22,1.24129,2.8,1.22,1.24129,0,0,0,14415,4.89061e+08,2.20743e+13,0,profile_only
L0_relaunch3,ad6bb15,W1,3,397,1,0.756021,2.9,1.42,1.34129,2.9,1.42,1.34129,0,0,0,14415,4.69516e+08,2.21094e+13,0,profile_only
L0_relaunch3,ad6bb15,W1,3,398,1,0.84202,2.85,1.57,1.39129,2.85,1.57,1.39129,0,0,0,14415,4.83533e+08,2.19789e+13,0,profile_only
L0_relaunch3,ad6bb15,W1,3,399,1,0.798324,2.85,1.72,1.44129,2.85,1.72,1.44129,0,0,0,14415,4.39765e+08,2.20259e+13,0,profile_only
L0_relaunch3,ad6bb15,W1,3,400,1,0.787267,2.85,1.87,1.49129,2.85,1.87,1.49129,0,0,0,14415,4.80667e+08,2.19556e+13,0,profile_only
L0_relaunch3,ad6bb15,W1,3,401,1,0.763131,2.9,2.07,1.59129,2.9,2.07,1.59129,0,0,0,14415,4.616e+08,2.18393e+13,0,profile_only
L0_relaunch3,ad6bb15,W1,3,402,1,0.819176,2.85,2.27,1.64129,2.85,2.27,1.64129,0,0,0,14415,4.47415e+08,2.15941e+13,0,profile_only
L0_relaunch3,ad6bb15,W1,3,403,1,0.764423,2.85,2.42,1.69129,2.85,2.42,1.69129,0,0,0,14415,4.62258e+08,2.15759e+13,0,profile_only
L0_relaunch3,ad6bb15,W1,3,404,1,0.807618,2.8,2.57,1.69129,2.8,2.57,1.69129,0,0,0,14415,3.6002e+08,2.14668e+13,0,profile_only
L0_relaunch3,ad6bb15,W1,3,405,1,0.780153,2.8,2.77,1.69129,2.8,2.77,1.69129,0,0,0,14415,3.8229e+08,2.14401e+13,0,profile_only
L0_relaunch3,ad6bb15,W1,3,406,1,0.897212,2.75,2.97,1.69129,2.75,2.97,1.69129,0,0,0,14415,4.40036e+08,2.12961e+13,0,profile_only
L0_relaunch3,ad6bb15,W1,3,407,1,0.862049,2.75,3.07,1.69129,2.75,3.07,1.69129,0,0,0,14415,4.41739e+08,2.12425e+13,0,profile_only
L0_relaunch3,ad6bb15,W1,3,408,1,0.75071,2.7,3.27,1.69129,2.7,3.27,1.69129,0,0,0,14415,4.93961e+08,2.12279e+13,0,profile_only
L0_relaunch3,ad6bb15,W1,3,409,1,0.823776,2.6,3.47,1.74129,2.6,3.47,1.74129,0,0,0,14415,4.7829e+08,2.11456e+13,0,profile_only
L0_relaunch3,ad6bb15,W1,3,410,1,0.873951,2.65,3.52,1.74129,2.65,3.52,1.74129,0,0,0,14415,4.75799e+08,2.11657e+13,0,profile_only
L0_relaunch3,ad6bb15,W1,3,411,1,0.83003,2.5,3.77,1.79129,2.5,3.77,1.79129,0,0,0,14415,5.01241e+08,2.11116e+13,0,profile_only
L0_relaunch3,ad6bb15,W1,3,412,1,0.861533,2.6,3.77,1.79129,2.6,3.77,1.79129,0,0,0,14415,4.66704e+08,2.09882e+13,0,profile_only
L0_relaunch3,ad6bb15,W1,3,413,1,0.88905,2.55,3.92,1.84129,2.55,3.92,1.84129,0,0,0,14415,5.33529e+08,2.08987e+13,0,profile_only
L0_relaunch3,ad6bb15,W1,3,414,1,0.808576,2.55,3.97,1.84129,2.55,3.97,1.84129,0,0,0,14415,4.78883e+08,2.07496e+13,0,profile_only
L0_relaunch3,ad6bb15,W1,3,415,1,0.835345,2.4,4.27,1.94129,2.4,4.27,1.94129,0,0,0,14415,5.46657e+08,2.09128e+13,0,profile_only
L0_relaunch3,ad6bb15,W1,3,416,1,0.847469,2.35,4.42,1.99129,2.35,4.42,1.99129,0,0,0,14415,5.11047e+08,2.05943e+13,0,profile_only
L0_relaunch3,ad6bb15,W1,3,417,1,0.831172,2.3,4.52,2.04129,2.3,4.52,2.04129,0,0,0,14415,4.73358e+08,2.03724e+13,0,profile_only
L0_relaunch3,ad6bb15,W1,3,418,1,0.913813,2.3,4.62,2.09129,2.3,4.62,2.09129,0,0,0,14415,4.85059e+08,2.02561e+13,0,profile_only
L0_relaunch3,ad6bb15,W1,3,419,1,0.867516,2.05,4.87,2.19129,2.05,4.87,2.19129,0,0,0,14415,5.4214e+08,2.00169e+13,0,profile_only
L0_relaunch3,ad6bb15,W1,3,420,1,0.871045,2.1,4.87,2.24129,2.1,4.87,2.24129,0,0,0,14415,5.35028e+08,1.95655e+13,0,profile_only
L0_relaunch3,ad6bb15,W1,3,421,1,0.857739,1.9,5.02,2.34129,1.9,5.02,2.34129,0,0,0,14415,5.61097e+08,1.95504e+13,0,profile_only
L0_relaunch3,ad6bb15,W1,3,422,1,0.866112,1.7,5.17,2.44129,1.7,5.17,2.44129,0,0,0,14415,5.51488e+08,1.93676e+13,0,profile_only
L0_relaunch3,ad6bb15,W1,3,423,1,0.88347,1.4,5.37,2.59129,1.4,5.37,2.59129,0,0,0,14415,5.97131e+08,1.91766e+13,0,profile_only
L0_relaunch3,ad6bb15,W1,3,424,1,0.814253,1.4,5.32,2.64129,1.4,5.32,2.64129,0,0,0,14415,4.97993e+08,1.90593e+13,0,profile_only
L0_relaunch3,ad6bb15,W1,3,425,1,0.832178,0.8,5.62,2.79129,0.8,5.62,2.79129,0,0,0,14415,5.89879e+08,1.91543e+13,0,profile_only
L0_relaunch3,ad6bb15,W1,3,426,1,0.905556,0.55,5.67,2.84129,0.55,5.67,2.84129,0,0,0,14415,4.57149e+08,1.88757e+13,0,profile_only
L0_relaunch3,ad6bb15,W1,3,427,1,0.894368,0.5,5.67,2.84129,0.5,5.67,2.84129,0,0,0,14415,4.44689e+08,1.89614e+13,0,profile_only
L0_relaunch3,ad6bb15,W1,3,428,1,0.870962,0.1,5.82,2.89129,0.1,5.82,2.89129,0,0,0,14415,4.64328e+08,1.88373e+13,0,profile_only
L0_relaunch3,ad6bb15,W1,3,429,1,0.914527,-0.15,5.87,2.89129,-0.15,5.87,2.89129,0,0,0,14415,3.88154e+08,1.8566e+13,0,profile_only
L0_relaunch3,ad6bb15,W1,3,430,1,0.950046,-0.3,5.92,2.89129,-0.3,5.92,2.89129,0,0,0,14415,4.31476e+08,1.85009e+13,0,profile_only
L0_relaunch3,ad6bb15,W1,3,431,1,0.93543,-0.4,5.92,2.89129,-0.4,5.92,2.89129,0,0,0,14415,4.27452e+08,1.83679e+13,0,profile_only
L0_relaunch3,ad6bb15,W1,3,432,1,0.930192,-0.6,5.97,2.89129,-0.6,5.97,2.89129,0,0,0,14415,4.56009e+08,1.82567e+13,0,profile_only
L0_relaunch3,ad6bb15,W1,3,433,1,0.95137,-0.75,6.02,2.89129,-0.75,6.02,2.89129,0,0,0,14415,4.38435e+08,1.81678e+13,0,profile_only
L0_relaunch3,ad6bb15,W1,3,434,1,0.92615,-0.95,6.07,2.89129,-0.95,6.07,2.89129,0,0,0,14415,5.03023e+08,1.79207e+13,0,profile_only
L0_relaunch3,ad6bb15,W1,3,435,1,0.903049,-1.05,6.07,2.89129,-1.05,6.07,2.89129,0,0,0,14415,4.93646e+08,1.7795e+13,0,profile_only
L0_relaunch3,ad6bb15,W1,3,436,1,0.87833,-1.35,6.17,2.94129,-1.35,6.17,2.94129,0,0,0,14415,5.06446e+08,1.77879e+13,0,profile_only
L0_relaunch3,ad6bb15,W1,3,437,1,0.857057,-1.45,6.17,2.89129,-1.45,6.17,2.89129,0,0,0,14415,4.61056e+08,1.78469e+13,0,profile_only
L0_relaunch3,ad6bb15,W1,3,438,1,0.902483,-1.65,6.22,2.94129,-1.65,6.22,2.94129,0,0,0,14415,5.39996e+08,1.78222e+13,0,profile_only
L0_relaunch3,ad6bb15,W1,3,439,1,0.925164,-1.85,6.27,2.94129,-1.85,6.27,2.94129,0,0,0,14415,3.43831e+08,1.81022e+13,0,profile_only
L0_relaunch3,ad6bb15,W1,3,440,1,0.885701,-1.9,6.27,2.94129,-1.9,6.27,2.94129,0,0,0,14415,2.51897e+08,1.80441e+13,0,profile_only
L0_relaunch3,ad6bb15,W1,3,441,1,0.793648,-2.05,6.32,2.99129,-2.05,6.32,2.99129,0,0,0,14415,3.09387e+08,1.8145e+13,0,profile_only
L0_relaunch3,ad6bb15,W1,3,442,1,0.899102,-2.2,6.32,2.99129,-2.2,6.32,2.99129,0,0,0,14415,1.89284e+08,1.83304e+13,0,profile_only
L0_relaunch3,ad6bb15,W1,3,443,1,0.835359,-2.4,6.37,3.04129,-2.4,6.37,3.04129,0,0,0,14415,4.23486e+08,1.85266e+13,0,profile_only
L0_relaunch3,ad6bb15,W1,3,444,1,0.873951,-2.6,6.37,3.09129,-2.6,6.37,3.09129,0,0,0,14415,4.41579e+08,1.87118e+13,0,profile_only
L0_relaunch3,ad6bb15,W1,3,445,1,0.914817,-2.7,6.37,3.09129,-2.7,6.37,3.09129,0,0,0,14415,3.92821e+08,1.91056e+13,0,profile_only
L0_relaunch3,ad6bb15,W1,3,446,1,0.90565,-2.75,6.37,3.09129,-2.75,6.37,3.09129,0,0,0,14415,3.93181e+08,1.92235e+13,0,profile_only
L0_relaunch3,ad6bb15,W1,3,447,1,0.899331,-2.9,6.37,3.14129,-2.9,6.37,3.14129,0,0,0,14415,4.09582e+08,1.93594e+13,0,profile_only
L0_relaunch3,ad6bb15,W1,3,448,1,0.897535,-3.05,6.37,3.14129,-3.05,6.37,3.14129,0,0,0,14415,3.79762e+08,1.97933e+13,0,profile_only
L0_relaunch3,ad6bb15,W1,3,449,1,0.889387,-3.2,6.37,3.14129,-3.2,6.37,3.14129,0,0,0,14415,3.76704e+08,1.99439e+13,0,profile_only
L0_relaunch3,ad6bb15,W1,3,450,1,0.871038,-3.3,6.37,3.14129,-3.3,6.37,3.14129,0,0,0,14415,3.99464e+08,2.0003e+13,0,profile_only
L0_relaunch3,ad6bb15,W1,3,451,1,0.864603,-3.45,6.37,3.14129,-3.45,6.37,3.14129,0,0,0,14415,3.63451e+08,2.00267e+13,0,profile_only
L0_relaunch3,ad6bb15,W1,3,452,1,0.835831,-3.7,6.37,-3.0919,-3.7,6.37,-3.0919,0,0,0,14415,4.04854e+08,2.00256e+13,0,profile_only
L0_relaunch3,ad6bb15,W1,3,453,1,0.846823,-3.9,6.37,3.14129,-3.9,6.37,3.14129,0,0,0,14415,2.58808e+08,2.02106e+13,0,profile_only
L0_relaunch3,ad6bb15,W1,3,454,1,0.805159,-4.05,6.42,3.14129,-4.05,6.42,3.14129,0,0,0,14415,4.96728e+08,1.9902e+13,0,profile_only
L0_relaunch3,ad6bb15,W1,3,455,1,0.798651,-4.3,6.37,3.09129,-4.3,6.37,3.09129,0,0,0,14415,4.20754e+08,1.9516e+13,0,profile_only
L0_relaunch3,ad6bb15,W1,3,456,1,0.826225,-4.45,6.42,3.09129,-4.45,6.42,3.09129,0,0,0,14415,4.20217e+08,1.9369e+13,0,profile_only
L0_relaunch3,ad6bb15,W1,3,457,1,0.763897,-4.6,6.37,3.04129,-4.6,6.37,3.04129,0,0,0,14415,4.55414e+08,1.89856e+13,0,profile_only
L0_relaunch3,ad6bb15,W1,3,458,1,0.794497,-4.9,6.42,2.99129,-4.9,6.42,2.99129,0,0,0,14415,3.64186e+08,1.90099e+13,0,profile_only
L0_relaunch3,ad6bb15,W1,3,459,1,0.874466,-5.1,6.52,2.94129,-5.1,6.52,2.94129,0,0,0,14415,4.52902e+08,1.86274e+13,0,profile_only
L0_relaunch3,ad6bb15,W1,3,460,1,0.854808,-5.25,6.52,2.84129,-5.25,6.52,2.84129,0,0,0,14415,4.23811e+08,1.8069e+13,0,profile_only
L0_relaunch3,ad6bb15,W1,3,461,1,0.901384,-5.4,6.62,2.79129,-5.4,6.62,2.79129,0,0,0,14415,5.91759e+08,1.79542e+13,0,profile_only
L0_relaunch3,ad6bb15,W1,3,462,1,0.906492,-5.5,6.67,2.69129,-5.5,6.67,2.69129,0,0,0,14415,3.7123e+08,1.73733e+13,0,profile_only
L0_relaunch3,ad6bb15,W1,3,463,1,0.887171,-5.6,6.77,2.59129,-5.6,6.77,2.59129,0,0,0,14415,4.03372e+08,1.70253e+13,0,profile_only
L0_relaunch3,ad6bb15,W1,3,464,1,0.880332,-5.7,6.87,2.49129,-5.7,6.87,2.49129,0,0,0,14415,2.87749e+08,1.64072e+13,0,profile_only
L0_relaunch3,ad6bb15,W1,3,465,1,0.860271,-5.85,7.02,2.34129,-5.85,7.02,2.34129,0,0,0,14415,2.07619e+08,1.56986e+13,0,profile_only
L0_relaunch3,ad6bb15,W1,3,466,1,0.861483,-6,7.32,2.24129,-6,7.32,2.24129,0,0,0,14415,4.29607e+08,1.48977e+13,0,profile_only
L0_relaunch3,ad6bb15,W1,3,467,1,0.869242,-6.1,7.47,2.09129,-6.1,7.47,2.09129,0,0,0,14415,2.03443e+08,1.3952e+13,0,profile_only
L0_relaunch3,ad6bb15,W1,3,468,1,0.939762,-6.2,7.67,2.09129,-6.2,7.67,2.09129,0,0,0,14415,3.50979e+08,1.37072e+13,0,profile_only
L0_relaunch3,ad6bb15,W1,3,469,1,0.913377,-6.25,7.77,2.09129,-6.25,7.77,2.09129,0,0,0,14415,4.33593e+08,1.3131e+13,0,profile_only
L0_relaunch3,ad6bb15,W1,3,470,1,0.900056,-6.3,7.82,2.09129,-6.3,7.82,2.09129,0,0,0,14415,4.39646e+08,1.28726e+13,0,profile_only
L0_relaunch3,ad6bb15,W1,3,471,1,0.888691,-6.35,7.92,2.09129,-6.35,7.92,2.09129,0,0,0,14415,4.30769e+08,1.27685e+13,0,profile_only
L0_relaunch3,ad6bb15,W1,3,472,1,0.858171,-6.4,8.02,2.14129,-6.4,8.02,2.14129,0,0,0,14415,4.54962e+08,1.25424e+13,0,profile_only
L0_relaunch3,ad6bb15,W1,3,473,1,0.917049,-6.5,8.12,2.14129,-6.5,8.12,2.14129,0,0,0,14415,4.22774e+08,1.22694e+13,0,profile_only
L0_relaunch3,ad6bb15,W1,3,474,1,0.891342,-6.55,8.22,2.19129,-6.55,8.22,2.19129,0,0,0,14415,4.03648e+08,1.20231e+13,0,profile_only
L0_relaunch3,ad6bb15,W1,3,475,1,0.959308,-6.65,8.32,2.24129,-6.65,8.32,2.24129,0,0,0,14415,4.90894e+08,1.17656e+13,0,profile_only
L0_relaunch3,ad6bb15,W1,3,476,1,0.871865,-6.7,8.37,2.29129,-6.7,8.37,2.29129,0,0,0,14415,4.38567e+08,1.15144e+13,0,profile_only
L0_relaunch3,ad6bb15,W1,3,477,1,0.926053,-6.8,8.47,2.34129,-6.8,8.47,2.34129,0,0,0,14415,5.27335e+08,1.14438e+13,0,profile_only
L0_relaunch3,ad6bb15,W1,3,478,1,0.932245,-6.9,8.52,2.39129,-6.9,8.52,2.39129,0,0,0,14415,4.45485e+08,1.11924e+13,0,profile_only
L0_relaunch3,ad6bb15,W1,3,479,1,0.91362,-7,8.57,2.49129,-7,8.57,2.49129,0,0,0,14415,5.8938e+08,1.115e+13,0,profile_only
L0_relaunch3,ad6bb15,W1,3,480,1,0.925697,-7.05,8.62,2.54129,-7.05,8.62,2.54129,0,0,0,14415,3.79621e+08,1.11445e+13,0,profile_only
L0_relaunch3,ad6bb15,W1,3,481,1,0.888451,-7.15,8.67,2.59129,-7.15,8.67,2.59129,0,0,0,14415,4.07865e+08,1.10768e+13,0,profile_only
L0_relaunch3,ad6bb15,W1,3,482,1,0.847146,-7.3,8.72,2.69129,-7.3,8.72,2.69129,0,0,0,14415,4.93402e+08,1.09533e+13,0,profile_only
L0_relaunch3,ad6bb15,W1,3,483,1,0.888418,-7.35,8.72,2.74129,-7.35,8.72,2.74129,0,0,0,14415,4.86871e+08,1.0839e+13,0,profile_only
L0_relaunch3,ad6bb15,W1,3,484,1,0.810985,-7.45,8.72,2.79129,-7.45,8.72,2.79129,0,0,0,14415,4.36072e+08,1.0892e+13,0,profile_only
L0_relaunch3,ad6bb15,W1,3,485,1,0.881402,-7.6,8.77,2.89129,-7.6,8.77,2.89129,0,0,0,14415,4.64532e+08,1.07707e+13,0,profile_only
L0_relaunch3,ad6bb15,W1,3,486,1,0.814554,-7.6,8.77,2.89129,-7.6,8.77,2.89129,0,0,0,14415,4.04218e+08,1.06114e+13,0,profile_only
L0_relaunch3,ad6bb15,W1,3,487,1,0.891085,-7.75,8.77,2.99129,-7.75,8.77,2.99129,0,0,0,14415,4.90492e+08,1.05194e+13,0,profile_only
L0_relaunch3,ad6bb15,W1,3,488,1,0.89267,-7.85,8.77,3.04129,-7.85,8.77,3.04129,0,0,0,14415,4.884e+08,1.04928e+13,0,profile_only
L0_relaunch3,ad6bb15,W1,3,489,1,0.896566,-7.95,8.77,3.09129,-7.95,8.77,3.09129,0,0,0,14415,4.278e+08,1.04059e+13,0,profile_only
L0_relaunch3,ad6bb15,W1,3,490,1,0.79404,-8,8.77,3.09129,-8,8.77,3.09129,0,0,0,14415,4.16524e+08,1.03553e+13,0,profile_only
L0_relaunch3,ad6bb15,W1,3,491,1,0.773558,-8.2,8.77,-3.0919,-8.2,8.77,-3.0919,0,0,0,14415,4.58387e+08,1.02452e+13,0,profile_only
L0_relaunch3,ad6bb15,W1,3,492,1,0.752125,-8.3,8.72,-3.0919,-8.3,8.72,-3.0919,0,0,0,14415,3.35532e+08,1.0162e+13,0,profile_only
L0_relaunch3,ad6bb15,W1,3,493,1,0.904101,-8.5,8.72,-3.0419,-8.5,8.72,-3.0419,0,0,0,14415,4.71402e+08,1.01338e+13,0,profile_only
L0_relaunch3,ad6bb15,W1,3,494,1,0.823965,-8.55,8.72,-3.0419,-8.55,8.72,-3.0419,0,0,0,14415,3.62227e+08,9.94861e+12,0,profile_only
L0_relaunch3,ad6bb15,W1,3,495,1,0.814605,-8.7,8.67,-2.9919,-8.7,8.67,-2.9919,0,0,0,14415,4.10409e+08,9.90198e+12,0,profile_only
L0_relaunch3,ad6bb15,W1,3,496,1,0.829283,-8.8,8.67,-2.9919,-8.8,8.67,-2.9919,0,0,0,14415,3.77064e+08,9.95321e+12,0,profile_only
L0_relaunch3,ad6bb15,W1,3,497,1,0.828619,-8.95,8.62,-2.9419,-8.95,8.62,-2.9419,0,0,0,14415,3.9679e+08,9.84681e+12,0,profile_only
L0_relaunch3,ad6bb15,W1,3,498,1,0.844044,-9,8.62,-2.9419,-9,8.62,-2.9419,0,0,0,14415,4.08039e+08,9.90056e+12,0,profile_only
L0_relaunch3,ad6bb15,W1,3,499,1,0.837347,-9.1,8.57,-2.8919,-9.1,8.57,-2.8919,0,0,0,14415,4.00691e+08,9.9023e+12,0,profile_only
L0_relaunch3,ad6bb15,W1,3,500,1,0.856524,-9.15,8.57,-2.8919,-9.15,8.57,-2.8919,0,0,0,14415,3.53961e+08,1.0082e+13,0,profile_only
L0_relaunch3,ad6bb15,W1,3,501,1,0.831721,-9.25,8.52,-2.8419,-9.25,8.52,-2.8419,0,0,0,14415,3.85332e+08,1.00914e+13,0,profile_only
L0_relaunch3,ad6bb15,W1,3,502,1,0.801059,-9.35,8.52,-2.8419,-9.35,8.52,-2.8419,0,0,0,14415,3.71357e+08,1.02965e+13,0,profile_only
L0_relaunch3,ad6bb15,W1,3,503,1,0.856183,-9.45,8.47,-2.7919,-9.45,8.47,-2.7919,0,0,0,14415,4.36065e+08,1.02608e+13,0,profile_only
L0_relaunch3,ad6bb15,W1,3,504,1,0.796626,-9.55,8.42,-2.7419,-9.55,8.42,-2.7419,0,0,0,14415,4.42383e+08,1.06869e+13,0,profile_only
L0_relaunch3,ad6bb15,W1,3,505,1,0.801509,-9.7,8.32,-2.6919,-9.7,8.32,-2.6919,0,0,0,14415,4.11711e+08,1.11317e+13,0,profile_only
L0_relaunch3,ad6bb15,W1,3,506,1,0.782271,-9.8,8.27,-2.6919,-9.8,8.27,-2.6919,0,0,0,14415,3.9139e+08,1.14364e+13,0,profile_only
L0_relaunch3,ad6bb15,W1,3,507,1,0.824738,-9.9,8.22,-2.6419,-9.9,8.22,-2.6419,0,0,0,14415,5.02053e+08,1.16019e+13,0,profile_only
L0_relaunch3,ad6bb15,W1,3,508,1,0.845001,-10,8.12,-2.5919,-10,8.12,-2.5919,0,0,0,14415,5.40735e+08,1.17441e+13,0,profile_only
L0_relaunch3,ad6bb15,W1,3,509,1,0.787182,-10.15,8.02,-2.5419,-10.15,8.02,-2.5419,0,0,0,14415,4.41346e+08,1.19909e+13,0,profile_only
L0_relaunch3,ad6bb15,W1,3,510,1,0.802282,-10.25,7.92,-2.4919,-10.25,7.92,-2.4919,0,0,0,14415,4.28335e+08,1.20628e+13,0,profile_only
L0_relaunch3,ad6bb15,W1,3,511,1,0.858632,-10.35,7.87,-2.4419,-10.35,7.87,-2.4419,0,0,0,14415,4.70741e+08,1.2216e+13,0,profile_only
L0_relaunch3,ad6bb15,W1,3,512,1,0.877239,-10.45,7.77,-2.3919,-10.45,7.77,-2.3919,0,0,0,14415,5.4918e+08,1.22074e+13,0,profile_only
L0_relaunch3,ad6bb15,W1,3,513,1,0.850318,-10.5,7.72,-2.3919,-10.5,7.72,-2.3919,0,0,0,14415,4.75403e+08,1.22172e+13,0,profile_only
L0_relaunch3,ad6bb15,W1,3,514,1,0.881383,-10.6,7.62,-2.3419,-10.6,7.62,-2.3419,0,0,0,14415,5.39313e+08,1.21929e+13,0,profile_only
L0_relaunch3,ad6bb15,W1,3,515,1,0.912338,-10.65,7.52,-2.2919,-10.65,7.52,-2.2919,0,0,0,14415,5.07535e+08,1.21564e+13,0,profile_only
L0_relaunch3,ad6bb15,W1,3,516,1,0.921647,-10.75,7.37,-2.2419,-10.75,7.37,-2.2419,0,0,0,14415,5.04353e+08,1.21467e+13,0,profile_only
L0_relaunch3,ad6bb15,W1,3,517,1,0.905257,-10.85,7.22,-2.1919,-10.85,7.22,-2.1919,0,0,0,14415,5.12564e+08,1.20712e+13,0,profile_only
L0_relaunch3,ad6bb15,W1,3,518,1,0.85533,-10.85,7.22,-2.1919,-10.85,7.22,-2.1919,0,0,0,14415,4.39522e+08,1.20375e+13,0,profile_only
L0_relaunch3,ad6bb15,W1,3,519,1,0.878148,-10.9,7.12,-2.1419,-10.9,7.12,-2.1419,0,0,0,14415,5.50917e+08,1.18819e+13,0,profile_only
L0_relaunch3,ad6bb15,W1,3,520,1,0.861939,-11,6.97,-2.0919,-11,6.97,-2.0919,0,0,0,14415,5.56247e+08,1.15044e+13,0,profile_only
L0_relaunch3,ad6bb15,W1,3,521,1,0.872946,-11.05,6.82,-2.0419,-11.05,6.82,-2.0419,0,0,0,14415,5.2374e+08,1.1055e+13,0,profile_only
L0_relaunch3,ad6bb15,W1,3,522,1,0.858914,-11.1,6.72,-1.9919,-11.1,6.72,-1.9919,0,0,0,14415,4.43345e+08,1.07416e+13,0,profile_only
L0_relaunch3,ad6bb15,W1,3,523,1,0.837268,-11.15,6.52,-1.9419,-11.15,6.52,-1.9419,0,0,0,14415,5.09934e+08,1.02521e+13,0,profile_only
L0_relaunch3,ad6bb15,W1,3,524,1,0.804502,-11.2,6.32,-1.8919,-11.2,6.32,-1.8919,0,0,0,14415,5.55692e+08,1.01744e+13,0,profile_only
L0_relaunch3,ad6bb15,W1,3,525,1,0.772683,-11.25,6.17,-1.7919,-11.25,6.17,-1.7919,0,0,0,14415,4.40328e+08,1.03922e+13,0,profile_only
L0_relaunch3,ad6bb15,W1,3,526,1,0.839546,-11.25,5.97,-1.7419,-11.25,5.97,-1.7419,0,0,0,14415,3.79964e+08,1.07208e+13,0,profile_only
L0_relaunch3,ad6bb15,W1,3,527,1,0.764958,-11.25,5.77,-1.6919,-11.25,5.77,-1.6919,0,0,0,14415,4.55441e+08,1.11181e+13,0,profile_only
L0_relaunch3,ad6bb15,W1,3,528,1,0.740597,-11.3,5.57,-1.5919,-11.3,5.57,-1.5919,0,0,0,14415,4.94173e+08,1.13571e+13,0,profile_only
L0_relaunch3,ad6bb15,W1,3,529,1,0.788468,-11.25,5.27,-1.4919,-11.25,5.27,-1.4919,0,0,0,14415,5.43949e+08,1.18752e+13,0,profile_only
L0_relaunch3,ad6bb15,W1,3,530,1,0.830718,-11.2,5.02,-1.3919,-11.2,5.02,-1.3919,0,0,0,14415,5.49306e+08,1.26634e+13,0,profile_only
L0_relaunch3,ad6bb15,W1,3,531,1,0.741704,-11.2,4.82,-1.2919,-11.2,4.82,-1.2919,0,0,0,14415,4.49775e+08,1.32028e+13,0,profile_only
L0_relaunch3,ad6bb15,W1,3,532,1,0.730755,-11.05,4.57,-1.0919,-11.05,4.57,-1.0919,0,0,0,14415,6.50593e+08,1.34333e+13,0,profile_only
L0_relaunch3,ad6bb15,W1,3,533,1,0.740778,-10.75,4.37,-0.841899,-10.75,4.37,-0.841899,0,0,0,14415,6.52813e+08,1.40055e+13,0,profile_only
L0_relaunch3,ad6bb15,W1,3,534,1,0.624472,-6.65,4.82,-0.791899,-6.65,4.82,-0.791899,0,0,0,14415,4.43684e+08,1.48571e+13,0,profile_only
L0_relaunch3,ad6bb15,W1,3,535,1,0.617673,-5.5,7.37,-0.691899,-5.5,7.37,-0.691899,0,0,0,14415,5.4878e+08,2.46269e+13,0,profile_only
L0_relaunch3,ad6bb15,W1,3,536,1,0.839124,-6.9,3.32,-0.441899,-6.9,3.32,-0.441899,0,0,0,14415,6.7601e+08,1.83878e+13,0,profile_only
L0_relaunch3,ad6bb15,W1,3,537,1,0.837956,-6.7,3.22,-0.441899,-6.7,3.22,-0.441899,0,0,0,14415,3.94069e+08,2.28168e+13,0,profile_only
L0_relaunch3,ad6bb15,W1,3,538,1,0.811937,-6.5,3.12,-0.441899,-6.5,3.12,-0.441899,0,0,0,14415,4.31902e+08,2.28519e+13,0,profile_only
L0_relaunch3,ad6bb15,W1,3,539,1,0.807184,-6.3,3.02,-0.441899,-6.3,3.02,-0.441899,0,0,0,14415,4.31897e+08,2.28226e+13,0,profile_only
L0_relaunch3,ad6bb15,W1,3,540,1,0.793864,-6.05,2.92,-0.441899,-6.05,2.92,-0.441899,0,0,0,14415,4.55638e+08,2.27024e+13,0,profile_only
L0_relaunch3,ad6bb15,W1,3,541,1,0.770282,-5.75,2.77,-0.441899,-5.75,2.77,-0.441899,0,0,0,14415,4.52322e+08,2.25725e+13,0,profile_only
L0_relaunch3,ad6bb15,W1,3,542,1,0.813123,-5.25,2.52,-0.441899,-5.25,2.52,-0.441899,0,0,0,14415,4.36514e+08,2.24098e+13,0,profile_only
L0_relaunch3,ad6bb15,W1,3,543,1,0.897212,-5,2.42,-0.441899,-5,2.42,-0.441899,0,0,0,14415,4.62015e+08,2.21693e+13,0,profile_only
L0_relaunch3,ad6bb15,W1,3,544,1,0.856458,-4.9,2.37,-0.441899,-4.9,2.37,-0.441899,0,0,0,14415,4.19512e+08,2.21085e+13,0,profile_only
L0_relaunch3,ad6bb15,W1,3,545,1,0.739696,-4.45,2.12,-0.441899,-4.45,2.12,-0.441899,0,0,0,14415,4.37328e+08,2.21903e+13,0,profile_only
L0_relaunch3,ad6bb15,W1,3,546,1,0.819735,-3.9,1.82,-0.491899,-3.9,1.82,-0.491899,0,0,0,14415,3.89347e+08,2.23226e+13,0,profile_only
L0_relaunch3,ad6bb15,W1,3,547,1,0.870069,-3.85,1.77,-0.541899,-3.85,1.77,-0.541899,0,0,0,14415,3.61419e+08,2.22392e+13,0,profile_only
L0_relaunch3,ad6bb15,W1,3,548,1,0.804683,-3.5,1.57,-0.541899,-3.5,1.57,-0.541899,0,0,0,14415,4.02298e+08,2.22116e+13,0,profile_only
L0_relaunch3,ad6bb15,W1,3,549,1,0.841505,-3.55,1.57,-0.591899,-3.55,1.57,-0.591899,0,0,0,14415,3.53156e+08,2.20536e+13,0,profile_only
L0_relaunch3,ad6bb15,W1,3,550,1,0.793898,-3.4,1.47,-0.641899,-3.4,1.47,-0.641899,0,0,0,14415,3.62063e+08,2.2202e+13,0,profile_only
L0_relaunch3,ad6bb15,W1,3,551,1,0.778248,-3.15,1.27,-0.691899,-3.15,1.27,-0.691899,0,0,0,14415,3.91861e+08,2.21027e+13,0,profile_only
L0_relaunch3,ad6bb15,W1,3,552,1,0.868386,-2.95,1.07,-0.691899,-2.95,1.07,-0.691899,0,0,0,14415,4.3573e+08,2.17629e+13,0,profile_only
L0_relaunch3,ad6bb15,W1,3,553,1,0.852254,-2.8,0.92,-0.741899,-2.8,0.92,-0.741899,0,0,0,14415,4.43527e+08,2.13804e+13,0,profile_only
L0_relaunch3,ad6bb15,W1,3,554,1,0.786458,-2.65,0.77,-0.791899,-2.65,0.77,-0.791899,0,0,0,14415,3.52579e+08,2.11154e+13,0,profile_only
L0_relaunch3,ad6bb15,W1,3,555,1,0.868872,-2.5,0.62,-0.791899,-2.5,0.62,-0.791899,0,0,0,14415,3.87794e+08,2.10648e+13,0,profile_only
L0_relaunch3,ad6bb15,W1,3,556,1,0.814554,-2.4,0.52,-0.791899,-2.4,0.52,-0.791899,0,0,0,14415,4.26028e+08,2.06322e+13,0,profile_only
L0_relaunch3,ad6bb15,W1,3,557,1,0.917549,-2.25,0.37,-0.791899,-2.25,0.37,-0.791899,0,0,0,14415,4.23103e+08,2.02401e+13,0,profile_only
L0_relaunch3,ad6bb15,W1,3,558,1,0.895725,-2.1,0.22,-0.741899,-2.1,0.22,-0.741899,0,0,0,14415,5.1134e+08,1.95896e+13,0,profile_only
L0_relaunch3,ad6bb15,W1,3,559,1,0.822477,-2,0.12,-0.691899,-2,0.12,-0.691899,0,0,0,14415,5.26872e+08,1.92447e+13,0,profile_only
L0_relaunch3,ad6bb15,W1,3,560,1,0.748697,-1.9,0.07,-0.641899,-1.9,0.07,-0.641899,0,0,0,14415,5.39996e+08,1.90164e+13,0,profile_only
L0_relaunch3,ad6bb15,W1,3,561,1,0.808913,-1.4,-0.18,-0.441899,-1.4,-0.18,-0.441899,0,0,0,14415,4.8705e+08,1.88702e+13,0,profile_only
L0_relaunch3,ad6bb15,W1,3,562,1,0.823961,-1,-0.33,-0.391899,-1,-0.33,-0.391899,0,0,0,14415,4.3693e+08,1.89656e+13,0,profile_only
L0_relaunch3,ad6bb15,W1,3,563,1,0.795817,-0.7,-0.43,-0.341899,-0.7,-0.43,-0.341899,0,0,0,14415,5.19249e+08,1.8756e+13,0,profile_only
L0_relaunch3,ad6bb15,W1,3,564,1,0.794957,-0.45,-0.53,-0.341899,-0.45,-0.53,-0.341899,0,0,0,14415,4.87078e+08,1.87048e+13,0,profile_only
L0_relaunch3,ad6bb15,W1,3,565,1,0.836702,-0.2,-0.58,-0.291899,-0.2,-0.58,-0.291899,0,0,0,14415,4.46872e+08,1.83875e+13,0,profile_only
L0_relaunch3,ad6bb15,W1,3,566,1,0.869518,-1.27676e-15,-0.63,-0.241899,-1.27676e-15,-0.63,-0.241899,0,0,0,14415,5.13066e+08,1.83501e+13,0,profile_only
L0_relaunch3,ad6bb15,W1,3,567,1,0.863957,0.15,-0.68,-0.191899,0.15,-0.68,-0.191899,0,0,0,14415,3.2466e+08,1.82717e+13,0,profile_only
L0_relaunch3,ad6bb15,W1,3,568,1,0.883485,0.3,-0.68,-0.141899,0.3,-0.68,-0.141899,0,0,0,14415,2.67743e+08,1.82146e+13,0,profile_only
L0_relaunch3,ad6bb15,W1,3,569,1,0.874902,0.45,-0.68,-0.0918989,0.45,-0.68,-0.0918989,0,0,0,14415,3.29442e+08,1.82951e+13,0,profile_only
L0_relaunch3,ad6bb15,W1,3,570,1,0.860189,0.6,-0.68,-0.0418989,0.6,-0.68,-0.0418989,0,0,0,14415,4.78072e+08,1.83564e+13,0,profile_only
L0_relaunch3,ad6bb15,W1,3,571,1,0.820809,0.7,-0.68,0.00810113,0.7,-0.68,0.00810113,0,0,0,14415,4.96074e+08,1.84572e+13,0,profile_only
L0_relaunch3,ad6bb15,W1,3,572,1,0.724942,0.8,-0.68,0.00810113,0.8,-0.68,0.00810113,0,0,0,14415,4.66612e+08,1.858e+13,0,profile_only
L0_relaunch3,ad6bb15,W1,3,573,1,0.794199,1,-0.63,0.108101,1,-0.63,0.108101,0,0,0,14415,5.42341e+08,1.85286e+13,0,profile_only
L0_relaunch3,ad6bb15,W1,3,574,1,0.781205,1.2,-0.58,0.158101,1.2,-0.58,0.158101,0,0,0,14415,4.78401e+08,1.88383e+13,0,profile_only
L0_relaunch3,ad6bb15,W1,3,575,1,0.746419,1.45,-0.48,0.258101,1.45,-0.48,0.258101,0,0,0,14415,5.13112e+08,1.8952e+13,0,profile_only
L0_relaunch3,ad6bb15,W1,3,576,1,0.808739,1.6,-0.43,0.308101,1.6,-0.43,0.308101,0,0,0,14415,4.52545e+08,1.92516e+13,0,profile_only
L0_relaunch3,ad6bb15,W1,3,577,1,0.764622,1.7,-0.38,0.358101,1.7,-0.38,0.358101,0,0,0,14415,4.75673e+08,1.93806e+13,0,profile_only
L0_relaunch3,ad6bb15,W1,3,578,1,0.910323,1.9,-0.33,0.408101,1.9,-0.33,0.408101,0,0,0,14415,4.92008e+08,1.95903e+13,0,profile_only
L0_relaunch3,ad6bb15,W1,3,579,1,0.901866,2,-0.28,0.458101,2,-0.28,0.458101,0,0,0,14415,4.81642e+08,1.96716e+13,0,profile_only
L0_relaunch3,ad6bb15,W1,3,580,1,0.906749,2.15,-0.18,0.508101,2.15,-0.18,0.508101,0,0,0,14415,4.44825e+08,1.98729e+13,0,profile_only
L0_relaunch3,ad6bb15,W1,3,581,1,0.889111,2.25,-0.13,0.558101,2.25,-0.13,0.558101,0,0,0,14415,4.6293e+08,2.00953e+13,0,profile_only
L0_relaunch3,ad6bb15,W1,3,582,1,0.905117,2.4,0.02,0.608101,2.4,0.02,0.608101,0,0,0,14415,4.78211e+08,2.02762e+13,0,profile_only
L0_relaunch3,ad6bb15,W1,3,583,1,0.869308,2.5,0.07,0.658101,2.5,0.07,0.658101,0,0,0,14415,4.60047e+08,2.0551e+13,0,profile_only
L0_relaunch3,ad6bb15,W1,3,584,1,0.899753,2.6,0.17,0.708101,2.6,0.17,0.708101,0,0,0,14415,4.32145e+08,2.06295e+13,0,profile_only
L0_relaunch3,ad6bb15,W1,3,585,1,0.908901,2.75,0.32,0.758101,2.75,0.32,0.758101,0,0,0,14415,4.53741e+08,2.07589e+13,0,profile_only
L0_relaunch3,ad6bb15,W1,3,586,1,0.877086,2.8,0.37,0.808101,2.8,0.37,0.808101,0,0,0,14415,4.34577e+08,2.08965e+13,0,profile_only
L0_relaunch3,ad6bb15,W1,3,587,1,0.828572,3,0.62,0.908101,3,0.62,0.908101,0,0,0,14415,5.47275e+08,2.08399e+13,0,profile_only
L0_relaunch3,ad6bb15,W1,3,588,1,0.883245,3.1,0.77,0.958101,3.1,0.77,0.958101,0,0,0,14415,4.84866e+08,2.11294e+13,0,profile_only
L0_relaunch3,ad6bb15,W1,3,589,1,0.829025,3.15,0.87,1.0081,3.15,0.87,1.0081,0,0,0,14415,4.88252e+08,2.12898e+13,0,profile_only
L0_relaunch3,ad6bb15,W1,3,590,1,0.873353,3.25,1.07,1.0581,3.25,1.07,1.0581,0,0,0,14415,4.56198e+08,2.14508e+13,0,profile_only
L0_relaunch3,ad6bb15,W1,3,591,1,0.886543,3.3,1.17,1.1081,3.3,1.17,1.1081,0,0,0,14415,4.55741e+08,2.16542e+13,0,profile_only
L0_relaunch3,ad6bb15,W1,3,592,1,0.803548,3.4,1.42,1.2081,3.4,1.42,1.2081,0,0,0,14415,4.98309e+08,2.17275e+13,0,profile_only
L0_relaunch3,ad6bb15,W1,3,593,1,0.901108,3.45,1.62,1.2581,3.45,1.62,1.2581,0,0,0,14415,4.97969e+08,2.15799e+13,0,profile_only
L0_relaunch3,ad6bb15,W1,3,594,1,0.857282,3.5,1.77,1.3081,3.5,1.77,1.3081,0,0,0,14415,4.69189e+08,2.14954e+13,0,profile_only
L0_relaunch3,ad6bb15,W1,3,595,1,0.779797,3.5,1.97,1.3581,3.5,1.97,1.3581,0,0,0,14415,5.0833e+08,2.14008e+13,0,profile_only
L0_relaunch3,ad6bb15,W1,3,596,1,0.868484,3.55,2.22,1.4581,3.55,2.22,1.4581,0,0,0,14415,4.99908e+08,2.13916e+13,0,profile_only
L0_relaunch3,ad6bb15,W1,3,597,1,0.847726,3.55,2.37,1.5081,3.55,2.37,1.5081,0,0,0,14415,3.95695e+08,2.12847e+13,0,profile_only
L0_relaunch3,ad6bb15,W1,3,598,1,0.771116,3.55,2.52,1.5581,3.55,2.52,1.5581,0,0,0,14415,3.96972e+08,2.12351e+13,0,profile_only
L0_relaunch3,ad6bb15,W1,3,599,1,0.705824,3.5,2.72,1.6081,3.5,2.72,1.6081,0,0,0,14415,4.72796e+08,2.11724e+13,0,profile_only
L0_relaunch3,ad6bb15,W1,3,600,1,0.788174,3.5,3.02,1.7081,3.5,3.02,1.7081,0,0,0,14415,5.37304e+08,2.12122e+13,0,profile_only
L0_relaunch3,ad6bb15,W1,3,601,1,0.895191,3.45,3.17,1.7581,3.45,3.17,1.7581,0,0,0,14415,5.09731e+08,2.11442e+13,0,profile_only
L0_relaunch3,ad6bb15,W1,3,602,1,0.815944,3.4,3.32,1.8081,3.4,3.32,1.8081,0,0,0,14415,4.91077e+08,2.12339e+13,0,profile_only
L0_relaunch3,ad6bb15,W1,3,603,1,0.785105,3.25,3.67,1.9081,3.25,3.67,1.9081,0,0,0,14415,5.60848e+08,2.13428e+13,0,profile_only
L0_relaunch3,ad6bb15,W1,3,604,1,0.853988,3.15,3.82,1.9581,3.15,3.82,1.9581,0,0,0,14415,5.08549e+08,2.13849e+13,0,profile_only
L0_relaunch3,ad6bb15,W1,3,605,1,0.850237,3.05,3.97,2.0081,3.05,3.97,2.0081,0,0,0,14415,4.5995e+08,2.14103e+13,0,profile_only
L0_relaunch3,ad6bb15,W1,3,606,1,0.93058,3.05,4.07,2.0581,3.05,4.07,2.0581,0,0,0,14415,4.96299e+08,2.1391e+13,0,profile_only
L0_relaunch3,ad6bb15,W1,3,607,1,0.863282,3,4.17,2.1081,3,4.17,2.1081,0,0,0,14415,5.19893e+08,2.12432e+13,0,profile_only
L0_relaunch3,ad6bb15,W1,3,608,1,0.910937,2.8,4.42,2.2081,2.8,4.42,2.2081,0,0,0,14415,5.35189e+08,2.10254e+13,0,profile_only
L0_relaunch3,ad6bb15,W1,3,609,1,0.832897,2.7,4.52,2.2581,2.7,4.52,2.2581,0,0,0,14415,5.0997e+08,2.05424e+13,0,profile_only
L0_relaunch3,ad6bb15,W1,3,610,1,0.953755,2.6,4.62,2.3081,2.6,4.62,2.3081,0,0,0,14415,5.04843e+08,2.02386e+13,0,profile_only
L0_relaunch3,ad6bb15,W1,3,611,1,0.933082,2.5,4.72,2.3581,2.5,4.72,2.3581,0,0,0,14415,4.98201e+08,2.00193e+13,0,profile_only
L0_relaunch3,ad6bb15,W1,3,612,1,0.869319,2.45,4.77,2.4081,2.45,4.77,2.4081,0,0,0,14415,5.29297e+08,1.98029e+13,0,profile_only
L0_relaunch3,ad6bb15,W1,3,613,1,0.861504,2.15,5.02,2.5081,2.15,5.02,2.5081,0,0,0,14415,5.63008e+08,1.97643e+13,0,profile_only
L0_relaunch3,ad6bb15,W1,3,614,1,0.890342,2,5.07,2.5581,2,5.07,2.5581,0,0,0,14415,4.98169e+08,1.94832e+13,0,profile_only
L0_relaunch3,ad6bb15,W1,3,615,1,0.820551,1.7,5.27,2.6581,1.7,5.27,2.6581,0,0,0,14415,5.54068e+08,1.95138e+13,0,profile_only
L0_relaunch3,ad6bb15,W1,3,616,1,0.869246,1.6,5.27,2.7081,1.6,5.27,2.7081,0,0,0,14415,5.15913e+08,1.93268e+13,0,profile_only
L0_relaunch3,ad6bb15,W1,3,617,1,0.823,1.5,5.27,2.7581,1.5,5.27,2.7581,0,0,0,14415,4.95711e+08,1.93622e+13,0,profile_only
L0_relaunch3,ad6bb15,W1,3,618,1,0.81816,1.05,5.47,2.8081,1.05,5.47,2.8081,0,0,0,14415,5.01719e+08,1.94093e+13,0,profile_only
L0_relaunch3,ad6bb15,W1,3,619,1,0.862763,0.65,5.62,2.8581,0.65,5.62,2.8581,0,0,0,14415,4.40426e+08,1.91236e+13,0,profile_only
L0_relaunch3,ad6bb15,W1,3,620,1,0.846435,0.45,5.67,2.8581,0.45,5.67,2.8581,0,0,0,14415,4.13613e+08,1.90506e+13,0,profile_only
L0_relaunch3,ad6bb15,W1,3,621,1,0.840373,0.25,5.72,2.8081,0.25,5.72,2.8081,0,0,0,14415,3.66939e+08,1.89374e+13,0,profile_only
L0_relaunch3,ad6bb15,W1,3,622,1,0.888451,-0.05,5.82,2.8081,-0.05,5.82,2.8081,0,0,0,14415,4.16269e+08,1.86635e+13,0,profile_only
L0_relaunch3,ad6bb15,W1,3,623,1,0.908335,-0.25,5.92,2.8081,-0.25,5.92,2.8081,0,0,0,14415,4.30512e+08,1.84915e+13,0,profile_only
L0_relaunch3,ad6bb15,W1,3,624,1,0.928171,-0.4,5.97,2.8081,-0.4,5.97,2.8081,0,0,0,14415,4.70566e+08,1.82914e+13,0,profile_only
L0_relaunch3,ad6bb15,W1,3,625,1,0.955444,-0.55,6.02,2.8081,-0.55,6.02,2.8081,0,0,0,14415,4.68262e+08,1.8212e+13,0,profile_only
L0_relaunch3,ad6bb15,W1,3,626,1,0.933021,-0.7,6.07,2.8081,-0.7,6.07,2.8081,0,0,0,14415,4.12378e+08,1.8154e+13,0,profile_only
L0_relaunch3,ad6bb15,W1,3,627,1,0.924728,-0.8,6.12,2.8081,-0.8,6.12,2.8081,0,0,0,14415,4.12362e+08,1.80938e+13,0,profile_only
L0_relaunch3,ad6bb15,W1,3,628,1,0.913218,-0.95,6.17,2.8081,-0.95,6.17,2.8081,0,0,0,14415,4.42014e+08,1.80285e+13,0,profile_only
L0_relaunch3,ad6bb15,W1,3,629,1,0.908643,-1.05,6.22,2.7581,-1.05,6.22,2.7581,0,0,0,14415,4.18454e+08,1.80807e+13,0,profile_only
L0_relaunch3,ad6bb15,W1,3,630,1,0.906913,-1.15,6.27,2.7581,-1.15,6.27,2.7581,0,0,0,14415,4.84566e+08,1.79547e+13,0,profile_only
L0_relaunch3,ad6bb15,W1,3,631,1,0.880561,-1.3,6.32,2.7581,-1.3,6.32,2.7581,0,0,0,14415,4.8493e+08,1.80567e+13,0,profile_only
L0_relaunch3,ad6bb15,W1,3,632,1,0.907849,-1.35,6.37,2.7081,-1.35,6.37,2.7081,0,0,0,14415,5.15644e+08,1.82976e+13,0,profile_only
L0_relaunch3,ad6bb15,W1,3,633,1,0.874336,-1.5,6.42,2.7081,-1.5,6.42,2.7081,0,0,0,14415,4.90534e+08,1.80718e+13,0,profile_only
L0_relaunch3,ad6bb15,W1,3,634,1,0.851604,-1.6,6.47,2.7081,-1.6,6.47,2.7081,0,0,0,14415,5.20085e+08,1.81627e+13,0,profile_only
L0_relaunch3,ad6bb15,W1,3,635,1,0.821277,-1.7,6.52,2.7081,-1.7,6.52,2.7081,0,0,0,14415,4.62266e+08,1.82115e+13,0,profile_only
L0_relaunch3,ad6bb15,W1,3,636,1,0.789026,-1.75,6.57,2.7081,-1.75,6.57,2.7081,0,0,0,14415,3.04465e+08,1.81913e+13,0,profile_only
L0_relaunch3,ad6bb15,W1,3,637,1,0.790593,-1.75,6.57,2.7081,-1.75,6.57,2.7081,0,0,0,14415,2.35748e+08,1.80451e+13,0,profile_only
L0_relaunch3,ad6bb15,W1,3,638,1,0.781168,-1.75,6.57,2.7081,-1.75,6.57,2.7081,0,0,0,14415,2.42332e+08,1.80433e+13,0,profile_only
L0_relaunch3,ad6bb15,W1,3,639,1,0.786342,-1.75,6.57,2.7081,-1.75,6.57,2.7081,0,0,0,14415,2.40441e+08,1.80414e+13,0,profile_only
L0_relaunch3,ad6bb15,W1,3,640,1,0.7839,-1.75,6.57,2.7081,-1.75,6.57,2.7081,0,0,0,14415,2.40418e+08,1.80417e+13,0,profile_only
L0_relaunch3,ad6bb15,W1,3,641,1,0.770499,-1.8,6.57,2.7081,-1.8,6.57,2.7081,0,0,0,14415,2.41404e+08,1.80423e+13,0,profile_only
L0_relaunch3,ad6bb15,W1,3,642,1,0.769302,-1.75,6.57,2.7081,-1.75,6.57,2.7081,0,0,0,14415,1.96467e+08,1.80545e+13,0,profile_only
L0_relaunch3,ad6bb15,W1,3,643,1,0.765762,-1.75,6.57,2.7081,-1.75,6.57,2.7081,0,0,0,14415,2.40394e+08,1.8044e+13,0,profile_only
L0_relaunch3,ad6bb15,W1,3,644,1,0.772632,-1.75,6.57,2.7081,-1.75,6.57,2.7081,0,0,0,14415,2.21137e+08,1.80422e+13,0,profile_only
L0_relaunch3,ad6bb15,W1,3,645,1,0.771889,-1.75,6.57,2.7081,-1.75,6.57,2.7081,0,0,0,14415,2.21156e+08,1.80454e+13,0,profile_only
L0_relaunch3,ad6bb15,W1,3,646,1,0.78723,-1.75,6.57,2.7081,-1.75,6.57,2.7081,0,0,0,14415,2.40577e+08,1.80436e+13,0,profile_only
L0_relaunch3,ad6bb15,W1,3,647,1,0.783011,-1.75,6.57,2.7081,-1.75,6.57,2.7081,0,0,0,14415,2.42257e+08,1.80414e+13,0,profile_only
L0_relaunch3,ad6bb15,W1,3,648,1,0.79339,-1.8,6.57,2.7081,-1.8,6.57,2.7081,0,0,0,14415,2.34905e+08,1.80381e+13,0,profile_only
L0_relaunch3,ad6bb15,W1,3,649,1,0.7834,-1.75,6.57,2.7081,-1.75,6.57,2.7081,0,0,0,14415,1.96442e+08,1.80519e+13,0,profile_only
L0_relaunch3,ad6bb15,W1,3,650,1,0.768025,-1.75,6.57,2.7081,-1.75,6.57,2.7081,0,0,0,14415,2.40453e+08,1.80438e+13,0,profile_only
L0_relaunch3,ad6bb15,W1,3,651,1,0.777515,-1.8,6.57,2.7081,-1.8,6.57,2.7081,0,0,0,14415,2.22209e+08,1.80416e+13,0,profile_only
L0_relaunch3,ad6bb15,W1,3,652,1,0.778194,-1.75,6.57,2.7081,-1.75,6.57,2.7081,0,0,0,14415,1.96466e+08,1.80525e+13,0,profile_only
L0_relaunch3,ad6bb15,W1,3,653,1,0.77281,-1.75,6.57,2.7081,-1.75,6.57,2.7081,0,0,0,14415,2.41412e+08,1.80443e+13,0,profile_only
L0_relaunch3,ad6bb15,W1,3,654,1,0.780603,-1.75,6.57,2.7081,-1.75,6.57,2.7081,0,0,0,14415,2.41475e+08,1.80426e+13,0,profile_only
L0_relaunch3,ad6bb15,W1,3,655,1,0.77462,-1.75,6.57,2.7081,-1.75,6.57,2.7081,0,0,0,14415,2.40293e+08,1.80419e+13,0,profile_only
L0_relaunch3,ad6bb15,W1,3,656,1,0.783545,-1.75,6.57,2.7081,-1.75,6.57,2.7081,0,0,0,14415,2.40544e+08,1.80417e+13,0,profile_only
L0_relaunch3,ad6bb15,W1,3,657,1,0.781702,-1.75,6.57,2.7081,-1.75,6.57,2.7081,0,0,0,14415,2.41499e+08,1.80431e+13,0,profile_only
L0_relaunch3,ad6bb15,W1,3,658,1,0.775009,-1.75,6.57,2.7081,-1.75,6.57,2.7081,0,0,0,14415,2.21173e+08,1.80432e+13,0,profile_only
L0_relaunch3,ad6bb15,W1,3,659,1,0.769092,-1.75,6.57,2.7081,-1.75,6.57,2.7081,0,0,0,14415,2.21146e+08,1.8046e+13,0,profile_only
L0_relaunch3,ad6bb15,W1,3,660,1,0.786842,-1.75,6.57,2.7081,-1.75,6.57,2.7081,0,0,0,14415,2.41428e+08,1.80411e+13,0,profile_only
L0_relaunch3,ad6bb15,W1,3,661,1,0.777806,-1.75,6.57,2.7081,-1.75,6.57,2.7081,0,0,0,14415,2.28245e+08,1.80419e+13,0,profile_only
L0_relaunch3,ad6bb15,W1,3,662,1,0.783011,-1.75,6.57,2.7081,-1.75,6.57,2.7081,0,0,0,14415,2.21041e+08,1.80425e+13,0,profile_only
L0_relaunch3,ad6bb15,W2,1,0,1,0.856585,-2,6.82,-3.02553,-2,6.82,-3.02553,0,0,0,54621,2.17758e+08,1.64836e+14,0,profile_only
L0_relaunch3,ad6bb15,W2,1,1,1,0.842731,-2,6.82,-3.02553,-2,6.82,-3.02553,0,0,0,54621,2.91311e+08,1.64854e+14,0,profile_only
L0_relaunch3,ad6bb15,W2,1,2,1,0.844574,-2,6.82,-3.02553,-2,6.82,-3.02553,0,0,0,54621,2.89468e+08,1.64835e+14,0,profile_only
L0_relaunch3,ad6bb15,W2,1,3,1,0.835537,-2,6.82,-3.02553,-2,6.82,-3.02553,0,0,0,54621,1.94969e+08,1.64848e+14,0,profile_only
L0_relaunch3,ad6bb15,W2,1,4,1,0.844153,-2,6.82,-3.02553,-2,6.82,-3.02553,0,0,0,54621,2.89413e+08,1.64834e+14,0,profile_only
L0_relaunch3,ad6bb15,W2,1,5,1,0.844929,-2,6.82,-3.02553,-2,6.82,-3.02553,0,0,0,54621,2.90323e+08,1.64852e+14,0,profile_only
L0_relaunch3,ad6bb15,W2,1,6,1,0.840112,-2,6.82,-3.02553,-2,6.82,-3.02553,0,0,0,54621,2.1668e+08,1.6484e+14,0,profile_only
L0_relaunch3,ad6bb15,W2,1,7,1,0.842343,-2,6.82,-3.02553,-2,6.82,-3.02553,0,0,0,54621,1.93081e+08,1.64847e+14,0,profile_only
L0_relaunch3,ad6bb15,W2,1,8,1,0.848615,-2,6.82,-3.02553,-2,6.82,-3.02553,0,0,0,54621,1.95017e+08,1.64848e+14,0,profile_only
L0_relaunch3,ad6bb15,W2,1,9,1,0.856407,-2,6.82,-3.02553,-2,6.82,-3.02553,0,0,0,54621,2.81327e+08,1.64841e+14,0,profile_only
L0_relaunch3,ad6bb15,W2,1,10,1,0.844897,-2,6.82,-3.02553,-2,6.82,-3.02553,0,0,0,54621,1.93081e+08,1.64829e+14,0,profile_only
L0_relaunch3,ad6bb15,W2,1,11,1,0.848114,-2,6.82,-3.02553,-2,6.82,-3.02553,0,0,0,54621,2.93564e+08,1.64843e+14,0,profile_only
L0_relaunch3,ad6bb15,W2,1,12,1,0.842764,-2,6.82,-3.02553,-2,6.82,-3.02553,0,0,0,54621,2.89372e+08,1.6483e+14,0,profile_only
L0_relaunch3,ad6bb15,W2,1,13,1,0.861613,-2.05,6.82,-3.02553,-2.05,6.82,-3.02553,0,0,0,54621,2.24632e+08,1.64863e+14,0,profile_only
L0_relaunch3,ad6bb15,W2,1,14,1,0.874093,-2.15,6.82,-3.02553,-2.15,6.82,-3.02553,0,0,0,54621,4.28741e+08,1.649e+14,0,profile_only
L0_relaunch3,ad6bb15,W2,1,15,1,0.812759,-2.3,6.82,-3.02553,-2.3,6.82,-3.02553,0,0,0,54621,2.60579e+08,1.65096e+14,0,profile_only
L0_relaunch3,ad6bb15,W2,1,16,1,0.872413,-2.75,6.77,-3.02553,-2.75,6.77,-3.02553,0,0,0,54621,5.73191e+08,1.65746e+14,0,profile_only
L0_relaunch3,ad6bb15,W2,1,17,1,0.875565,-3.15,6.72,-2.97553,-3.15,6.72,-2.97553,0,0,0,54621,5.66294e+08,1.66456e+14,0,profile_only
L0_relaunch3,ad6bb15,W2,1,18,1,0.922755,-3.5,6.67,-2.97553,-3.5,6.67,-2.97553,0,0,0,54621,5.34582e+08,1.67299e+14,0,profile_only
L0_relaunch3,ad6bb15,W2,1,19,1,0.837239,-4,6.52,-2.92553,-4,6.52,-2.92553,0,0,0,54621,7.17498e+08,1.62397e+14,0,profile_only
L0_relaunch3,ad6bb15,W2,1,20,1,0.835795,-4.45,6.52,-3.02553,-4.45,6.52,-3.02553,0,0,0,54621,5.09775e+08,1.58269e+14,0,profile_only
L0_relaunch3,ad6bb15,W2,1,21,1,0.794315,-4.8,6.52,3.05766,-4.8,6.52,3.05766,0,0,0,54621,4.1897e+08,1.50619e+14,0,profile_only
L0_relaunch3,ad6bb15,W2,1,22,1,0.862712,-5.3,6.72,2.65766,-5.3,6.72,2.65766,0,0,0,54621,3.0996e+08,1.41541e+14,0,profile_only
L0_relaunch3,ad6bb15,W2,1,23,1,0.862517,-5.6,7.07,2.40766,-5.6,7.07,2.40766,0,0,0,54621,4.65322e+08,1.28009e+14,0,profile_only
L0_relaunch3,ad6bb15,W2,1,24,1,0.846576,-5.85,7.42,2.10766,-5.85,7.42,2.10766,0,0,0,54621,3.53095e+08,1.16869e+14,0,profile_only
L0_relaunch3,ad6bb15,W2,1,25,1,0.900365,-6.2,8.02,2.10766,-6.2,8.02,2.10766,0,0,0,54621,5.55097e+08,1.10309e+14,0,profile_only
L0_relaunch3,ad6bb15,W2,1,26,1,0.918227,-6.3,8.22,2.10766,-6.3,8.22,2.10766,0,0,0,54621,4.60191e+08,9.75232e+13,0,profile_only
L0_relaunch3,ad6bb15,W2,1,27,1,0.92421,-6.5,8.47,2.20766,-6.5,8.47,2.20766,0,0,0,54621,5.61967e+08,9.33892e+13,0,profile_only
L0_relaunch3,ad6bb15,W2,1,28,1,0.873432,-6.6,8.57,2.30766,-6.6,8.57,2.30766,0,0,0,54621,7.52614e+08,8.78651e+13,0,profile_only
L0_relaunch3,ad6bb15,W2,1,29,1,0.922334,-6.8,8.72,2.45766,-6.8,8.72,2.45766,0,0,0,54621,8.04056e+08,8.56501e+13,0,profile_only
L0_relaunch3,ad6bb15,W2,1,30,1,0.914364,-7,8.82,2.60766,-7,8.82,2.60766,0,0,0,54621,8.39571e+08,8.26267e+13,0,profile_only
L0_relaunch3,ad6bb15,W2,1,31,1,0.831641,-7.25,8.92,2.75766,-7.25,8.92,2.75766,0,0,0,54621,5.78977e+08,8.05466e+13,0,profile_only
L0_relaunch3,ad6bb15,W2,1,32,1,0.861356,-7.45,8.92,2.90766,-7.45,8.92,2.90766,0,0,0,54621,5.10158e+08,7.81482e+13,0,profile_only
L0_relaunch3,ad6bb15,W2,1,33,1,0.827553,-7.65,8.97,3.05766,-7.65,8.97,3.05766,0,0,0,54621,7.02806e+08,7.76222e+13,0,profile_only
L0_relaunch3,ad6bb15,W2,1,34,1,0.797435,-7.95,8.92,-3.02553,-7.95,8.92,-3.02553,0,0,0,54621,7.28838e+08,7.60146e+13,0,profile_only
L0_relaunch3,ad6bb15,W2,1,35,1,0.869003,-8.2,8.82,-2.92553,-8.2,8.82,-2.92553,0,0,0,54621,6.82457e+08,7.49275e+13,0,profile_only
L0_relaunch3,ad6bb15,W2,1,36,1,0.849685,-8.35,8.77,-2.87553,-8.35,8.77,-2.87553,0,0,0,54621,5.47905e+08,7.36386e+13,0,profile_only
L0_relaunch3,ad6bb15,W2,1,37,1,0.792665,-8.65,8.67,-2.82553,-8.65,8.67,-2.82553,0,0,0,54621,5.98812e+08,7.38594e+13,0,profile_only
L0_relaunch3,ad6bb15,W2,1,38,1,0.887076,-8.85,8.62,-2.82553,-8.85,8.62,-2.82553,0,0,0,54621,5.12093e+08,7.34568e+13,0,profile_only
L0_relaunch3,ad6bb15,W2,1,39,1,0.854695,-9.1,8.52,-2.82553,-9.1,8.52,-2.82553,0,0,0,54621,5.737e+08,7.38033e+13,0,profile_only
L0_relaunch3,ad6bb15,W2,1,40,1,0.763422,-9.4,8.42,-2.82553,-9.4,8.42,-2.82553,0,0,0,54621,5.92514e+08,7.56717e+13,0,profile_only
L0_relaunch3,ad6bb15,W2,1,41,1,0.776032,-9.65,8.32,-2.77553,-9.65,8.32,-2.77553,0,0,0,54621,5.70476e+08,7.80473e+13,0,profile_only
L0_relaunch3,ad6bb15,W2,1,42,1,0.847857,-9.8,8.27,-2.77553,-9.8,8.27,-2.77553,0,0,0,54621,5.99532e+08,8.07719e+13,0,profile_only
L0_relaunch3,ad6bb15,W2,1,43,1,0.770208,-10,8.22,-2.77553,-10,8.22,-2.77553,0,0,0,54621,6.35627e+08,8.27385e+13,0,profile_only
L0_relaunch3,ad6bb15,W2,1,44,1,0.810864,-10.25,8.12,-2.72553,-10.25,8.12,-2.72553,0,0,0,54621,6.93982e+08,8.22773e+13,0,profile_only
L0_relaunch3,ad6bb15,W2,1,45,1,0.861181,-10.4,8.02,-2.67553,-10.4,8.02,-2.67553,0,0,0,54621,7.0163e+08,8.13698e+13,0,profile_only
L0_relaunch3,ad6bb15,W2,1,46,1,0.894339,-10.55,7.92,-2.62553,-10.55,7.92,-2.62553,0,0,0,54621,7.0085e+08,8.15983e+13,0,profile_only
L0_relaunch3,ad6bb15,W2,1,47,1,0.862568,-10.8,7.72,-2.52553,-10.8,7.72,-2.52553,0,0,0,54621,6.98436e+08,8.10145e+13,0,profile_only
L0_relaunch3,ad6bb15,W2,1,48,1,0.922695,-10.95,7.57,-2.47553,-10.95,7.57,-2.47553,0,0,0,54621,6.79227e+08,8.00577e+13,0,profile_only
L0_relaunch3,ad6bb15,W2,1,49,1,0.914208,-11.05,7.47,-2.42553,-11.05,7.47,-2.42553,0,0,0,54621,6.75149e+08,7.95416e+13,0,profile_only
L0_relaunch3,ad6bb15,W2,1,50,1,0.862596,-11.2,7.32,-2.32553,-11.2,7.32,-2.32553,0,0,0,54621,7.08448e+08,7.89349e+13,0,profile_only
L0_relaunch3,ad6bb15,W2,1,51,1,0.843752,-11.35,7.17,-2.22553,-11.35,7.17,-2.22553,0,0,0,54621,6.99886e+08,7.76435e+13,0,profile_only
L0_relaunch3,ad6bb15,W2,1,52,1,0.846024,-11.35,7.07,-2.17553,-11.35,7.07,-2.17553,0,0,0,54621,7.33657e+08,7.64008e+13,0,profile_only
L0_relaunch3,ad6bb15,W2,1,53,1,0.806116,-11.45,6.87,-2.07553,-11.45,6.87,-2.07553,0,0,0,54621,8.02034e+08,7.50275e+13,0,profile_only
L0_relaunch3,ad6bb15,W2,1,54,1,0.829395,-11.55,6.57,-1.92553,-11.55,6.57,-1.92553,0,0,0,54621,7.64586e+08,7.37866e+13,0,profile_only
L0_relaunch3,ad6bb15,W2,1,55,1,0.771653,-11.6,6.42,-1.87553,-11.6,6.42,-1.87553,0,0,0,54621,6.10494e+08,7.57022e+13,0,profile_only
L0_relaunch3,ad6bb15,W2,1,56,1,0.802463,-11.6,6.17,-1.72553,-11.6,6.17,-1.72553,0,0,0,54621,6.17858e+08,7.47685e+13,0,profile_only
L0_relaunch3,ad6bb15,W2,1,57,1,0.744042,-11.6,6.02,-1.67553,-11.6,6.02,-1.67553,0,0,0,54621,5.74481e+08,7.73301e+13,0,profile_only
L0_relaunch3,ad6bb15,W2,1,58,1,0.791156,-11.6,5.72,-1.52553,-11.6,5.72,-1.52553,0,0,0,54621,6.10811e+08,7.60435e+13,0,profile_only
L0_relaunch3,ad6bb15,W2,1,59,1,0.7738,-11.55,5.47,-1.42553,-11.55,5.47,-1.42553,0,0,0,54621,6.67906e+08,7.94854e+13,0,profile_only
L0_relaunch3,ad6bb15,W2,1,60,1,0.761528,-11.45,5.17,-1.27553,-11.45,5.17,-1.27553,0,0,0,54621,7.44583e+08,8.30429e+13,0,profile_only
L0_relaunch3,ad6bb15,W2,1,61,1,0.783429,-11.3,4.87,-1.12553,-11.3,4.87,-1.12553,0,0,0,54621,6.91811e+08,8.41117e+13,0,profile_only
L0_relaunch3,ad6bb15,W2,1,62,1,0.811859,-11.15,4.67,-0.975528,-11.15,4.67,-0.975528,0,0,0,54621,7.78174e+08,8.94998e+13,0,profile_only
L0_relaunch3,ad6bb15,W2,1,63,1,0.761778,-10.9,4.47,-0.775528,-10.9,4.47,-0.775528,0,0,0,54621,8.38333e+08,9.26285e+13,0,profile_only
L0_relaunch3,ad6bb15,W2,1,64,1,0.805448,-10.45,4.27,-0.425528,-10.45,4.27,-0.425528,0,0,0,54621,8.81036e+08,9.7351e+13,0,profile_only
L0_relaunch3,ad6bb15,W2,1,65,1,0.754707,-10.15,4.22,-0.175528,-10.15,4.22,-0.175528,0,0,0,54621,9.74777e+08,1.04443e+14,0,profile_only
L0_relaunch3,ad6bb15,W2,1,66,1,0.707903,-9.45,4.17,-0.125528,-9.45,4.17,-0.125528,0,0,0,54621,9.07562e+08,1.0966e+14,0,profile_only
L0_relaunch3,ad6bb15,W2,1,67,1,0.719892,-8.65,4.02,-0.225528,-8.65,4.02,-0.225528,0,0,0,54621,4.379e+08,1.21492e+14,0,profile_only
L0_relaunch3,ad6bb15,W2,1,68,1,0.783468,-8.05,3.72,-0.375528,-8.05,3.72,-0.375528,0,0,0,54621,4.60018e+08,1.32879e+14,0,profile_only
L0_relaunch3,ad6bb15,W2,1,69,1,0.843624,-7.65,3.52,-0.425528,-7.65,3.52,-0.425528,0,0,0,54621,5.47217e+08,1.41438e+14,0,profile_only
L0_relaunch3,ad6bb15,W2,1,70,1,0.777939,-7.4,3.42,-0.475528,-7.4,3.42,-0.475528,0,0,0,54621,6.14197e+08,1.47431e+14,0,profile_only
L0_relaunch3,ad6bb15,W2,1,71,1,0.840377,-7.05,3.22,-0.475528,-7.05,3.22,-0.475528,0,0,0,54621,5.4544e+08,1.50811e+14,0,profile_only
L0_relaunch3,ad6bb15,W2,1,72,1,0.810564,-6.75,3.07,-0.525528,-6.75,3.07,-0.525528,0,0,0,54621,5.52144e+08,1.56212e+14,0,profile_only
L0_relaunch3,ad6bb15,W2,1,73,1,0.865802,-6.45,2.87,-0.525528,-6.45,2.87,-0.525528,0,0,0,54621,5.89117e+08,1.61035e+14,0,profile_only
L0_relaunch3,ad6bb15,W2,1,74,1,0.797273,-6.25,2.77,-0.575528,-6.25,2.77,-0.575528,0,0,0,54621,5.89416e+08,1.66265e+14,0,profile_only
L0_relaunch3,ad6bb15,W2,1,75,1,0.86414,-5.9,2.52,-0.575528,-5.9,2.52,-0.575528,0,0,0,54621,5.65037e+08,1.69103e+14,0,profile_only
L0_relaunch3,ad6bb15,W2,1,76,1,0.794345,-5.7,2.37,-0.575528,-5.7,2.37,-0.575528,0,0,0,54621,6.26506e+08,1.73344e+14,0,profile_only
L0_relaunch3,ad6bb15,W2,1,77,1,0.866917,-5.35,2.12,-0.625528,-5.35,2.12,-0.625528,0,0,0,54621,5.55468e+08,1.75717e+14,0,profile_only
L0_relaunch3,ad6bb15,W2,1,78,1,0.856264,-5.2,2.02,-0.625528,-5.2,2.02,-0.625528,0,0,0,54621,6.37688e+08,1.7928e+14,0,profile_only
L0_relaunch3,ad6bb15,W2,1,79,1,0.835168,-4.95,1.82,-0.625528,-4.95,1.82,-0.625528,0,0,0,54621,6.56563e+08,1.80604e+14,0,profile_only
L0_relaunch3,ad6bb15,W2,1,80,1,0.801607,-4.75,1.67,-0.625528,-4.75,1.67,-0.625528,0,0,0,54621,6.34485e+08,1.83119e+14,0,profile_only
L0_relaunch3,ad6bb15,W2,1,81,1,0.803094,-4.5,1.52,-0.575528,-4.5,1.52,-0.575528,0,0,0,54621,6.52476e+08,1.85581e+14,0,profile_only
L0_relaunch3,ad6bb15,W2,1,82,1,0.808884,-4.05,1.27,-0.525528,-4.05,1.27,-0.525528,0,0,0,54621,6.38302e+08,1.88101e+14,0,profile_only
L0_relaunch3,ad6bb15,W2,1,83,1,0.868938,-4.05,1.27,-0.475528,-4.05,1.27,-0.475528,0,0,0,54621,6.37896e+08,1.91566e+14,0,profile_only
L0_relaunch3,ad6bb15,W2,1,84,1,0.820569,-3.9,1.22,-0.425528,-3.9,1.22,-0.425528,0,0,0,54621,6.00816e+08,1.91546e+14,0,profile_only
L0_relaunch3,ad6bb15,W2,1,85,1,0.793782,-3.7,1.17,-0.425528,-3.7,1.17,-0.425528,0,0,0,54621,6.22914e+08,1.90222e+14,0,profile_only
L0_relaunch3,ad6bb15,W2,1,86,1,0.870958,-3.45,1.02,-0.425528,-3.45,1.02,-0.425528,0,0,0,54621,5.77121e+08,1.88176e+14,0,profile_only
L0_relaunch3,ad6bb15,W2,1,87,1,0.831336,-3.3,0.97,-0.475528,-3.3,0.97,-0.475528,0,0,0,54621,4.57937e+08,1.86142e+14,0,profile_only
L0_relaunch3,ad6bb15,W2,1,88,1,0.908077,-3.05,0.82,-0.525528,-3.05,0.82,-0.525528,0,0,0,54621,4.84723e+08,1.85239e+14,0,profile_only
L0_relaunch3,ad6bb15,W2,1,89,1,0.841342,-2.9,0.72,-0.575528,-2.9,0.72,-0.575528,0,0,0,54621,5.24953e+08,1.82998e+14,0,profile_only
L0_relaunch3,ad6bb15,W2,1,90,1,0.812632,-2.7,0.57,-0.575528,-2.7,0.57,-0.575528,0,0,0,54621,5.5058e+08,1.82837e+14,0,profile_only
L0_relaunch3,ad6bb15,W2,1,91,1,0.789705,-2.5,0.42,-0.625528,-2.5,0.42,-0.625528,0,0,0,54621,5.55163e+08,1.81349e+14,0,profile_only
L0_relaunch3,ad6bb15,W2,1,92,1,0.790517,-2.35,0.32,-0.625528,-2.35,0.32,-0.625528,0,0,0,54621,5.98647e+08,1.76847e+14,0,profile_only
L0_relaunch3,ad6bb15,W2,1,93,1,0.818922,-2.05,0.07,-0.575528,-2.05,0.07,-0.575528,0,0,0,54621,6.00638e+08,1.73785e+14,0,profile_only
L0_relaunch3,ad6bb15,W2,1,94,1,0.80665,-1.75,-0.08,-0.525528,-1.75,-0.08,-0.525528,0,0,0,54621,6.56947e+08,1.68411e+14,0,profile_only
L0_relaunch3,ad6bb15,W2,1,95,1,0.783418,-1.3,-0.28,-0.425528,-1.3,-0.28,-0.425528,0,0,0,54621,6.01822e+08,1.64951e+14,0,profile_only
L0_relaunch3,ad6bb15,W2,1,96,1,0.737509,-0.7,-0.48,-0.225528,-0.7,-0.48,-0.225528,0,0,0,54621,7.88052e+08,1.61731e+14,0,profile_only
L0_relaunch3,ad6bb15,W2,1,97,1,0.844733,0.15,-0.53,-0.0255283,0.15,-0.53,-0.0255283,0,0,0,54621,7.87863e+08,1.59619e+14,0,profile_only
L0_relaunch3,ad6bb15,W2,1,98,1,0.818255,0.35,-0.53,0.0244717,0.35,-0.53,0.0244717,0,0,0,54621,5.47585e+08,1.54537e+14,0,profile_only
L0_relaunch3,ad6bb15,W2,1,99,1,0.704609,0.65,-0.48,0.124472,0.65,-0.48,0.124472,0,0,0,54621,7.27709e+08,1.53615e+14,0,profile_only
L0_relaunch3,ad6bb15,W2,1,100,1,0.797011,0.95,-0.43,0.174472,0.95,-0.43,0.174472,0,0,0,54621,6.80762e+08,1.53505e+14,0,profile_only
L0_relaunch3,ad6bb15,W2,1,101,1,0.807883,1.15,-0.33,0.224472,1.15,-0.33,0.224472,0,0,0,54621,6.50866e+08,1.51738e+14,0,profile_only
L0_relaunch3,ad6bb15,W2,1,102,1,0.779754,1.35,-0.28,0.274472,1.35,-0.28,0.274472,0,0,0,54621,6.23911e+08,1.52192e+14,0,profile_only
L0_relaunch3,ad6bb15,W2,1,103,1,0.78484,1.6,-0.23,0.324472,1.6,-0.23,0.324472,0,0,0,54621,6.24191e+08,1.52387e+14,0,profile_only
L0_relaunch3,ad6bb15,W2,1,104,1,0.778937,1.8,-0.13,0.324472,1.8,-0.13,0.324472,0,0,0,54621,6.45947e+08,1.51096e+14,0,profile_only
L0_relaunch3,ad6bb15,W2,1,105,1,0.808264,2,-0.08,0.374472,2,-0.08,0.374472,0,0,0,54621,6.49665e+08,1.49966e+14,0,profile_only
L0_relaunch3,ad6bb15,W2,1,106,1,0.838334,2.2,0.02,0.424472,2.2,0.02,0.424472,0,0,0,54621,7.33447e+08,1.49031e+14,0,profile_only
L0_relaunch3,ad6bb15,W2,1,107,1,0.848067,2.45,0.22,0.524472,2.45,0.22,0.524472,0,0,0,54621,7.27237e+08,1.48565e+14,0,profile_only
L0_relaunch3,ad6bb15,W2,1,108,1,0.826907,2.6,0.32,0.574472,2.6,0.32,0.574472,0,0,0,54621,6.42888e+08,1.48407e+14,0,profile_only
L0_relaunch3,ad6bb15,W2,1,109,1,0.851379,2.8,0.47,0.624472,2.8,0.47,0.624472,0,0,0,54621,6.46159e+08,1.47177e+14,0,profile_only
L0_relaunch3,ad6bb15,W2,1,110,1,0.858493,2.95,0.57,0.674472,2.95,0.57,0.674472,0,0,0,54621,6.58034e+08,1.43806e+14,0,profile_only
L0_relaunch3,ad6bb15,W2,1,111,1,0.915238,3.05,0.67,0.774472,3.05,0.67,0.774472,0,0,0,54621,6.96959e+08,1.41546e+14,0,profile_only
L0_relaunch3,ad6bb15,W2,1,112,1,0.909434,3.15,0.82,0.874472,3.15,0.82,0.874472,0,0,0,54621,6.85031e+08,1.41224e+14,0,profile_only
L0_relaunch3,ad6bb15,W2,1,113,1,0.886365,3.3,1.07,1.02447,3.3,1.07,1.02447,0,0,0,54621,7.16478e+08,1.41525e+14,0,profile_only
L0_relaunch3,ad6bb15,W2,1,114,1,0.805097,3.4,1.27,1.12447,3.4,1.27,1.12447,0,0,0,54621,7.1651e+08,1.41986e+14,0,profile_only
L0_relaunch3,ad6bb15,W2,1,115,1,0.854224,3.4,1.42,1.22447,3.4,1.42,1.22447,0,0,0,54621,6.91721e+08,1.41944e+14,0,profile_only
L0_relaunch3,ad6bb15,W2,1,116,1,0.830059,3.5,1.72,1.37447,3.5,1.72,1.37447,0,0,0,54621,7.18488e+08,1.43597e+14,0,profile_only
L0_relaunch3,ad6bb15,W2,1,117,1,0.789193,3.5,1.87,1.47447,3.5,1.87,1.47447,0,0,0,54621,6.78582e+08,1.44054e+14,0,profile_only
L0_relaunch3,ad6bb15,W2,1,118,1,0.733827,3.5,2.17,1.62447,3.5,2.17,1.62447,0,0,0,54621,6.597e+08,1.44723e+14,0,profile_only
L0_relaunch3,ad6bb15,W2,1,119,1,0.830186,3.4,2.37,1.72447,3.4,2.37,1.72447,0,0,0,54621,6.81475e+08,1.45161e+14,0,profile_only
L0_relaunch3,ad6bb15,W2,1,120,1,0.812726,3.35,2.57,1.82447,3.35,2.57,1.82447,0,0,0,54621,6.49167e+08,1.4654e+14,0,profile_only
L0_relaunch3,ad6bb15,W2,1,121,1,0.760788,3.25,2.82,1.92447,3.25,2.82,1.92447,0,0,0,54621,6.11081e+08,1.46633e+14,0,profile_only
L0_relaunch3,ad6bb15,W2,1,122,1,0.830219,3.2,2.92,1.97447,3.2,2.92,1.97447,0,0,0,54621,6.37651e+08,1.47883e+14,0,profile_only
L0_relaunch3,ad6bb15,W2,1,123,1,0.732818,3.1,3.07,2.02447,3.1,3.07,2.02447,0,0,0,54621,6.4716e+08,1.47656e+14,0,profile_only
L0_relaunch3,ad6bb15,W2,1,124,1,0.765069,2.9,3.37,2.12447,2.9,3.37,2.12447,0,0,0,54621,7.74431e+08,1.48019e+14,0,profile_only
L0_relaunch3,ad6bb15,W2,1,125,1,0.894208,2.65,3.62,2.22447,2.65,3.62,2.22447,0,0,0,54621,7.21173e+08,1.49874e+14,0,profile_only
L0_relaunch3,ad6bb15,W2,1,126,1,0.931501,2.65,3.67,2.27447,2.65,3.67,2.27447,0,0,0,54621,6.7706e+08,1.52821e+14,0,profile_only
L0_relaunch3,ad6bb15,W2,1,127,1,0.813281,2.5,3.77,2.32447,2.5,3.77,2.32447,0,0,0,54621,6.95983e+08,1.5048e+14,0,profile_only
L0_relaunch3,ad6bb15,W2,1,128,1,0.860663,2.2,4.07,2.42447,2.2,4.07,2.42447,0,0,0,54621,6.97418e+08,1.47583e+14,0,profile_only
L0_relaunch3,ad6bb15,W2,1,129,1,0.923549,2.05,4.17,2.42447,2.05,4.17,2.42447,0,0,0,54621,6.07482e+08,1.49622e+14,0,profile_only
L0_relaunch3,ad6bb15,W2,1,130,1,0.885219,1.85,4.37,2.47447,1.85,4.37,2.47447,0,0,0,54621,6.46211e+08,1.51414e+14,0,profile_only
L0_relaunch3,ad6bb15,W2,1,131,1,0.944873,1.65,4.52,2.47447,1.65,4.52,2.47447,0,0,0,54621,5.80737e+08,1.52915e+14,0,profile_only
L0_relaunch3,ad6bb15,W2,1,132,1,0.86186,1.5,4.62,2.47447,1.5,4.62,2.47447,0,0,0,54621,6.41724e+08,1.54542e+14,0,profile_only
L0_relaunch3,ad6bb15,W2,1,133,1,0.919345,1.1,4.92,2.52447,1.1,4.92,2.52447,0,0,0,54621,6.74209e+08,1.55975e+14,0,profile_only
L0_relaunch3,ad6bb15,W2,1,134,1,0.828365,0.95,5.02,2.52447,0.95,5.02,2.52447,0,0,0,54621,6.5282e+08,1.58353e+14,0,profile_only
L0_relaunch3,ad6bb15,W2,1,135,1,0.875228,0.4,5.37,2.57447,0.4,5.37,2.57447,0,0,0,54621,6.81516e+08,1.59245e+14,0,profile_only
L0_relaunch3,ad6bb15,W2,1,136,1,0.940458,-0.05,5.62,2.62447,-0.05,5.62,2.62447,0,0,0,54621,6.04773e+08,1.62333e+14,0,profile_only
L0_relaunch3,ad6bb15,W2,1,137,1,0.930369,-0.2,5.72,2.62447,-0.2,5.72,2.62447,0,0,0,54621,5.80779e+08,1.62804e+14,0,profile_only
L0_relaunch3,ad6bb15,W2,1,138,1,0.951193,-0.5,5.87,2.67447,-0.5,5.87,2.67447,0,0,0,54621,6.18995e+08,1.62699e+14,0,profile_only
L0_relaunch3,ad6bb15,W2,1,139,1,0.957465,-0.6,5.92,2.67447,-0.6,5.92,2.67447,0,0,0,54621,5.69211e+08,1.62446e+14,0,profile_only
L0_relaunch3,ad6bb15,W2,1,140,1,0.946052,-0.8,6.02,2.72447,-0.8,6.02,2.72447,0,0,0,54621,6.79276e+08,1.61642e+14,0,profile_only
L0_relaunch3,ad6bb15,W2,1,141,1,0.902353,-0.95,6.07,2.72447,-0.95,6.07,2.72447,0,0,0,54621,6.4598e+08,1.60557e+14,0,profile_only
L0_relaunch3,ad6bb15,W2,1,142,1,0.887432,-1.2,6.17,2.82447,-1.2,6.17,2.82447,0,0,0,54621,7.30632e+08,1.59635e+14,0,profile_only
L0_relaunch3,ad6bb15,W2,1,143,1,0.881352,-1.4,6.22,2.87447,-1.4,6.22,2.87447,0,0,0,54621,7.39521e+08,1.59533e+14,0,profile_only
L0_relaunch3,ad6bb15,W2,1,144,1,0.841672,-1.5,6.22,2.87447,-1.5,6.22,2.87447,0,0,0,54621,5.63699e+08,1.59362e+14,0,profile_only
L0_relaunch3,ad6bb15,W2,1,145,1,0.896468,-1.85,6.27,2.97447,-1.85,6.27,2.97447,0,0,0,54621,7.53611e+08,1.59326e+14,0,profile_only
L0_relaunch3,ad6bb15,W2,1,146,1,0.796445,-2.15,6.32,3.07447,-2.15,6.32,3.07447,0,0,0,54621,1.86244e+08,1.60197e+14,0,profile_only
L0_relaunch3,ad6bb15,W2,1,147,1,0.835958,-2.45,6.32,-3.10871,-2.45,6.32,-3.10871,0,0,0,54621,4.37623e+08,1.62049e+14,0,profile_only
L0_relaunch3,ad6bb15,W2,1,148,1,0.887174,-2.75,6.27,-3.05871,-2.75,6.27,-3.05871,0,0,0,54621,5.76064e+08,1.64426e+14,0,profile_only
L0_relaunch3,ad6bb15,W2,1,149,1,0.905037,-2.9,6.27,-3.00871,-2.9,6.27,-3.00871,0,0,0,54621,4.32058e+08,1.65998e+14,0,profile_only
L0_relaunch3,ad6bb15,W2,1,150,1,0.898054,-3.15,6.22,-2.95871,-3.15,6.22,-2.95871,0,0,0,54621,6.0706e+08,1.67005e+14,0,profile_only
L0_relaunch3,ad6bb15,W2,1,151,1,0.863862,-3.35,6.17,-2.95871,-3.35,6.17,-2.95871,0,0,0,54621,4.31957e+08,1.68023e+14,0,profile_only
L0_relaunch3,ad6bb15,W2,1,152,1,0.821396,-3.6,6.12,-2.95871,-3.6,6.12,-2.95871,0,0,0,54621,5.21701e+08,1.67465e+14,0,profile_only
L0_relaunch3,ad6bb15,W2,1,153,1,0.812117,-3.75,6.12,-2.95871,-3.75,6.12,-2.95871,0,0,0,54621,4.88219e+08,1.66164e+14,0,profile_only
L0_relaunch3,ad6bb15,W2,1,154,1,0.795563,-4.05,6.07,-3.05871,-4.05,6.07,-3.05871,0,0,0,54621,4.31603e+08,1.64777e+14,0,profile_only
L0_relaunch3,ad6bb15,W2,1,155,1,0.837558,-4.2,6.12,-3.10871,-4.2,6.12,-3.10871,0,0,0,54621,7.62059e+08,1.60779e+14,0,profile_only
L0_relaunch3,ad6bb15,W2,1,156,1,0.869068,-4.35,6.12,3.12447,-4.35,6.12,3.12447,0,0,0,54621,7.37218e+08,1.57667e+14,0,profile_only
L0_relaunch3,ad6bb15,W2,1,157,1,0.853113,-4.45,6.12,3.07447,-4.45,6.12,3.07447,0,0,0,54621,5.98588e+08,1.5519e+14,0,profile_only
L0_relaunch3,ad6bb15,W2,1,158,1,0.857057,-4.6,6.17,3.02447,-4.6,6.17,3.02447,0,0,0,54621,6.47524e+08,1.53471e+14,0,profile_only
L0_relaunch3,ad6bb15,W2,1,159,1,0.81048,-4.7,6.22,2.97447,-4.7,6.22,2.97447,0,0,0,54621,4.16198e+08,1.4954e+14,0,profile_only
L0_relaunch3,ad6bb15,W2,1,160,1,0.822053,-4.85,6.27,2.87447,-4.85,6.27,2.87447,0,0,0,54621,4.94487e+08,1.46799e+14,0,profile_only
L0_relaunch3,ad6bb15,W2,1,161,1,0.880543,-5.05,6.37,2.77447,-5.05,6.37,2.77447,0,0,0,54621,7.18359e+08,1.43392e+14,0,profile_only
L0_relaunch3,ad6bb15,W2,1,162,1,0.832617,-5.15,6.37,2.67447,-5.15,6.37,2.67447,0,0,0,54621,6.81499e+08,1.38992e+14,0,profile_only
L0_relaunch3,ad6bb15,W2,1,163,1,0.890744,-5.3,6.57,2.57447,-5.3,6.57,2.57447,0,0,0,54621,7.93311e+08,1.37286e+14,0,profile_only
L0_relaunch3,ad6bb15,W2,1,164,1,0.831743,-5.45,6.62,2.42447,-5.45,6.62,2.42447,0,0,0,54621,8.4784e+08,1.3153e+14,0,profile_only
L0_relaunch3,ad6bb15,W2,1,165,1,0.830027,-5.6,6.82,2.27447,-5.6,6.82,2.27447,0,0,0,54621,7.3807e+08,1.28135e+14,0,profile_only
L0_relaunch3,ad6bb15,W2,1,166,1,0.908026,-5.8,7.17,2.17447,-5.8,7.17,2.17447,0,0,0,54621,6.35656e+08,1.22194e+14,0,profile_only
L0_relaunch3,ad6bb15,W2,1,167,1,0.866997,-5.9,7.32,2.12447,-5.9,7.32,2.12447,0,0,0,54621,7.62892e+08,1.14488e+14,0,profile_only
L0_relaunch3,ad6bb15,W2,1,168,1,0.919504,-6,7.57,2.07447,-6,7.57,2.07447,0,0,0,54621,5.71702e+08,1.1104e+14,0,profile_only
L0_relaunch3,ad6bb15,W2,1,169,1,0.876403,-6.1,7.77,2.07447,-6.1,7.77,2.07447,0,0,0,54621,5.24329e+08,1.06582e+14,0,profile_only
L0_relaunch3,ad6bb15,W2,1,170,1,0.851006,-6.15,7.87,2.02447,-6.15,7.87,2.02447,0,0,0,54621,4.75486e+08,1.02422e+14,0,profile_only
L0_relaunch3,ad6bb15,W2,1,171,1,0.906089,-6.3,8.12,2.07447,-6.3,8.12,2.07447,0,0,0,54621,4.88189e+08,1.00663e+14,0,profile_only
L0_relaunch3,ad6bb15,W2,1,172,1,0.905926,-6.35,8.22,2.07447,-6.35,8.22,2.07447,0,0,0,54621,5.13701e+08,9.53739e+13,0,profile_only
L0_relaunch3,ad6bb15,W2,1,173,1,0.837979,-6.45,8.37,2.07447,-6.45,8.37,2.07447,0,0,0,54621,5.5614e+08,9.32885e+13,0,profile_only
L0_relaunch3,ad6bb15,W2,1,174,1,0.912488,-6.55,8.52,2.12447,-6.55,8.52,2.12447,0,0,0,54621,6.53462e+08,8.99283e+13,0,profile_only
L0_relaunch3,ad6bb15,W2,1,175,1,0.902773,-6.6,8.62,2.17447,-6.6,8.62,2.17447,0,0,0,54621,7.11216e+08,8.68416e+13,0,profile_only
L0_relaunch3,ad6bb15,W2,1,176,1,0.92746,-6.7,8.72,2.22447,-6.7,8.72,2.22447,0,0,0,54621,6.73939e+08,8.49231e+13,0,profile_only
L0_relaunch3,ad6bb15,W2,1,177,1,0.892833,-6.8,8.82,2.32447,-6.8,8.82,2.32447,0,0,0,54621,7.93475e+08,8.24455e+13,0,profile_only
L0_relaunch3,ad6bb15,W2,1,178,1,0.91949,-6.9,8.87,2.42447,-6.9,8.87,2.42447,0,0,0,54621,6.61517e+08,8.05083e+13,0,profile_only
L0_relaunch3,ad6bb15,W2,1,179,1,0.904148,-7,8.92,2.52447,-7,8.92,2.52447,0,0,0,54621,4.46387e+08,7.94604e+13,0,profile_only
L0_relaunch3,ad6bb15,W2,1,180,1,0.879012,-7.1,8.97,2.62447,-7.1,8.97,2.62447,0,0,0,54621,4.79999e+08,7.8477e+13,0,profile_only
L0_relaunch3,ad6bb15,W2,1,181,1,0.901351,-7.25,8.97,2.72447,-7.25,8.97,2.72447,0,0,0,54621,5.2986e+08,7.76927e+13,0,profile_only
L0_relaunch3,ad6bb15,W2,1,182,1,0.855054,-7.3,9.02,2.77447,-7.3,9.02,2.77447,0,0,0,54621,6.20144e+08,7.75594e+13,0,profile_only
L0_relaunch3,ad6bb15,W2,1,183,1,0.88478,-7.45,9.02,2.87447,-7.45,9.02,2.87447,0,0,0,54621,5.93465e+08,7.6543e+13,0,profile_only
L0_relaunch3,ad6bb15,W2,1,184,1,0.915108,-7.5,9.02,2.92447,-7.5,9.02,2.92447,0,0,0,54621,6.01317e+08,7.64093e+13,0,profile_only
L0_relaunch3,ad6bb15,W2,1,185,1,0.799358,-7.6,9.02,2.97447,-7.6,9.02,2.97447,0,0,0,54621,6.41895e+08,7.66715e+13,0,profile_only
L0_relaunch3,ad6bb15,W2,1,186,1,0.823802,-7.7,9.02,3.02447,-7.7,9.02,3.02447,0,0,0,54621,5.83997e+08,7.6227e+13,0,profile_only
L0_relaunch3,ad6bb15,W2,1,187,1,0.775288,-7.8,9.07,3.07447,-7.8,9.07,3.07447,0,0,0,54621,6.17185e+08,7.5731e+13,0,profile_only
L0_relaunch3,ad6bb15,W2,1,188,1,0.846061,-7.95,9.02,3.12447,-7.95,9.02,3.12447,0,0,0,54621,5.0662e+08,7.43457e+13,0,profile_only
L0_relaunch3,ad6bb15,W2,1,189,1,0.821346,-8,9.02,3.12447,-8,9.02,3.12447,0,0,0,54621,5.6079e+08,7.39234e+13,0,profile_only
L0_relaunch3,ad6bb15,W2,1,190,1,0.797823,-8.25,9.02,-3.05871,-8.25,9.02,-3.05871,0,0,0,54621,5.97594e+08,7.30136e+13,0,profile_only
L0_relaunch3,ad6bb15,W2,1,191,1,0.880593,-8.4,8.97,-3.00871,-8.4,8.97,-3.00871,0,0,0,54621,5.03364e+08,7.25395e+13,0,profile_only
L0_relaunch3,ad6bb15,W2,1,192,1,0.884508,-8.45,8.97,-3.00871,-8.45,8.97,-3.00871,0,0,0,54621,5.97962e+08,7.23778e+13,0,profile_only
L0_relaunch3,ad6bb15,W2,1,193,1,0.807814,-8.65,8.92,-2.95871,-8.65,8.92,-2.95871,0,0,0,54621,5.98393e+08,7.24023e+13,0,profile_only
L0_relaunch3,ad6bb15,W2,1,194,1,0.847164,-8.75,8.92,-2.95871,-8.75,8.92,-2.95871,0,0,0,54621,5.03155e+08,7.22027e+13,0,profile_only
L0_relaunch3,ad6bb15,W2,1,195,1,0.801219,-8.85,8.87,-2.95871,-8.85,8.87,-2.95871,0,0,0,54621,5.48212e+08,7.17834e+13,0,profile_only
L0_relaunch3,ad6bb15,W2,1,196,1,0.856295,-9.05,8.82,-2.90871,-9.05,8.82,-2.90871,0,0,0,54621,5.91701e+08,7.20899e+13,0,profile_only
L0_relaunch3,ad6bb15,W2,1,197,1,0.750746,-9.15,8.77,-2.90871,-9.15,8.77,-2.90871,0,0,0,54621,5.35224e+08,7.20692e+13,0,profile_only
L0_relaunch3,ad6bb15,W2,1,198,1,0.825401,-9.35,8.72,-2.85871,-9.35,8.72,-2.85871,0,0,0,54621,5.99365e+08,7.25143e+13,0,profile_only
L0_relaunch3,ad6bb15,W2,1,199,1,0.857684,-9.45,8.67,-2.80871,-9.45,8.67,-2.80871,0,0,0,54621,6.11964e+08,7.28073e+13,0,profile_only
L0_relaunch3,ad6bb15,W2,1,200,1,0.81224,-9.6,8.62,-2.75871,-9.6,8.62,-2.75871,0,0,0,54621,5.76561e+08,7.42351e+13,0,profile_only
L0_relaunch3,ad6bb15,W2,1,201,1,0.780363,-9.75,8.57,-2.75871,-9.75,8.57,-2.75871,0,0,0,54621,5.24045e+08,7.56475e+13,0,profile_only
L0_relaunch3,ad6bb15,W2,1,202,1,0.84642,-9.85,8.52,-2.70871,-9.85,8.52,-2.70871,0,0,0,54621,6.15455e+08,7.62264e+13,0,profile_only
L0_relaunch3,ad6bb15,W2,1,203,1,0.83853,-10,8.42,-2.65871,-10,8.42,-2.65871,0,0,0,54621,7.3086e+08,7.8402e+13,0,profile_only
L0_relaunch3,ad6bb15,W2,1,204,1,0.866043,-10.05,8.37,-2.60871,-10.05,8.37,-2.60871,0,0,0,54621,6.05206e+08,7.99394e+13,0,profile_only
L0_relaunch3,ad6bb15,W2,1,205,1,0.791479,-10.15,8.32,-2.60871,-10.15,8.32,-2.60871,0,0,0,54621,6.34e+08,8.06558e+13,0,profile_only
L0_relaunch3,ad6bb15,W2,1,206,1,0.819403,-10.3,8.17,-2.50871,-10.3,8.17,-2.50871,0,0,0,54621,7.71775e+08,8.1093e+13,0,profile_only
L0_relaunch3,ad6bb15,W2,1,207,1,0.841852,-10.4,8.07,-2.45871,-10.4,8.07,-2.45871,0,0,0,54621,6.10863e+08,8.2309e+13,0,profile_only
L0_relaunch3,ad6bb15,W2,1,208,1,0.828559,-10.5,8.02,-2.40871,-10.5,8.02,-2.40871,0,0,0,54621,6.41464e+08,8.25125e+13,0,profile_only
L0_relaunch3,ad6bb15,W2,1,209,1,0.85025,-10.6,7.92,-2.35871,-10.6,7.92,-2.35871,0,0,0,54621,6.20175e+08,8.23164e+13,0,profile_only
L0_relaunch3,ad6bb15,W2,1,210,1,0.845203,-10.6,7.87,-2.35871,-10.6,7.87,-2.35871,0,0,0,54621,6.43689e+08,8.21886e+13,0,profile_only
L0_relaunch3,ad6bb15,W2,1,211,1,0.883307,-10.65,7.82,-2.30871,-10.65,7.82,-2.30871,0,0,0,54621,7.03883e+08,8.2493e+13,0,profile_only
L0_relaunch3,ad6bb15,W2,1,212,1,0.844004,-10.75,7.67,-2.25871,-10.75,7.67,-2.25871,0,0,0,54621,6.9076e+08,8.24729e+13,0,profile_only
L0_relaunch3,ad6bb15,W2,1,213,1,0.897772,-10.8,7.57,-2.20871,-10.8,7.57,-2.20871,0,0,0,54621,6.70537e+08,8.24397e+13,0,profile_only
L0_relaunch3,ad6bb15,W2,1,214,1,0.863072,-10.85,7.47,-2.15871,-10.85,7.47,-2.15871,0,0,0,54621,6.6086e+08,8.25999e+13,0,profile_only
L0_relaunch3,ad6bb15,W2,1,215,1,0.852423,-10.95,7.32,-2.10871,-10.95,7.32,-2.10871,0,0,0,54621,6.35826e+08,8.26662e+13,0,profile_only
L0_relaunch3,ad6bb15,W2,1,216,1,0.858025,-11,7.22,-2.05871,-11,7.22,-2.05871,0,0,0,54621,6.4994e+08,8.27439e+13,0,profile_only
L0_relaunch3,ad6bb15,W2,1,217,1,0.826186,-11.05,7.07,-2.00871,-11.05,7.07,-2.00871,0,0,0,54621,7.1642e+08,8.05695e+13,0,profile_only
L0_relaunch3,ad6bb15,W2,1,218,1,0.811293,-11.15,6.87,-1.95871,-11.15,6.87,-1.95871,0,0,0,54621,7.03104e+08,7.96339e+13,0,profile_only
L0_relaunch3,ad6bb15,W2,1,219,1,0.828394,-11.2,6.72,-1.95871,-11.2,6.72,-1.95871,0,0,0,54621,6.86908e+08,7.6272e+13,0,profile_only
L0_relaunch3,ad6bb15,W2,1,220,1,0.787898,-11.25,6.52,-1.95871,-11.25,6.52,-1.95871,0,0,0,54621,7.25726e+08,7.42794e+13,0,profile_only
L0_relaunch3,ad6bb15,W2,1,221,1,0.838624,-11.3,6.37,-1.90871,-11.3,6.37,-1.90871,0,0,0,54621,6.22078e+08,7.38756e+13,0,profile_only
L0_relaunch3,ad6bb15,W2,1,222,1,0.797323,-11.35,6.22,-1.90871,-11.35,6.22,-1.90871,0,0,0,54621,5.58601e+08,7.50292e+13,0,profile_only
L0_relaunch3,ad6bb15,W2,1,223,1,0.847198,-11.4,6.02,-1.85871,-11.4,6.02,-1.85871,0,0,0,54621,5.93928e+08,7.61397e+13,0,profile_only
L0_relaunch3,ad6bb15,W2,1,224,1,0.798814,-11.45,5.82,-1.80871,-11.45,5.82,-1.80871,0,0,0,54621,6.33266e+08,7.74216e+13,0,profile_only
L0_relaunch3,ad6bb15,W2,1,225,1,0.791376,-11.5,5.62,-1.75871,-11.5,5.62,-1.75871,0,0,0,54621,5.75688e+08,7.76674e+13,0,profile_only
L0_relaunch3,ad6bb15,W2,1,226,1,0.869,-11.5,5.42,-1.70871,-11.5,5.42,-1.70871,0,0,0,54621,6.25861e+08,7.99884e+13,0,profile_only
L0_relaunch3,ad6bb15,W2,1,227,1,0.844667,-11.5,5.27,-1.65871,-11.5,5.27,-1.65871,0,0,0,54621,6.31243e+08,8.26308e+13,0,profile_only
L0_relaunch3,ad6bb15,W2,1,228,1,0.835938,-11.5,5.12,-1.60871,-11.5,5.12,-1.60871,0,0,0,54621,6.45234e+08,8.22441e+13,0,profile_only
L0_relaunch3,ad6bb15,W2,1,229,1,0.799238,-11.5,4.97,-1.50871,-11.5,4.97,-1.50871,0,0,0,54621,7.33445e+08,8.44512e+13,0,profile_only
L0_relaunch3,ad6bb15,W2,1,230,1,0.813292,-11.4,4.77,-1.35871,-11.4,4.77,-1.35871,0,0,0,54621,7.67888e+08,8.55841e+13,0,profile_only
L0_relaunch3,ad6bb15,W2,1,231,1,0.825108,-11.35,4.62,-1.20871,-11.35,4.62,-1.20871,0,0,0,54621,7.12317e+08,8.81976e+13,0,profile_only
L0_relaunch3,ad6bb15,W2,1,232,1,0.833598,-11.2,4.47,-1.00871,-11.2,4.47,-1.00871,0,0,0,54621,8.63727e+08,9.02333e+13,0,profile_only
L0_relaunch3,ad6bb15,W2,1,233,1,0.832491,-11.1,4.37,-0.858714,-11.1,4.37,-0.858714,0,0,0,54621,7.47868e+08,9.14731e+13,0,profile_only
L0_relaunch3,ad6bb15,W2,1,234,1,0.795177,-10.95,4.27,-0.658714,-10.95,4.27,-0.658714,0,0,0,54621,7.16922e+08,9.40208e+13,0,profile_only
L0_relaunch3,ad6bb15,W2,1,235,1,0.818286,-10.75,4.22,-0.458714,-10.75,4.22,-0.458714,0,0,0,54621,8.40595e+08,9.66336e+13,0,profile_only
L0_relaunch3,ad6bb15,W2,1,236,1,0.785704,-10.5,4.17,-0.258714,-10.5,4.17,-0.258714,0,0,0,54621,8.54122e+08,9.94281e+13,0,profile_only
L0_relaunch3,ad6bb15,W2,1,237,1,0.768928,-10.2,4.17,-0.158714,-10.2,4.17,-0.158714,0,0,0,54621,9.03532e+08,1.03863e+14,0,profile_only
L0_relaunch3,ad6bb15,W2,1,238,1,0.72506,-9.85,4.12,-0.108714,-9.85,4.12,-0.108714,0,0,0,54621,8.2817e+08,1.0923e+14,0,profile_only
L0_relaunch3,ad6bb15,W2,1,239,1,0.706176,-9.45,4.02,-0.108714,-9.45,4.02,-0.108714,0,0,0,54621,7.72326e+08,1.15449e+14,0,profile_only
L0_relaunch3,ad6bb15,W2,1,240,1,0.758738,-8.85,3.92,-0.258714,-8.85,3.92,-0.258714,0,0,0,54621,4.91496e+08,1.21526e+14,0,profile_only
L0_relaunch3,ad6bb15,W2,1,241,1,0.739428,-8.45,3.77,-0.408714,-8.45,3.77,-0.408714,0,0,0,54621,5.02417e+08,1.3086e+14,0,profile_only
L0_relaunch3,ad6bb15,W2,1,242,1,0.815497,-7.6,3.27,-0.458714,-7.6,3.27,-0.458714,0,0,0,54621,5.12186e+08,1.36916e+14,0,profile_only
L0_relaunch3,ad6bb15,W2,1,243,1,0.818684,-7.3,3.12,-0.458714,-7.3,3.12,-0.458714,0,0,0,54621,5.99747e+08,1.49327e+14,0,profile_only
L0_relaunch3,ad6bb15,W2,1,244,1,0.865768,-7,2.97,-0.458714,-7,2.97,-0.458714,0,0,0,54621,5.46998e+08,1.53192e+14,0,profile_only
L0_relaunch3,ad6bb15,W2,1,245,1,0.847942,-6.8,2.87,-0.458714,-6.8,2.87,-0.458714,0,0,0,54621,5.73956e+08,1.58039e+14,0,profile_only
L0_relaunch3,ad6bb15,W2,1,246,1,0.851495,-6.55,2.77,-0.458714,-6.55,2.77,-0.458714,0,0,0,54621,6.14091e+08,1.61178e+14,0,profile_only
L0_relaunch3,ad6bb15,W2,1,247,1,0.800889,-6.45,2.67,-0.408714,-6.45,2.67,-0.408714,0,0,0,54621,5.46596e+08,1.65289e+14,0,profile_only
L0_relaunch3,ad6bb15,W2,1,248,1,0.767731,-5.9,2.47,-0.408714,-5.9,2.47,-0.408714,0,0,0,54621,7.00432e+08,1.67436e+14,0,profile_only
L0_relaunch3,ad6bb15,W2,1,249,1,0.799039,-5.45,2.32,-0.308714,-5.45,2.32,-0.308714,0,0,0,54621,7.47951e+08,1.73207e+14,0,profile_only
L0_relaunch3,ad6bb15,W2,1,250,1,0.74709,-5.1,2.22,-0.308714,-5.1,2.22,-0.308714,0,0,0,54621,6.16239e+08,1.78462e+14,0,profile_only
L0_relaunch3,ad6bb15,W2,1,251,1,0.832893,-4.1,1.77,-0.408714,-4.1,1.77,-0.408714,0,0,0,54621,4.72549e+08,1.82932e+14,0,profile_only
L0_relaunch3,ad6bb15,W2,1,252,1,0.878526,-4.1,1.77,-0.458714,-4.1,1.77,-0.458714,0,0,0,54621,5.27416e+08,1.9039e+14,0,profile_only
L0_relaunch3,ad6bb15,W2,1,253,1,0.833259,-3.85,1.62,-0.508714,-3.85,1.62,-0.508714,0,0,0,54621,5.46369e+08,1.90765e+14,0,profile_only
L0_relaunch3,ad6bb15,W2,1,254,1,0.771334,-3.4,1.37,-0.508714,-3.4,1.37,-0.508714,0,0,0,54621,5.82385e+08,1.91576e+14,0,profile_only
L0_relaunch3,ad6bb15,W2,1,255,1,0.796383,-3.35,1.27,-0.608714,-3.35,1.27,-0.608714,0,0,0,54621,4.25972e+08,1.9012e+14,0,profile_only
L0_relaunch3,ad6bb15,W2,1,256,1,0.808866,-3.1,1.12,-0.658714,-3.1,1.12,-0.658714,0,0,0,54621,5.2038e+08,1.88261e+14,0,profile_only
L0_relaunch3,ad6bb15,W2,1,257,1,0.809367,-2.85,0.87,-0.658714,-2.85,0.87,-0.658714,0,0,0,54621,5.60683e+08,1.86298e+14,0,profile_only
L0_relaunch3,ad6bb15,W2,1,258,1,0.738303,-2.55,0.62,-0.658714,-2.55,0.62,-0.658714,0,0,0,54621,5.58711e+08,1.83242e+14,0,profile_only
L0_relaunch3,ad6bb15,W2,1,259,1,0.765587,-2.3,0.42,-0.658714,-2.3,0.42,-0.658714,0,0,0,54621,4.74204e+08,1.7938e+14,0,profile_only
L0_relaunch3,ad6bb15,W2,1,260,1,0.899523,-2.05,0.27,-0.608714,-2.05,0.27,-0.608714,0,0,0,54621,5.84374e+08,1.73716e+14,0,profile_only
L0_relaunch3,ad6bb15,W2,1,261,1,0.88347,-1.85,0.17,-0.508714,-1.85,0.17,-0.508714,0,0,0,54621,7.71834e+08,1.69275e+14,0,profile_only
L0_relaunch3,ad6bb15,W2,1,262,1,0.820471,-1.65,0.07,-0.408714,-1.65,0.07,-0.408714,0,0,0,54621,7.34045e+08,1.67182e+14,0,profile_only
L0_relaunch3,ad6bb15,W2,1,263,1,0.884294,-1.35,0.02,-0.258714,-1.35,0.02,-0.258714,0,0,0,54621,7.69521e+08,1.65054e+14,0,profile_only
L0_relaunch3,ad6bb15,W2,1,264,1,0.741264,-1.2,0.02,-0.208714,-1.2,0.02,-0.208714,0,0,0,54621,6.09439e+08,1.65119e+14,0,profile_only
L0_relaunch3,ad6bb15,W2,1,265,1,0.705171,-0.45,-0.13,-0.158714,-0.45,-0.13,-0.158714,0,0,0,54621,6.49379e+08,1.6697e+14,0,profile_only
L0_relaunch3,ad6bb15,W2,1,266,1,0.73752,0.4,-0.23,-0.108714,0.4,-0.23,-0.108714,0,0,0,54621,6.50923e+08,1.6355e+14,0,profile_only
L0_relaunch3,ad6bb15,W2,1,267,1,0.756388,0.7,-0.23,-0.0587136,0.7,-0.23,-0.0587136,0,0,0,54621,6.17166e+08,1.54007e+14,0,profile_only
L0_relaunch3,ad6bb15,W2,1,268,1,0.810724,0.95,-0.23,-0.0587136,0.95,-0.23,-0.0587136,0,0,0,54621,5.8901e+08,1.52713e+14,0,profile_only
L0_relaunch3,ad6bb15,W2,1,269,1,0.806599,1.1,-0.23,-0.00871357,1.1,-0.23,-0.00871357,0,0,0,54621,6.45737e+08,1.49943e+14,0,profile_only
L0_relaunch3,ad6bb15,W2,1,270,1,0.831188,1.35,-0.23,0.0412864,1.35,-0.23,0.0412864,0,0,0,54621,6.50757e+08,1.50264e+14,0,profile_only
L0_relaunch3,ad6bb15,W2,1,271,1,0.752669,1.55,-0.18,0.0912864,1.55,-0.18,0.0912864,0,0,0,54621,6.93818e+08,1.48481e+14,0,profile_only
L0_relaunch3,ad6bb15,W2,1,272,1,0.789723,1.75,-0.13,0.191286,1.75,-0.13,0.191286,0,0,0,54621,7.08201e+08,1.48111e+14,0,profile_only
L0_relaunch3,ad6bb15,W2,1,273,1,0.909158,1.9,-0.08,0.291286,1.9,-0.08,0.291286,0,0,0,54621,7.18326e+08,1.47716e+14,0,profile_only
L0_relaunch3,ad6bb15,W2,1,274,1,0.857703,2.05,0.02,0.391286,2.05,0.02,0.391286,0,0,0,54621,6.7585e+08,1.47934e+14,0,profile_only
L0_relaunch3,ad6bb15,W2,1,275,1,0.822768,2.15,0.12,0.541286,2.15,0.12,0.541286,0,0,0,54621,7.17481e+08,1.48488e+14,0,profile_only
L0_relaunch3,ad6bb15,W2,1,276,1,0.869308,2.25,0.17,0.641286,2.25,0.17,0.641286,0,0,0,54621,6.81567e+08,1.50586e+14,0,profile_only
L0_relaunch3,ad6bb15,W2,1,277,1,0.891649,2.4,0.37,0.791286,2.4,0.37,0.791286,0,0,0,54621,7.66282e+08,1.50805e+14,0,profile_only
L0_relaunch3,ad6bb15,W2,1,278,1,0.822412,2.5,0.52,0.891286,2.5,0.52,0.891286,0,0,0,54621,6.42758e+08,1.52092e+14,0,profile_only
L0_relaunch3,ad6bb15,W2,1,279,1,0.808235,2.6,0.67,0.991286,2.6,0.67,0.991286,0,0,0,54621,6.60378e+08,1.52144e+14,0,profile_only
L0_relaunch3,ad6bb15,W2,1,280,1,0.819452,2.65,0.77,1.04129,2.65,0.77,1.04129,0,0,0,54621,6.21572e+08,1.51824e+14,0,profile_only
L0_relaunch3,ad6bb15,W2,1,281,1,0.858639,2.75,1.02,1.14129,2.75,1.02,1.14129,0,0,0,54621,7.07923e+08,1.51024e+14,0,profile_only
L0_relaunch3,ad6bb15,W2,1,282,1,0.755078,2.8,1.17,1.19129,2.8,1.17,1.19129,0,0,0,54621,6.66034e+08,1.50495e+14,0,profile_only
L0_relaunch3,ad6bb15,W2,1,283,1,0.74656,2.85,1.37,1.29129,2.85,1.37,1.29129,0,0,0,54621,7.24536e+08,1.49057e+14,0,profile_only
L0_relaunch3,ad6bb15,W2,1,284,1,0.84202,2.85,1.57,1.39129,2.85,1.57,1.39129,0,0,0,54621,7.51533e+08,1.48099e+14,0,profile_only
L0_relaunch3,ad6bb15,W2,1,285,1,0.787637,2.85,1.82,1.49129,2.85,1.82,1.49129,0,0,0,54621,7.34298e+08,1.47142e+14,0,profile_only
L0_relaunch3,ad6bb15,W2,1,286,1,0.805583,2.85,2.02,1.54129,2.85,2.02,1.54129,0,0,0,54621,6.32712e+08,1.45952e+14,0,profile_only
L0_relaunch3,ad6bb15,W2,1,287,1,0.833194,2.85,2.22,1.64129,2.85,2.22,1.64129,0,0,0,54621,6.69343e+08,1.44129e+14,0,profile_only
L0_relaunch3,ad6bb15,W2,1,288,1,0.758862,2.85,2.47,1.69129,2.85,2.47,1.69129,0,0,0,54621,6.22321e+08,1.42223e+14,0,profile_only
L0_relaunch3,ad6bb15,W2,1,289,1,0.826968,2.8,2.67,1.69129,2.8,2.67,1.69129,0,0,0,54621,5.27731e+08,1.39877e+14,0,profile_only
L0_relaunch3,ad6bb15,W2,1,290,1,0.884457,2.75,2.92,1.69129,2.75,2.92,1.69129,0,0,0,54621,5.48261e+08,1.40368e+14,0,profile_only
L0_relaunch3,ad6bb15,W2,1,291,1,0.780784,2.7,3.17,1.69129,2.7,3.17,1.69129,0,0,0,54621,6.42842e+08,1.41997e+14,0,profile_only
L0_relaunch3,ad6bb15,W2,1,292,1,0.823776,2.6,3.47,1.74129,2.6,3.47,1.74129,0,0,0,54621,6.53329e+08,1.43663e+14,0,profile_only
L0_relaunch3,ad6bb15,W2,1,293,1,0.79446,2.65,3.57,1.74129,2.65,3.57,1.74129,0,0,0,54621,6.50244e+08,1.45561e+14,0,profile_only
L0_relaunch3,ad6bb15,W2,1,294,1,0.861533,2.6,3.77,1.79129,2.6,3.77,1.79129,0,0,0,54621,6.98807e+08,1.44385e+14,0,profile_only
L0_relaunch3,ad6bb15,W2,1,295,1,0.891669,2.55,3.92,1.84129,2.55,3.92,1.84129,0,0,0,54621,7.18532e+08,1.44395e+14,0,profile_only
L0_relaunch3,ad6bb15,W2,1,296,1,0.897085,2.5,4.12,1.89129,2.5,4.12,1.89129,0,0,0,54621,7.06508e+08,1.45777e+14,0,profile_only
L0_relaunch3,ad6bb15,W2,1,297,1,0.905458,2.35,4.32,1.94129,2.35,4.32,1.94129,0,0,0,54621,6.42503e+08,1.46669e+14,0,profile_only
L0_relaunch3,ad6bb15,W2,1,298,1,0.950924,2.35,4.42,1.99129,2.35,4.42,1.99129,0,0,0,54621,6.50106e+08,1.49023e+14,0,profile_only
L0_relaunch3,ad6bb15,W2,1,299,1,0.896926,2.35,4.52,2.04129,2.35,4.52,2.04129,0,0,0,54621,6.66634e+08,1.49365e+14,0,profile_only
L0_relaunch3,ad6bb15,W2,1,300,1,0.889145,2.15,4.77,2.14129,2.15,4.77,2.14129,0,0,0,54621,6.98101e+08,1.49241e+14,0,profile_only
L0_relaunch3,ad6bb15,W2,1,301,1,0.937397,2,4.92,2.24129,2,4.92,2.24129,0,0,0,54621,6.87298e+08,1.5056e+14,0,profile_only
L0_relaunch3,ad6bb15,W2,1,302,1,0.942959,1.85,5.07,2.34129,1.85,5.07,2.34129,0,0,0,54621,7.00888e+08,1.5163e+14,0,profile_only
L0_relaunch3,ad6bb15,W2,1,303,1,0.868361,1.85,5.07,2.39129,1.85,5.07,2.39129,0,0,0,54621,6.78965e+08,1.52479e+14,0,profile_only
L0_relaunch3,ad6bb15,W2,1,304,1,0.851467,1.55,5.27,2.54129,1.55,5.27,2.54129,0,0,0,54621,7.95622e+08,1.5259e+14,0,profile_only
L0_relaunch3,ad6bb15,W2,1,305,1,0.858769,1.15,5.47,2.69129,1.15,5.47,2.69129,0,0,0,54621,7.74915e+08,1.54924e+14,0,profile_only
L0_relaunch3,ad6bb15,W2,1,306,1,0.832178,0.8,5.62,2.79129,0.8,5.62,2.79129,0,0,0,54621,6.6004e+08,1.57606e+14,0,profile_only
L0_relaunch3,ad6bb15,W2,1,307,1,0.894368,0.5,5.67,2.84129,0.5,5.67,2.84129,0,0,0,54621,6.32993e+08,1.60133e+14,0,profile_only
L0_relaunch3,ad6bb15,W2,1,308,1,0.870962,0.1,5.82,2.89129,0.1,5.82,2.89129,0,0,0,54621,6.29328e+08,1.62627e+14,0,profile_only
L0_relaunch3,ad6bb15,W2,1,309,1,0.946828,-0.3,5.92,2.89129,-0.3,5.92,2.89129,0,0,0,54621,4.76269e+08,1.63427e+14,0,profile_only
L0_relaunch3,ad6bb15,W2,1,310,1,0.95079,-0.5,5.97,2.89129,-0.5,5.97,2.89129,0,0,0,54621,6.17999e+08,1.64165e+14,0,profile_only
L0_relaunch3,ad6bb15,W2,1,311,1,0.95137,-0.75,6.02,2.89129,-0.75,6.02,2.89129,0,0,0,54621,6.39646e+08,1.63137e+14,0,profile_only
L0_relaunch3,ad6bb15,W2,1,312,1,0.92615,-0.95,6.07,2.89129,-0.95,6.07,2.89129,0,0,0,54621,6.69024e+08,1.61904e+14,0,profile_only
L0_relaunch3,ad6bb15,W2,1,313,1,0.885313,-1.2,6.12,2.89129,-1.2,6.12,2.89129,0,0,0,54621,6.95917e+08,1.60525e+14,0,profile_only
L0_relaunch3,ad6bb15,W2,1,314,1,0.864802,-1.45,6.17,2.89129,-1.45,6.17,2.89129,0,0,0,54621,6.75238e+08,1.60101e+14,0,profile_only
L0_relaunch3,ad6bb15,W2,1,315,1,0.817304,-1.7,6.22,2.94129,-1.7,6.22,2.94129,0,0,0,54621,6.77774e+08,1.60558e+14,0,profile_only
L0_relaunch3,ad6bb15,W2,1,316,1,0.843634,-2.1,6.32,2.99129,-2.1,6.32,2.99129,0,0,0,54621,6.74687e+08,1.62452e+14,0,profile_only
L0_relaunch3,ad6bb15,W2,1,317,1,0.816753,-2.35,6.37,3.04129,-2.35,6.37,3.04129,0,0,0,54621,3.43628e+08,1.62879e+14,0,profile_only
L0_relaunch3,ad6bb15,W2,1,318,1,0.902839,-2.65,6.37,3.09129,-2.65,6.37,3.09129,0,0,0,54621,4.2606e+08,1.64476e+14,0,profile_only
L0_relaunch3,ad6bb15,W2,1,319,1,0.900201,-2.8,6.37,3.09129,-2.8,6.37,3.09129,0,0,0,54621,5.12167e+08,1.66198e+14,0,profile_only
L0_relaunch3,ad6bb15,W2,1,320,1,0.912797,-3,6.37,3.14129,-3,6.37,3.14129,0,0,0,54621,5.27066e+08,1.66753e+14,0,profile_only
L0_relaunch3,ad6bb15,W2,1,321,1,0.881029,-3.25,6.37,3.14129,-3.25,6.37,3.14129,0,0,0,54621,4.82984e+08,1.68575e+14,0,profile_only
L0_relaunch3,ad6bb15,W2,1,322,1,0.851169,-3.5,6.37,3.14129,-3.5,6.37,3.14129,0,0,0,54621,5.48614e+08,1.67449e+14,0,profile_only
L0_relaunch3,ad6bb15,W2,1,323,1,0.827549,-3.8,6.37,3.14129,-3.8,6.37,3.14129,0,0,0,54621,5.62365e+08,1.654e+14,0,profile_only
L0_relaunch3,ad6bb15,W2,1,324,1,0.805159,-4.05,6.42,3.14129,-4.05,6.42,3.14129,0,0,0,54621,5.64363e+08,1.6229e+14,0,profile_only
L0_relaunch3,ad6bb15,W2,1,325,1,0.800105,-4.35,6.37,3.09129,-4.35,6.37,3.09129,0,0,0,54621,5.82325e+08,1.57383e+14,0,profile_only
L0_relaunch3,ad6bb15,W2,1,326,1,0.763897,-4.6,6.37,3.04129,-4.6,6.37,3.04129,0,0,0,54621,5.63599e+08,1.52804e+14,0,profile_only
L0_relaunch3,ad6bb15,W2,1,327,1,0.856346,-4.95,6.47,2.99129,-4.95,6.47,2.99129,0,0,0,54621,5.82066e+08,1.48862e+14,0,profile_only
L0_relaunch3,ad6bb15,W2,1,328,1,0.85151,-5.15,6.57,2.94129,-5.15,6.57,2.94129,0,0,0,54621,5.29379e+08,1.41525e+14,0,profile_only
L0_relaunch3,ad6bb15,W2,1,329,1,0.901384,-5.4,6.62,2.79129,-5.4,6.62,2.79129,0,0,0,54621,6.07464e+08,1.3554e+14,0,profile_only
L0_relaunch3,ad6bb15,W2,1,330,1,0.890664,-5.55,6.72,2.64129,-5.55,6.72,2.64129,0,0,0,54621,6.65902e+08,1.30292e+14,0,profile_only
L0_relaunch3,ad6bb15,W2,1,331,1,0.880332,-5.7,6.87,2.49129,-5.7,6.87,2.49129,0,0,0,54621,7.08536e+08,1.24983e+14,0,profile_only
L0_relaunch3,ad6bb15,W2,1,332,1,0.841371,-5.9,7.12,2.29129,-5.9,7.12,2.29129,0,0,0,54621,4.71363e+08,1.18623e+14,0,profile_only
L0_relaunch3,ad6bb15,W2,1,333,1,0.885397,-6.15,7.57,2.14129,-6.15,7.57,2.14129,0,0,0,54621,4.66413e+08,1.12505e+14,0,profile_only
L0_relaunch3,ad6bb15,W2,1,334,1,0.893915,-6.25,7.72,2.09129,-6.25,7.72,2.09129,0,0,0,54621,4.84222e+08,1.04297e+14,0,profile_only
L0_relaunch3,ad6bb15,W2,1,335,1,0.875304,-6.3,7.87,2.09129,-6.3,7.87,2.09129,0,0,0,54621,5.50295e+08,1.01415e+14,0,profile_only
L0_relaunch3,ad6bb15,W2,1,336,1,0.869438,-6.4,8.02,2.14129,-6.4,8.02,2.14129,0,0,0,54621,5.2153e+08,9.89636e+13,0,profile_only
L0_relaunch3,ad6bb15,W2,1,337,1,0.886561,-6.55,8.17,2.19129,-6.55,8.17,2.19129,0,0,0,54621,5.00738e+08,9.554e+13,0,profile_only
L0_relaunch3,ad6bb15,W2,1,338,1,0.91797,-6.6,8.27,2.19129,-6.6,8.27,2.19129,0,0,0,54621,5.29224e+08,9.17864e+13,0,profile_only
L0_relaunch3,ad6bb15,W2,1,339,1,0.871865,-6.7,8.37,2.29129,-6.7,8.37,2.29129,0,0,0,54621,7.55283e+08,8.98129e+13,0,profile_only
L0_relaunch3,ad6bb15,W2,1,340,1,0.922399,-6.9,8.52,2.39129,-6.9,8.52,2.39129,0,0,0,54621,8.06189e+08,8.72966e+13,0,profile_only
L0_relaunch3,ad6bb15,W2,1,341,1,0.904036,-7,8.57,2.49129,-7,8.57,2.49129,0,0,0,54621,6.30486e+08,8.34593e+13,0,profile_only
L0_relaunch3,ad6bb15,W2,1,342,1,0.911843,-7.05,8.62,2.54129,-7.05,8.62,2.54129,0,0,0,54621,6.31888e+08,8.24217e+13,0,profile_only
L0_relaunch3,ad6bb15,W2,1,343,1,0.903484,-7.2,8.67,2.64129,-7.2,8.67,2.64129,0,0,0,54621,7.01765e+08,8.13894e+13,0,profile_only
L0_relaunch3,ad6bb15,W2,1,344,1,0.888418,-7.35,8.72,2.74129,-7.35,8.72,2.74129,0,0,0,54621,5.76173e+08,7.94711e+13,0,profile_only
L0_relaunch3,ad6bb15,W2,1,345,1,0.882661,-7.55,8.77,2.89129,-7.55,8.77,2.89129,0,0,0,54621,6.25341e+08,7.73959e+13,0,profile_only
L0_relaunch3,ad6bb15,W2,1,346,1,0.797337,-7.7,8.77,2.94129,-7.7,8.77,2.94129,0,0,0,54621,6.45916e+08,7.56993e+13,0,profile_only
L0_relaunch3,ad6bb15,W2,1,347,1,0.828764,-7.95,8.77,3.09129,-7.95,8.77,3.09129,0,0,0,54621,7.20291e+08,7.43827e+13,0,profile_only
L0_relaunch3,ad6bb15,W2,1,348,1,0.85282,-8.1,8.77,3.14129,-8.1,8.77,3.14129,0,0,0,54621,5.92224e+08,7.39756e+13,0,profile_only
L0_relaunch3,ad6bb15,W2,1,349,1,0.833244,-8.25,8.77,-3.0919,-8.25,8.77,-3.0919,0,0,0,54621,6.06129e+08,7.33178e+13,0,profile_only
L0_relaunch3,ad6bb15,W2,1,350,1,0.78722,-8.35,8.72,-3.0919,-8.35,8.72,-3.0919,0,0,0,54621,4.83153e+08,7.27889e+13,0,profile_only
L0_relaunch3,ad6bb15,W2,1,351,1,0.881468,-8.55,8.72,-3.0419,-8.55,8.72,-3.0419,0,0,0,54621,6.36225e+08,7.25332e+13,0,profile_only
L0_relaunch3,ad6bb15,W2,1,352,1,0.814605,-8.7,8.67,-2.9919,-8.7,8.67,-2.9919,0,0,0,54621,5.7541e+08,7.17629e+13,0,profile_only
L0_relaunch3,ad6bb15,W2,1,353,1,0.785148,-8.9,8.62,-2.9419,-8.9,8.62,-2.9419,0,0,0,54621,5.96351e+08,7.23411e+13,0,profile_only
L0_relaunch3,ad6bb15,W2,1,354,1,0.805503,-9,8.62,-2.9419,-9,8.62,-2.9419,0,0,0,54621,5.39901e+08,7.23312e+13,0,profile_only
L0_relaunch3,ad6bb15,W2,1,355,1,0.877053,-9.15,8.57,-2.8919,-9.15,8.57,-2.8919,0,0,0,54621,5.47763e+08,7.19908e+13,0,profile_only
L0_relaunch3,ad6bb15,W2,1,356,1,0.870149,-9.3,8.52,-2.8419,-9.3,8.52,-2.8419,0,0,0,54621,5.88702e+08,7.28118e+13,0,profile_only
L0_relaunch3,ad6bb15,W2,1,357,1,0.870196,-9.4,8.47,-2.7919,-9.4,8.47,-2.7919,0,0,0,54621,5.50124e+08,7.37091e+13,0,profile_only
L0_relaunch3,ad6bb15,W2,1,358,1,0.815603,-9.55,8.42,-2.7419,-9.55,8.42,-2.7419,0,0,0,54621,5.22789e+08,7.54805e+13,0,profile_only
L0_relaunch3,ad6bb15,W2,1,359,1,0.829588,-9.7,8.32,-2.6919,-9.7,8.32,-2.6919,0,0,0,54621,5.7572e+08,7.83344e+13,0,profile_only
L0_relaunch3,ad6bb15,W2,1,360,1,0.840518,-9.9,8.22,-2.6419,-9.9,8.22,-2.6419,0,0,0,54621,6.79525e+08,8.19775e+13,0,profile_only
L0_relaunch3,ad6bb15,W2,1,361,1,0.828945,-10.05,8.12,-2.5919,-10.05,8.12,-2.5919,0,0,0,54621,7.30856e+08,8.26191e+13,0,profile_only
L0_relaunch3,ad6bb15,W2,1,362,1,0.847959,-10.25,7.92,-2.4919,-10.25,7.92,-2.4919,0,0,0,54621,7.25948e+08,8.3485e+13,0,profile_only
L0_relaunch3,ad6bb15,W2,1,363,1,0.867419,-10.35,7.87,-2.4419,-10.35,7.87,-2.4419,0,0,0,54621,6.82435e+08,8.45855e+13,0,profile_only
L0_relaunch3,ad6bb15,W2,1,364,1,0.850318,-10.5,7.72,-2.3919,-10.5,7.72,-2.3919,0,0,0,54621,7.01965e+08,8.39387e+13,0,profile_only
L0_relaunch3,ad6bb15,W2,1,365,1,0.912338,-10.65,7.52,-2.2919,-10.65,7.52,-2.2919,0,0,0,54621,7.75292e+08,8.33474e+13,0,profile_only
L0_relaunch3,ad6bb15,W2,1,366,1,0.914458,-10.75,7.37,-2.2419,-10.75,7.37,-2.2419,0,0,0,54621,7.51088e+08,8.32007e+13,0,profile_only
L0_relaunch3,ad6bb15,W2,1,367,1,0.85533,-10.85,7.22,-2.1919,-10.85,7.22,-2.1919,0,0,0,54621,7.88754e+08,8.25054e+13,0,profile_only
L0_relaunch3,ad6bb15,W2,1,368,1,0.863863,-11,6.97,-2.0919,-11,6.97,-2.0919,0,0,0,54621,7.6152e+08,8.06852e+13,0,profile_only
L0_relaunch3,ad6bb15,W2,1,369,1,0.872946,-11.05,6.82,-2.0419,-11.05,6.82,-2.0419,0,0,0,54621,6.8874e+08,7.75457e+13,0,profile_only
L0_relaunch3,ad6bb15,W2,1,370,1,0.82506,-11.15,6.57,-1.9419,-11.15,6.57,-1.9419,0,0,0,54621,7.34053e+08,7.39321e+13,0,profile_only
L0_relaunch3,ad6bb15,W2,1,371,1,0.812809,-11.2,6.37,-1.8919,-11.2,6.37,-1.8919,0,0,0,54621,6.88069e+08,7.26403e+13,0,profile_only
L0_relaunch3,ad6bb15,W2,1,372,1,0.844882,-11.25,6.12,-1.7919,-11.25,6.12,-1.7919,0,0,0,54621,6.31399e+08,7.3832e+13,0,profile_only
L0_relaunch3,ad6bb15,W2,1,373,1,0.760158,-11.25,5.87,-1.7419,-11.25,5.87,-1.7419,0,0,0,54621,6.51548e+08,7.77386e+13,0,profile_only
L0_relaunch3,ad6bb15,W2,1,374,1,0.762296,-11.3,5.57,-1.5919,-11.3,5.57,-1.5919,0,0,0,54621,6.61922e+08,7.75975e+13,0,profile_only
L0_relaunch3,ad6bb15,W2,1,375,1,0.831095,-11.25,5.22,-1.4919,-11.25,5.22,-1.4919,0,0,0,54621,6.97266e+08,8.23695e+13,0,profile_only
L0_relaunch3,ad6bb15,W2,1,376,1,0.778172,-11.2,4.97,-1.3419,-11.2,4.97,-1.3419,0,0,0,54621,7.55048e+08,8.6812e+13,0,profile_only
L0_relaunch3,ad6bb15,W2,1,377,1,0.773893,-11.1,4.72,-1.1919,-11.1,4.72,-1.1919,0,0,0,54621,7.11726e+08,8.96699e+13,0,profile_only
L0_relaunch3,ad6bb15,W2,1,378,1,0.739259,-10.9,4.47,-0.991899,-10.9,4.47,-0.991899,0,0,0,54621,8.18744e+08,9.20346e+13,0,profile_only
L0_relaunch3,ad6bb15,W2,1,379,1,0.797125,-10.4,4.17,-0.491899,-10.4,4.17,-0.491899,0,0,0,54621,9.15863e+08,9.50946e+13,0,profile_only
L0_relaunch3,ad6bb15,W2,1,380,1,0.743469,-10.05,4.07,-0.191899,-10.05,4.07,-0.191899,0,0,0,54621,9.57822e+08,1.05068e+14,0,profile_only
L0_relaunch3,ad6bb15,W2,1,381,1,0.714937,-9.4,4.07,-0.0918989,-9.4,4.07,-0.0918989,0,0,0,54621,8.29544e+08,1.11615e+14,0,profile_only
L0_relaunch3,ad6bb15,W2,1,382,1,0.727285,-8.5,3.97,-0.141899,-8.5,3.97,-0.141899,0,0,0,54621,3.56402e+08,1.22682e+14,0,profile_only
L0_relaunch3,ad6bb15,W2,1,383,1,0.863379,-7.5,3.62,-0.341899,-7.5,3.62,-0.341899,0,0,0,54621,3.94032e+08,1.34726e+14,0,profile_only
L0_relaunch3,ad6bb15,W2,1,384,1,0.862738,-7.25,3.52,-0.391899,-7.25,3.52,-0.391899,0,0,0,54621,5.80369e+08,1.47213e+14,0,profile_only
L0_relaunch3,ad6bb15,W2,1,385,1,0.816107,-7,3.42,-0.441899,-7,3.42,-0.441899,0,0,0,54621,5.65003e+08,1.50717e+14,0,profile_only
L0_relaunch3,ad6bb15,W2,1,386,1,0.813819,-6.7,3.22,-0.441899,-6.7,3.22,-0.441899,0,0,0,54621,5.37683e+08,1.55364e+14,0,profile_only
L0_relaunch3,ad6bb15,W2,1,387,1,0.807184,-6.3,3.02,-0.441899,-6.3,3.02,-0.441899,0,0,0,54621,5.9878e+08,1.60068e+14,0,profile_only
L0_relaunch3,ad6bb15,W2,1,388,1,0.798659,-5.95,2.87,-0.441899,-5.95,2.87,-0.441899,0,0,0,54621,6.38108e+08,1.66466e+14,0,profile_only
L0_relaunch3,ad6bb15,W2,1,389,1,0.78612,-5.4,2.62,-0.441899,-5.4,2.62,-0.441899,0,0,0,54621,5.75552e+08,1.70878e+14,0,profile_only
L0_relaunch3,ad6bb15,W2,1,390,1,0.853661,-4.9,2.37,-0.441899,-4.9,2.37,-0.441899,0,0,0,54621,6.0411e+08,1.7717e+14,0,profile_only
L0_relaunch3,ad6bb15,W2,1,391,1,0.739696,-4.45,2.12,-0.441899,-4.45,2.12,-0.441899,0,0,0,54621,6.01329e+08,1.82482e+14,0,profile_only
L0_relaunch3,ad6bb15,W2,1,392,1,0.793949,-3.85,1.77,-0.491899,-3.85,1.77,-0.491899,0,0,0,54621,5.28097e+08,1.87792e+14,0,profile_only
L0_relaunch3,ad6bb15,W2,1,393,1,0.804683,-3.5,1.57,-0.541899,-3.5,1.57,-0.541899,0,0,0,54621,5.12298e+08,1.90959e+14,0,profile_only
L0_relaunch3,ad6bb15,W2,1,394,1,0.807107,-3.3,1.42,-0.591899,-3.3,1.42,-0.591899,0,0,0,54621,5.15415e+08,1.90541e+14,0,profile_only
L0_relaunch3,ad6bb15,W2,1,395,1,0.752306,-3,1.22,-0.641899,-3,1.22,-0.641899,0,0,0,54621,4.79805e+08,1.8973e+14,0,profile_only
L0_relaunch3,ad6bb15,W2,1,396,1,0.828166,-2.85,0.97,-0.741899,-2.85,0.97,-0.741899,0,0,0,54621,4.72507e+08,1.87783e+14,0,profile_only
L0_relaunch3,ad6bb15,W2,1,397,1,0.786458,-2.65,0.77,-0.791899,-2.65,0.77,-0.791899,0,0,0,54621,4.7585e+08,1.83087e+14,0,profile_only
L0_relaunch3,ad6bb15,W2,1,398,1,0.792131,-2.4,0.52,-0.791899,-2.4,0.52,-0.791899,0,0,0,54621,4.05645e+08,1.8138e+14,0,profile_only
L0_relaunch3,ad6bb15,W2,1,399,1,0.917549,-2.25,0.37,-0.791899,-2.25,0.37,-0.791899,0,0,0,54621,5.88103e+08,1.76481e+14,0,profile_only
L0_relaunch3,ad6bb15,W2,1,400,1,0.839223,-2.1,0.22,-0.741899,-2.1,0.22,-0.741899,0,0,0,54621,6.47685e+08,1.72598e+14,0,profile_only
L0_relaunch3,ad6bb15,W2,1,401,1,0.795124,-1.9,0.07,-0.641899,-1.9,0.07,-0.641899,0,0,0,54621,6.88893e+08,1.69185e+14,0,profile_only
L0_relaunch3,ad6bb15,W2,1,402,1,0.872881,-1.5,-0.13,-0.491899,-1.5,-0.13,-0.491899,0,0,0,54621,7.27779e+08,1.66178e+14,0,profile_only
L0_relaunch3,ad6bb15,W2,1,403,1,0.77359,-1.2,-0.28,-0.391899,-1.2,-0.28,-0.391899,0,0,0,54621,6.97297e+08,1.63142e+14,0,profile_only
L0_relaunch3,ad6bb15,W2,1,404,1,0.82288,-0.65,-0.48,-0.341899,-0.65,-0.48,-0.341899,0,0,0,54621,6.53807e+08,1.63388e+14,0,profile_only
L0_relaunch3,ad6bb15,W2,1,405,1,0.707968,-0.4,-0.53,-0.341899,-0.4,-0.53,-0.341899,0,0,0,54621,6.30313e+08,1.58005e+14,0,profile_only
L0_relaunch3,ad6bb15,W2,1,406,1,0.742417,0.65,-0.68,-0.0418989,0.65,-0.68,-0.0418989,0,0,0,54621,9.81579e+08,1.58129e+14,0,profile_only
L0_relaunch3,ad6bb15,W2,1,407,1,0.696965,0.95,-0.68,0.108101,0.95,-0.68,0.108101,0,0,0,54621,6.97226e+08,1.49817e+14,0,profile_only
L0_relaunch3,ad6bb15,W2,1,408,1,0.697549,1.3,-0.53,0.208101,1.3,-0.53,0.208101,0,0,0,54621,6.8048e+08,1.50375e+14,0,profile_only
L0_relaunch3,ad6bb15,W2,1,409,1,0.755724,1.5,-0.53,0.258101,1.5,-0.53,0.258101,0,0,0,54621,6.45573e+08,1.51033e+14,0,profile_only
L0_relaunch3,ad6bb15,W2,1,410,1,0.848339,1.8,-0.38,0.358101,1.8,-0.38,0.358101,0,0,0,54621,7.83395e+08,1.5026e+14,0,profile_only
L0_relaunch3,ad6bb15,W2,1,411,1,0.836604,2.05,-0.28,0.458101,2.05,-0.28,0.458101,0,0,0,54621,7.81638e+08,1.50255e+14,0,profile_only
L0_relaunch3,ad6bb15,W2,1,412,1,0.889111,2.25,-0.13,0.558101,2.25,-0.13,0.558101,0,0,0,54621,7.82027e+08,1.49477e+14,0,profile_only
L0_relaunch3,ad6bb15,W2,1,413,1,0.813227,2.45,0.02,0.608101,2.45,0.02,0.608101,0,0,0,54621,6.86572e+08,1.4971e+14,0,profile_only
L0_relaunch3,ad6bb15,W2,1,414,1,0.884074,2.65,0.22,0.708101,2.65,0.22,0.708101,0,0,0,54621,8.26081e+08,1.48364e+14,0,profile_only
L0_relaunch3,ad6bb15,W2,1,415,1,0.877086,2.8,0.37,0.808101,2.8,0.37,0.808101,0,0,0,54621,7.55535e+08,1.47666e+14,0,profile_only
L0_relaunch3,ad6bb15,W2,1,416,1,0.880416,3,0.67,0.908101,3,0.67,0.908101,0,0,0,54621,7.42204e+08,1.46146e+14,0,profile_only
L0_relaunch3,ad6bb15,W2,1,417,1,0.878348,3.1,0.77,0.958101,3.1,0.77,0.958101,0,0,0,54621,6.44902e+08,1.45179e+14,0,profile_only
L0_relaunch3,ad6bb15,W2,1,418,1,0.860079,3.25,1.07,1.0581,3.25,1.07,1.0581,0,0,0,54621,6.58218e+08,1.44112e+14,0,profile_only
L0_relaunch3,ad6bb15,W2,1,419,1,0.837416,3.35,1.27,1.1581,3.35,1.27,1.1581,0,0,0,54621,7.07116e+08,1.4355e+14,0,profile_only
L0_relaunch3,ad6bb15,W2,1,420,1,0.857347,3.4,1.47,1.2081,3.4,1.47,1.2081,0,0,0,54621,6.50965e+08,1.43014e+14,0,profile_only
L0_relaunch3,ad6bb15,W2,1,421,1,0.857282,3.5,1.77,1.3081,3.5,1.77,1.3081,0,0,0,54621,7.21465e+08,1.42588e+14,0,profile_only
L0_relaunch3,ad6bb15,W2,1,422,1,0.841472,3.55,2.07,1.4081,3.55,2.07,1.4081,0,0,0,54621,6.61699e+08,1.42266e+14,0,profile_only
L0_relaunch3,ad6bb15,W2,1,423,1,0.714183,3.55,2.32,1.5081,3.55,2.32,1.5081,0,0,0,54621,5.72077e+08,1.41853e+14,0,profile_only
L0_relaunch3,ad6bb15,W2,1,424,1,0.707903,3.55,2.62,1.5581,3.55,2.62,1.5581,0,0,0,54621,5.94933e+08,1.42077e+14,0,profile_only
L0_relaunch3,ad6bb15,W2,1,425,1,0.841794,3.5,3.02,1.7081,3.5,3.02,1.7081,0,0,0,54621,7.72445e+08,1.41577e+14,0,profile_only
L0_relaunch3,ad6bb15,W2,1,426,1,0.761904,3.45,3.22,1.7581,3.45,3.22,1.7581,0,0,0,54621,6.03057e+08,1.42444e+14,0,profile_only
L0_relaunch3,ad6bb15,W2,1,427,1,0.785105,3.25,3.67,1.9081,3.25,3.67,1.9081,0,0,0,54621,7.55563e+08,1.42805e+14,0,profile_only
L0_relaunch3,ad6bb15,W2,1,428,1,0.787564,3.1,3.92,2.0081,3.1,3.92,2.0081,0,0,0,54621,7.02257e+08,1.45487e+14,0,profile_only
L0_relaunch3,ad6bb15,W2,1,429,1,0.935851,3,4.17,2.1081,3,4.17,2.1081,0,0,0,54621,7.25827e+08,1.47146e+14,0,profile_only
L0_relaunch3,ad6bb15,W2,1,430,1,0.848634,2.85,4.32,2.1581,2.85,4.32,2.1581,0,0,0,54621,6.9863e+08,1.47601e+14,0,profile_only
L0_relaunch3,ad6bb15,W2,1,431,1,0.874096,2.7,4.52,2.2581,2.7,4.52,2.2581,0,0,0,54621,7.48573e+08,1.48687e+14,0,profile_only
L0_relaunch3,ad6bb15,W2,1,432,1,0.933082,2.5,4.72,2.3581,2.5,4.72,2.3581,0,0,0,54621,7.35678e+08,1.49685e+14,0,profile_only
L0_relaunch3,ad6bb15,W2,1,433,1,0.860711,2.2,4.97,2.4581,2.2,4.97,2.4581,0,0,0,54621,7.27459e+08,1.51191e+14,0,profile_only
L0_relaunch3,ad6bb15,W2,1,434,1,0.842009,2.15,4.97,2.5081,2.15,4.97,2.5081,0,0,0,54621,6.97393e+08,1.52256e+14,0,profile_only
L0_relaunch3,ad6bb15,W2,1,435,1,0.880369,1.75,5.22,2.6581,1.75,5.22,2.6581,0,0,0,54621,7.65022e+08,1.51976e+14,0,profile_only
L0_relaunch3,ad6bb15,W2,1,436,1,0.814431,1.65,5.22,2.7081,1.65,5.22,2.7081,0,0,0,54621,6.61439e+08,1.54603e+14,0,profile_only
L0_relaunch3,ad6bb15,W2,1,437,1,0.769781,1.2,5.37,2.8081,1.2,5.37,2.8081,0,0,0,54621,7.53994e+08,1.54659e+14,0,profile_only
L0_relaunch3,ad6bb15,W2,1,438,1,0.848539,0.2,5.77,2.8581,0.2,5.77,2.8581,0,0,0,54621,6.44048e+08,1.57546e+14,0,profile_only
L0_relaunch3,ad6bb15,W2,1,439,1,0.87521,-4.10783e-15,5.82,2.8081,-4.10783e-15,5.82,2.8081,0,0,0,54621,5.72618e+08,1.63336e+14,0,profile_only
L0_relaunch3,ad6bb15,W2,1,440,1,0.931258,-0.3,5.92,2.8081,-0.3,5.92,2.8081,0,0,0,54621,6.07202e+08,1.63727e+14,0,profile_only
L0_relaunch3,ad6bb15,W2,1,441,1,0.960295,-0.55,6.02,2.8081,-0.55,6.02,2.8081,0,0,0,54621,5.61701e+08,1.64064e+14,0,profile_only
L0_relaunch3,ad6bb15,W2,1,442,1,0.941768,-0.7,6.07,2.8081,-0.7,6.07,2.8081,0,0,0,54621,5.93969e+08,1.63208e+14,0,profile_only
L0_relaunch3,ad6bb15,W2,1,443,1,0.912216,-0.9,6.17,2.8081,-0.9,6.17,2.8081,0,0,0,54621,6.00413e+08,1.62595e+14,0,profile_only
L0_relaunch3,ad6bb15,W2,1,444,1,0.908643,-1.05,6.22,2.7581,-1.05,6.22,2.7581,0,0,0,54621,5.99775e+08,1.61693e+14,0,profile_only
L0_relaunch3,ad6bb15,W2,1,445,1,0.880223,-1.2,6.27,2.7581,-1.2,6.27,2.7581,0,0,0,54621,6.54538e+08,1.61362e+14,0,profile_only
L0_relaunch3,ad6bb15,W2,1,446,1,0.833096,-1.4,6.37,2.7081,-1.4,6.37,2.7081,0,0,0,54621,5.55955e+08,1.62503e+14,0,profile_only
L0_relaunch3,ad6bb15,W2,1,447,1,0.832221,-1.6,6.47,2.7081,-1.6,6.47,2.7081,0,0,0,54621,7.03201e+08,1.61897e+14,0,profile_only
L0_relaunch3,ad6bb15,W2,1,448,1,0.841534,-1.7,6.52,2.7081,-1.7,6.52,2.7081,0,0,0,54621,6.13103e+08,1.61499e+14,0,profile_only
L0_relaunch3,ad6bb15,W2,1,449,1,0.7834,-1.75,6.57,2.7081,-1.75,6.57,2.7081,0,0,0,54621,3.7057e+08,1.61166e+14,0,profile_only
L0_relaunch3,ad6bb15,W2,1,450,1,0.777483,-1.75,6.57,2.7081,-1.75,6.57,2.7081,0,0,0,54621,2.70404e+08,1.60188e+14,0,profile_only
L0_relaunch3,ad6bb15,W2,1,451,1,0.77593,-1.75,6.57,2.7081,-1.75,6.57,2.7081,0,0,0,54621,2.91548e+08,1.60201e+14,0,profile_only
L0_relaunch3,ad6bb15,W2,1,452,1,0.774087,-1.75,6.57,2.7081,-1.75,6.57,2.7081,0,0,0,54621,2.80527e+08,1.6019e+14,0,profile_only
L0_relaunch3,ad6bb15,W2,1,453,1,0.765584,-1.75,6.57,2.7081,-1.75,6.57,2.7081,0,0,0,54621,2.91395e+08,1.60204e+14,0,profile_only
L0_relaunch3,ad6bb15,W2,1,454,1,0.77614,-1.75,6.57,2.7081,-1.75,6.57,2.7081,0,0,0,54621,2.7035e+08,1.60193e+14,0,profile_only
L0_relaunch3,ad6bb15,W2,1,455,1,0.771533,-1.75,6.57,2.7081,-1.75,6.57,2.7081,0,0,0,54621,2.91428e+08,1.60203e+14,0,profile_only
L0_relaunch3,ad6bb15,W2,1,456,1,0.775607,-1.75,6.57,2.7081,-1.75,6.57,2.7081,0,0,0,54621,2.70387e+08,1.60195e+14,0,profile_only
L0_relaunch3,ad6bb15,W2,1,457,1,0.7834,-1.75,6.57,2.7081,-1.75,6.57,2.7081,0,0,0,54621,2.60371e+08,1.60193e+14,0,profile_only
L0_relaunch3,ad6bb15,W2,1,458,1,0.774475,-1.75,6.57,2.7081,-1.75,6.57,2.7081,0,0,0,54621,2.91554e+08,1.60195e+14,0,profile_only
L0_relaunch3,ad6bb15,W2,1,459,1,0.781945,-1.8,6.57,2.7081,-1.8,6.57,2.7081,0,0,0,54621,2.70418e+08,1.60194e+14,0,profile_only
L0_relaunch3,ad6bb15,W2,1,460,1,0.780603,-1.75,6.57,2.7081,-1.75,6.57,2.7081,0,0,0,54621,1.742e+08,1.60165e+14,0,profile_only
L0_relaunch3,ad6bb15,W2,1,461,1,0.774831,-1.75,6.57,2.7081,-1.75,6.57,2.7081,0,0,0,54621,2.80488e+08,1.602e+14,0,profile_only
L0_relaunch3,ad6bb15,W2,1,462,1,0.783011,-1.75,6.57,2.7081,-1.75,6.57,2.7081,0,0,0,54621,2.70512e+08,1.60191e+14,0,profile_only
L0_relaunch3,ad6bb15,W2,1,463,1,0.764873,-1.75,6.57,2.7081,-1.75,6.57,2.7081,0,0,0,54621,2.91498e+08,1.60202e+14,0,profile_only
L0_relaunch3,ad6bb15,W2,1,464,1,0.777806,-1.75,6.57,2.7081,-1.75,6.57,2.7081,0,0,0,54621,2.7043e+08,1.60194e+14,0,profile_only
L0_relaunch3,ad6bb15,W2,1,465,1,0.783011,-1.75,6.57,2.7081,-1.75,6.57,2.7081,0,0,0,54621,2.70366e+08,1.60201e+14,0,profile_only
L0_relaunch3,ad6bb15,W2,2,0,1,0.856585,-2,6.82,-3.02553,-2,6.82,-3.02553,0,0,0,54621,2.17758e+08,1.64836e+14,0,profile_only
L0_relaunch3,ad6bb15,W2,2,1,1,0.834195,-2,6.82,-3.02553,-2,6.82,-3.02553,0,0,0,54621,2.88383e+08,1.64832e+14,0,profile_only
L0_relaunch3,ad6bb15,W2,2,2,1,0.852156,-2,6.82,-3.02553,-2,6.82,-3.02553,0,0,0,54621,2.89395e+08,1.64844e+14,0,profile_only
L0_relaunch3,ad6bb15,W2,2,3,1,0.842553,-2,6.82,-3.02553,-2,6.82,-3.02553,0,0,0,54621,2.16693e+08,1.64829e+14,0,profile_only
L0_relaunch3,ad6bb15,W2,2,4,1,0.858961,-2,6.82,-3.02553,-2,6.82,-3.02553,0,0,0,54621,2.79402e+08,1.64827e+14,0,profile_only
L0_relaunch3,ad6bb15,W2,2,5,1,0.854887,-2,6.82,-3.02553,-2,6.82,-3.02553,0,0,0,54621,2.81298e+08,1.64832e+14,0,profile_only
L0_relaunch3,ad6bb15,W2,2,6,1,0.845285,-2,6.82,-3.02553,-2,6.82,-3.02553,0,0,0,54621,2.89435e+08,1.64832e+14,0,profile_only
L0_relaunch3,ad6bb15,W2,2,7,1,0.851347,-2,6.82,-3.02553,-2,6.82,-3.02553,0,0,0,54621,2.91324e+08,1.64839e+14,0,profile_only
L0_relaunch3,ad6bb15,W2,2,8,1,0.836103,-2,6.82,-3.02553,-2,6.82,-3.02553,0,0,0,54621,1.94966e+08,1.64839e+14,0,profile_only
L0_relaunch3,ad6bb15,W2,2,9,1,0.844331,-2,6.82,-3.02553,-2,6.82,-3.02553,0,0,0,54621,1.93099e+08,1.64833e+14,0,profile_only
L0_relaunch3,ad6bb15,W2,2,10,1,0.857895,-2,6.82,-3.02553,-2,6.82,-3.02553,0,0,0,54621,2.8136e+08,1.64846e+14,0,profile_only
L0_relaunch3,ad6bb15,W2,2,11,1,0.85311,-2,6.82,-3.02553,-2,6.82,-3.02553,0,0,0,54621,1.93087e+08,1.6484e+14,0,profile_only
L0_relaunch3,ad6bb15,W2,2,12,1,0.84543,-2,6.82,-3.02553,-2,6.82,-3.02553,0,0,0,54621,2.82751e+08,1.64836e+14,0,profile_only
L0_relaunch3,ad6bb15,W2,2,13,1,0.854307,-2.1,6.82,-3.02553,-2.1,6.82,-3.02553,0,0,0,54621,2.72059e+08,1.64883e+14,0,profile_only
L0_relaunch3,ad6bb15,W2,2,14,1,0.819709,-2.25,6.82,-3.02553,-2.25,6.82,-3.02553,0,0,0,54621,2.21524e+08,1.6505e+14,0,profile_only
L0_relaunch3,ad6bb15,W2,2,15,1,0.841523,-2.6,6.77,-3.02553,-2.6,6.77,-3.02553,0,0,0,54621,5.83826e+08,1.65467e+14,0,profile_only
L0_relaunch3,ad6bb15,W2,2,16,1,0.871154,-2.95,6.72,-3.02553,-2.95,6.72,-3.02553,0,0,0,54621,5.01658e+08,1.6653e+14,0,profile_only
L0_relaunch3,ad6bb15,W2,2,17,1,0.940491,-3.4,6.67,-2.97553,-3.4,6.67,-2.97553,0,0,0,54621,5.51783e+08,1.67399e+14,0,profile_only
L0_relaunch3,ad6bb15,W2,2,18,1,0.893994,-3.75,6.62,-2.92553,-3.75,6.62,-2.92553,0,0,0,54621,6.17449e+08,1.65686e+14,0,profile_only
L0_relaunch3,ad6bb15,W2,2,19,1,0.759736,-4.2,6.52,-2.92553,-4.2,6.52,-2.92553,0,0,0,54621,6.36865e+08,1.59287e+14,0,profile_only
L0_relaunch3,ad6bb15,W2,2,20,1,0.794315,-4.8,6.52,3.05766,-4.8,6.52,3.05766,0,0,0,54621,2.53018e+08,1.54878e+14,0,profile_only
L0_relaunch3,ad6bb15,W2,2,21,1,0.83578,-5.25,6.72,2.75766,-5.25,6.72,2.75766,0,0,0,54621,2.71626e+08,1.42349e+14,0,profile_only
L0_relaunch3,ad6bb15,W2,2,22,1,0.904907,-5.55,6.97,2.45766,-5.55,6.97,2.45766,0,0,0,54621,4.16016e+08,1.29132e+14,0,profile_only
L0_relaunch3,ad6bb15,W2,2,23,1,0.868582,-5.75,7.22,2.25766,-5.75,7.22,2.25766,0,0,0,54621,4.29853e+08,1.20187e+14,0,profile_only
L0_relaunch3,ad6bb15,W2,2,24,1,0.908349,-5.95,7.62,2.10766,-5.95,7.62,2.10766,0,0,0,54621,5.20121e+08,1.13462e+14,0,profile_only
L0_relaunch3,ad6bb15,W2,2,25,1,0.884261,-6.1,7.87,2.10766,-6.1,7.87,2.10766,0,0,0,54621,5.23353e+08,1.06208e+14,0,profile_only
L0_relaunch3,ad6bb15,W2,2,26,1,0.920313,-6.25,8.12,2.10766,-6.25,8.12,2.10766,0,0,0,54621,4.64394e+08,1.00784e+14,0,profile_only
L0_relaunch3,ad6bb15,W2,2,27,1,0.885538,-6.3,8.22,2.10766,-6.3,8.22,2.10766,0,0,0,54621,4.96738e+08,9.56437e+13,0,profile_only
L0_relaunch3,ad6bb15,W2,2,28,1,0.937353,-6.5,8.47,2.20766,-6.5,8.47,2.20766,0,0,0,54621,6.47286e+08,9.32893e+13,0,profile_only
L0_relaunch3,ad6bb15,W2,2,29,1,0.927783,-6.65,8.62,2.30766,-6.65,8.62,2.30766,0,0,0,54621,8.21121e+08,8.77843e+13,0,profile_only
L0_relaunch3,ad6bb15,W2,2,30,1,0.922334,-6.8,8.72,2.45766,-6.8,8.72,2.45766,0,0,0,54621,8.43498e+08,8.45566e+13,0,profile_only
L0_relaunch3,ad6bb15,W2,2,31,1,0.863685,-7.05,8.82,2.60766,-7.05,8.82,2.60766,0,0,0,54621,7.36972e+08,8.27487e+13,0,profile_only
L0_relaunch3,ad6bb15,W2,2,32,1,0.831641,-7.25,8.92,2.75766,-7.25,8.92,2.75766,0,0,0,54621,5.10615e+08,8.00621e+13,0,profile_only
L0_relaunch3,ad6bb15,W2,2,33,1,0.861356,-7.45,8.92,2.90766,-7.45,8.92,2.90766,0,0,0,54621,5.10158e+08,7.81482e+13,0,profile_only
L0_relaunch3,ad6bb15,W2,2,34,1,0.827553,-7.65,8.97,3.05766,-7.65,8.97,3.05766,0,0,0,54621,7.02806e+08,7.76222e+13,0,profile_only
L0_relaunch3,ad6bb15,W2,2,35,1,0.846239,-7.9,8.92,-3.07553,-7.9,8.92,-3.07553,0,0,0,54621,6.35594e+08,7.64101e+13,0,profile_only
L0_relaunch3,ad6bb15,W2,2,36,1,0.850346,-8.05,8.87,-2.97553,-8.05,8.87,-2.97553,0,0,0,54621,6.30406e+08,7.58509e+13,0,profile_only
L0_relaunch3,ad6bb15,W2,2,37,1,0.792589,-8.3,8.77,-2.87553,-8.3,8.77,-2.87553,0,0,0,54621,6.37823e+08,7.41368e+13,0,profile_only
L0_relaunch3,ad6bb15,W2,2,38,1,0.806552,-8.55,8.72,-2.82553,-8.55,8.72,-2.82553,0,0,0,54621,5.35746e+08,7.39961e+13,0,profile_only
L0_relaunch3,ad6bb15,W2,2,39,1,0.840953,-8.85,8.62,-2.82553,-8.85,8.62,-2.82553,0,0,0,54621,5.68056e+08,7.38189e+13,0,profile_only
L0_relaunch3,ad6bb15,W2,2,40,1,0.82846,-9.05,8.57,-2.82553,-9.05,8.57,-2.82553,0,0,0,54621,5.37234e+08,7.32129e+13,0,profile_only
L0_relaunch3,ad6bb15,W2,2,41,1,0.807992,-9.25,8.47,-2.82553,-9.25,8.47,-2.82553,0,0,0,54621,5.15673e+08,7.36168e+13,0,profile_only
L0_relaunch3,ad6bb15,W2,2,42,1,0.792618,-9.45,8.42,-2.82553,-9.45,8.42,-2.82553,0,0,0,54621,5.43196e+08,7.57004e+13,0,profile_only
L0_relaunch3,ad6bb15,W2,2,43,1,0.812693,-9.7,8.32,-2.77553,-9.7,8.32,-2.77553,0,0,0,54621,6.3551e+08,7.90125e+13,0,profile_only
L0_relaunch3,ad6bb15,W2,2,44,1,0.826457,-9.9,8.27,-2.77553,-9.9,8.27,-2.77553,0,0,0,54621,5.76751e+08,8.19679e+13,0,profile_only
L0_relaunch3,ad6bb15,W2,2,45,1,0.766256,-10.15,8.12,-2.72553,-10.15,8.12,-2.72553,0,0,0,54621,6.82587e+08,8.16539e+13,0,profile_only
L0_relaunch3,ad6bb15,W2,2,46,1,0.810864,-10.25,8.12,-2.72553,-10.25,8.12,-2.72553,0,0,0,54621,6.33438e+08,8.21982e+13,0,profile_only
L0_relaunch3,ad6bb15,W2,2,47,1,0.84323,-10.5,7.92,-2.62553,-10.5,7.92,-2.62553,0,0,0,54621,7.29569e+08,8.14665e+13,0,profile_only
L0_relaunch3,ad6bb15,W2,2,48,1,0.874158,-10.65,7.82,-2.57553,-10.65,7.82,-2.57553,0,0,0,54621,6.39288e+08,8.1556e+13,0,profile_only
L0_relaunch3,ad6bb15,W2,2,49,1,0.899563,-10.8,7.72,-2.52553,-10.8,7.72,-2.52553,0,0,0,54621,6.13226e+08,8.10423e+13,0,profile_only
L0_relaunch3,ad6bb15,W2,2,50,1,0.922695,-10.95,7.57,-2.47553,-10.95,7.57,-2.47553,0,0,0,54621,6.79227e+08,8.00577e+13,0,profile_only
L0_relaunch3,ad6bb15,W2,2,51,1,0.905347,-11.05,7.47,-2.42553,-11.05,7.47,-2.42553,0,0,0,54621,6.30625e+08,7.9305e+13,0,profile_only
L0_relaunch3,ad6bb15,W2,2,52,1,0.916367,-11.2,7.32,-2.32553,-11.2,7.32,-2.32553,0,0,0,54621,6.84579e+08,7.88333e+13,0,profile_only
L0_relaunch3,ad6bb15,W2,2,53,1,0.895855,-11.25,7.22,-2.27553,-11.25,7.22,-2.27553,0,0,0,54621,6.89733e+08,7.82998e+13,0,profile_only
L0_relaunch3,ad6bb15,W2,2,54,1,0.846024,-11.35,7.07,-2.17553,-11.35,7.07,-2.17553,0,0,0,54621,8.39184e+08,7.69138e+13,0,profile_only
L0_relaunch3,ad6bb15,W2,2,55,1,0.826725,-11.45,6.87,-2.07553,-11.45,6.87,-2.07553,0,0,0,54621,7.57192e+08,7.58642e+13,0,profile_only
L0_relaunch3,ad6bb15,W2,2,56,1,0.79873,-11.55,6.62,-1.97553,-11.55,6.62,-1.97553,0,0,0,54621,7.64715e+08,7.41948e+13,0,profile_only
L0_relaunch3,ad6bb15,W2,2,57,1,0.771653,-11.6,6.42,-1.87553,-11.6,6.42,-1.87553,0,0,0,54621,7.03209e+08,7.49218e+13,0,profile_only
L0_relaunch3,ad6bb15,W2,2,58,1,0.805142,-11.6,6.17,-1.72553,-11.6,6.17,-1.72553,0,0,0,54621,6.222e+08,7.48996e+13,0,profile_only
L0_relaunch3,ad6bb15,W2,2,59,1,0.744042,-11.6,6.02,-1.67553,-11.6,6.02,-1.67553,0,0,0,54621,5.74481e+08,7.73301e+13,0,profile_only
L0_relaunch3,ad6bb15,W2,2,60,1,0.791156,-11.6,5.72,-1.52553,-11.6,5.72,-1.52553,0,0,0,54621,6.10811e+08,7.60435e+13,0,profile_only
L0_relaunch3,ad6bb15,W2,2,61,1,0.7738,-11.55,5.47,-1.42553,-11.55,5.47,-1.42553,0,0,0,54621,6.67906e+08,7.94854e+13,0,profile_only
L0_relaunch3,ad6bb15,W2,2,62,1,0.737914,-11.45,5.22,-1.32553,-11.45,5.22,-1.32553,0,0,0,54621,6.76634e+08,8.25435e+13,0,profile_only
L0_relaunch3,ad6bb15,W2,2,63,1,0.798317,-11.3,4.87,-1.12553,-11.3,4.87,-1.12553,0,0,0,54621,8.19475e+08,8.47338e+13,0,profile_only
L0_relaunch3,ad6bb15,W2,2,64,1,0.765526,-11.1,4.62,-0.975528,-11.1,4.62,-0.975528,0,0,0,54621,7.79638e+08,8.95616e+13,0,profile_only
L0_relaunch3,ad6bb15,W2,2,65,1,0.767953,-10.8,4.42,-0.675528,-10.8,4.42,-0.675528,0,0,0,54621,8.48251e+08,9.28746e+13,0,profile_only
L0_relaunch3,ad6bb15,W2,2,66,1,0.762342,-10.35,4.27,-0.325528,-10.35,4.27,-0.325528,0,0,0,54621,9.25895e+08,9.87524e+13,0,profile_only
L0_relaunch3,ad6bb15,W2,2,67,1,0.748123,-9.7,4.17,-0.125528,-9.7,4.17,-0.125528,0,0,0,54621,9.79475e+08,1.05966e+14,0,profile_only
L0_relaunch3,ad6bb15,W2,2,68,1,0.751408,-8.9,4.07,-0.125528,-8.9,4.07,-0.125528,0,0,0,54621,5.54691e+08,1.17448e+14,0,profile_only
L0_relaunch3,ad6bb15,W2,2,69,1,0.670747,-8.5,3.97,-0.325528,-8.5,3.97,-0.325528,0,0,0,54621,4.82348e+08,1.3029e+14,0,profile_only
L0_relaunch3,ad6bb15,W2,2,70,1,0.834265,-7.2,3.32,-0.475528,-7.2,3.32,-0.475528,0,0,0,54621,4.80293e+08,1.35604e+14,0,profile_only
L0_relaunch3,ad6bb15,W2,2,71,1,0.873927,-7.05,3.22,-0.475528,-7.05,3.22,-0.475528,0,0,0,54621,5.54365e+08,1.53407e+14,0,profile_only
L0_relaunch3,ad6bb15,W2,2,72,1,0.846714,-6.9,3.12,-0.475528,-6.9,3.12,-0.475528,0,0,0,54621,4.7731e+08,1.55958e+14,0,profile_only
L0_relaunch3,ad6bb15,W2,2,73,1,0.915388,-6.65,3.02,-0.525528,-6.65,3.02,-0.525528,0,0,0,54621,5.56439e+08,1.58602e+14,0,profile_only
L0_relaunch3,ad6bb15,W2,2,74,1,0.884126,-6.5,2.92,-0.525528,-6.5,2.92,-0.525528,0,0,0,54621,6.0033e+08,1.62412e+14,0,profile_only
L0_relaunch3,ad6bb15,W2,2,75,1,0.805046,-6.4,2.82,-0.525528,-6.4,2.82,-0.525528,0,0,0,54621,5.77431e+08,1.65294e+14,0,profile_only
L0_relaunch3,ad6bb15,W2,2,76,1,0.878557,-5.95,2.57,-0.575528,-5.95,2.57,-0.575528,0,0,0,54621,5.66253e+08,1.66932e+14,0,profile_only
L0_relaunch3,ad6bb15,W2,2,77,1,0.855013,-5.85,2.47,-0.575528,-5.85,2.47,-0.575528,0,0,0,54621,6.24641e+08,1.72894e+14,0,profile_only
L0_relaunch3,ad6bb15,W2,2,78,1,0.832817,-5.6,2.32,-0.625528,-5.6,2.32,-0.625528,0,0,0,54621,5.66113e+08,1.73619e+14,0,profile_only
L0_relaunch3,ad6bb15,W2,2,79,1,0.8067,-5.3,2.07,-0.625528,-5.3,2.07,-0.625528,0,0,0,54621,6.47081e+08,1.76826e+14,0,profile_only
L0_relaunch3,ad6bb15,W2,2,80,1,0.761985,-5,1.87,-0.625528,-5,1.87,-0.625528,0,0,0,54621,6.29449e+08,1.79884e+14,0,profile_only
L0_relaunch3,ad6bb15,W2,2,81,1,0.810237,-4.65,1.62,-0.625528,-4.65,1.62,-0.625528,0,0,0,54621,6.28381e+08,1.82589e+14,0,profile_only
L0_relaunch3,ad6bb15,W2,2,82,1,0.826827,-4.5,1.52,-0.575528,-4.5,1.52,-0.575528,0,0,0,54621,6.30037e+08,1.86048e+14,0,profile_only
L0_relaunch3,ad6bb15,W2,2,83,1,0.856085,-4.25,1.37,-0.525528,-4.25,1.37,-0.525528,0,0,0,54621,6.35407e+08,1.88346e+14,0,profile_only
L0_relaunch3,ad6bb15,W2,2,84,1,0.818835,-4.05,1.27,-0.475528,-4.05,1.27,-0.475528,0,0,0,54621,6.25753e+08,1.90557e+14,0,profile_only
L0_relaunch3,ad6bb15,W2,2,85,1,0.820569,-3.9,1.22,-0.425528,-3.9,1.22,-0.425528,0,0,0,54621,6.00816e+08,1.91546e+14,0,profile_only
L0_relaunch3,ad6bb15,W2,2,86,1,0.84296,-3.75,1.17,-0.425528,-3.75,1.17,-0.425528,0,0,0,54621,6.23211e+08,1.90751e+14,0,profile_only
L0_relaunch3,ad6bb15,W2,2,87,1,0.891974,-3.5,1.07,-0.425528,-3.5,1.07,-0.425528,0,0,0,54621,5.63382e+08,1.88527e+14,0,profile_only
L0_relaunch3,ad6bb15,W2,2,88,1,0.864087,-3.35,0.97,-0.425528,-3.35,0.97,-0.425528,0,0,0,54621,5.01821e+08,1.86921e+14,0,profile_only
L0_relaunch3,ad6bb15,W2,2,89,1,0.8826,-3.15,0.87,-0.475528,-3.15,0.87,-0.475528,0,0,0,54621,4.77424e+08,1.85572e+14,0,profile_only
L0_relaunch3,ad6bb15,W2,2,90,1,0.910631,-3,0.77,-0.525528,-3,0.77,-0.525528,0,0,0,54621,4.94647e+08,1.84046e+14,0,profile_only
L0_relaunch3,ad6bb15,W2,2,91,1,0.848648,-2.85,0.67,-0.575528,-2.85,0.67,-0.575528,0,0,0,54621,5.53755e+08,1.82436e+14,0,profile_only
L0_relaunch3,ad6bb15,W2,2,92,1,0.828021,-2.65,0.52,-0.575528,-2.65,0.52,-0.575528,0,0,0,54621,5.96944e+08,1.82209e+14,0,profile_only
L0_relaunch3,ad6bb15,W2,2,93,1,0.841955,-2.45,0.37,-0.625528,-2.45,0.37,-0.625528,0,0,0,54621,4.65342e+08,1.80414e+14,0,profile_only
L0_relaunch3,ad6bb15,W2,2,94,1,0.777552,-2.3,0.27,-0.625528,-2.3,0.27,-0.625528,0,0,0,54621,5.96764e+08,1.75894e+14,0,profile_only
L0_relaunch3,ad6bb15,W2,2,95,1,0.914041,-1.95,0.02,-0.575528,-1.95,0.02,-0.575528,0,0,0,54621,5.9778e+08,1.72452e+14,0,profile_only
L0_relaunch3,ad6bb15,W2,2,96,1,0.80665,-1.75,-0.08,-0.525528,-1.75,-0.08,-0.525528,0,0,0,54621,6.37795e+08,1.66954e+14,0,profile_only
L0_relaunch3,ad6bb15,W2,2,97,1,0.783418,-1.3,-0.28,-0.425528,-1.3,-0.28,-0.425528,0,0,0,54621,6.01822e+08,1.64951e+14,0,profile_only
L0_relaunch3,ad6bb15,W2,2,98,1,0.737509,-0.7,-0.48,-0.225528,-0.7,-0.48,-0.225528,0,0,0,54621,7.88052e+08,1.61731e+14,0,profile_only
L0_relaunch3,ad6bb15,W2,2,99,1,0.787894,0.1,-0.53,-0.0255283,0.1,-0.53,-0.0255283,0,0,0,54621,7.71696e+08,1.59549e+14,0,profile_only
L0_relaunch3,ad6bb15,W2,2,100,1,0.722033,0.4,-0.53,0.0244717,0.4,-0.53,0.0244717,0,0,0,54621,6.06594e+08,1.55233e+14,0,profile_only
L0_relaunch3,ad6bb15,W2,2,101,1,0.856455,0.7,-0.48,0.124472,0.7,-0.48,0.124472,0,0,0,54621,7.44282e+08,1.53184e+14,0,profile_only
L0_relaunch3,ad6bb15,W2,2,102,1,0.879055,0.9,-0.43,0.174472,0.9,-0.43,0.174472,0,0,0,54621,6.38146e+08,1.52648e+14,0,profile_only
L0_relaunch3,ad6bb15,W2,2,103,1,0.828391,1.1,-0.38,0.224472,1.1,-0.38,0.224472,0,0,0,54621,6.59193e+08,1.52308e+14,0,profile_only
L0_relaunch3,ad6bb15,W2,2,104,1,0.729938,1.25,-0.33,0.224472,1.25,-0.33,0.224472,0,0,0,54621,6.18701e+08,1.52102e+14,0,profile_only
L0_relaunch3,ad6bb15,W2,2,105,1,0.790245,1.6,-0.18,0.324472,1.6,-0.18,0.324472,0,0,0,54621,6.73959e+08,1.52128e+14,0,profile_only
L0_relaunch3,ad6bb15,W2,2,106,1,0.814714,1.7,-0.18,0.324472,1.7,-0.18,0.324472,0,0,0,54621,6.42324e+08,1.51041e+14,0,profile_only
L0_relaunch3,ad6bb15,W2,2,107,1,0.871118,1.95,-0.08,0.374472,1.95,-0.08,0.374472,0,0,0,54621,6.93202e+08,1.51058e+14,0,profile_only
L0_relaunch3,ad6bb15,W2,2,108,1,0.864603,2.15,0.02,0.424472,2.15,0.02,0.424472,0,0,0,54621,7.16407e+08,1.49695e+14,0,profile_only
L0_relaunch3,ad6bb15,W2,2,109,1,0.927572,2.35,0.12,0.474472,2.35,0.12,0.474472,0,0,0,54621,6.5156e+08,1.49103e+14,0,profile_only
L0_relaunch3,ad6bb15,W2,2,110,1,0.92573,2.5,0.22,0.524472,2.5,0.22,0.524472,0,0,0,54621,6.21754e+08,1.48177e+14,0,profile_only
L0_relaunch3,ad6bb15,W2,2,111,1,0.908382,2.65,0.32,0.574472,2.65,0.32,0.574472,0,0,0,54621,6.24138e+08,1.47554e+14,0,profile_only
L0_relaunch3,ad6bb15,W2,2,112,1,0.872203,2.85,0.47,0.624472,2.85,0.47,0.624472,0,0,0,54621,6.98012e+08,1.45784e+14,0,profile_only
L0_relaunch3,ad6bb15,W2,2,113,1,0.922287,3,0.62,0.724472,3,0.62,0.724472,0,0,0,54621,6.92429e+08,1.42503e+14,0,profile_only
L0_relaunch3,ad6bb15,W2,2,114,1,0.902839,3.1,0.77,0.824472,3.1,0.77,0.824472,0,0,0,54621,6.79848e+08,1.41513e+14,0,profile_only
L0_relaunch3,ad6bb15,W2,2,115,1,0.915528,3.2,0.92,0.924472,3.2,0.92,0.924472,0,0,0,54621,6.82876e+08,1.41157e+14,0,profile_only
L0_relaunch3,ad6bb15,W2,2,116,1,0.825662,3.3,1.07,1.02447,3.3,1.07,1.02447,0,0,0,54621,7.2028e+08,1.42068e+14,0,profile_only
L0_relaunch3,ad6bb15,W2,2,117,1,0.853469,3.35,1.22,1.12447,3.35,1.22,1.12447,0,0,0,54621,6.83908e+08,1.4229e+14,0,profile_only
L0_relaunch3,ad6bb15,W2,2,118,1,0.842698,3.45,1.52,1.27447,3.45,1.52,1.27447,0,0,0,54621,7.76709e+08,1.42979e+14,0,profile_only
L0_relaunch3,ad6bb15,W2,2,119,1,0.802253,3.45,1.72,1.37447,3.45,1.72,1.37447,0,0,0,54621,7.24598e+08,1.43553e+14,0,profile_only
L0_relaunch3,ad6bb15,W2,2,120,1,0.785475,3.5,1.97,1.52447,3.5,1.97,1.52447,0,0,0,54621,6.93313e+08,1.44756e+14,0,profile_only
L0_relaunch3,ad6bb15,W2,2,121,1,0.80526,3.45,2.17,1.62447,3.45,2.17,1.62447,0,0,0,54621,6.61678e+08,1.45068e+14,0,profile_only
L0_relaunch3,ad6bb15,W2,2,122,1,0.722958,3.4,2.47,1.77447,3.4,2.47,1.77447,0,0,0,54621,6.84991e+08,1.45669e+14,0,profile_only
L0_relaunch3,ad6bb15,W2,2,123,1,0.740433,3.3,2.62,1.82447,3.3,2.62,1.82447,0,0,0,54621,6.0923e+08,1.46632e+14,0,profile_only
L0_relaunch3,ad6bb15,W2,2,124,1,0.77613,3.2,2.82,1.92447,3.2,2.82,1.92447,0,0,0,54621,6.87622e+08,1.46968e+14,0,profile_only
L0_relaunch3,ad6bb15,W2,2,125,1,0.821897,3.1,3.07,2.02447,3.1,3.07,2.02447,0,0,0,54621,6.79286e+08,1.47946e+14,0,profile_only
L0_relaunch3,ad6bb15,W2,2,126,1,0.822749,3.05,3.17,2.07447,3.05,3.17,2.07447,0,0,0,54621,6.62082e+08,1.48917e+14,0,profile_only
L0_relaunch3,ad6bb15,W2,2,127,1,0.785137,2.8,3.47,2.17447,2.8,3.47,2.17447,0,0,0,54621,7.31361e+08,1.48666e+14,0,profile_only
L0_relaunch3,ad6bb15,W2,2,128,1,0.908208,2.7,3.57,2.22447,2.7,3.57,2.22447,0,0,0,54621,6.73133e+08,1.51608e+14,0,profile_only
L0_relaunch3,ad6bb15,W2,2,129,1,0.792422,2.6,3.72,2.27447,2.6,3.72,2.27447,0,0,0,54621,6.96298e+08,1.51723e+14,0,profile_only
L0_relaunch3,ad6bb15,W2,2,130,1,0.914981,2.35,3.92,2.37447,2.35,3.92,2.37447,0,0,0,54621,7.41556e+08,1.49508e+14,0,profile_only
L0_relaunch3,ad6bb15,W2,2,131,1,0.93087,2.15,4.12,2.42447,2.15,4.12,2.42447,0,0,0,54621,6.86002e+08,1.48129e+14,0,profile_only
L0_relaunch3,ad6bb15,W2,2,132,1,0.923549,2.05,4.17,2.42447,2.05,4.17,2.42447,0,0,0,54621,6.38512e+08,1.49648e+14,0,profile_only
L0_relaunch3,ad6bb15,W2,2,133,1,0.885219,1.85,4.37,2.47447,1.85,4.37,2.47447,0,0,0,54621,6.46211e+08,1.51414e+14,0,profile_only
L0_relaunch3,ad6bb15,W2,2,134,1,0.924279,1.65,4.52,2.47447,1.65,4.52,2.47447,0,0,0,54621,5.79946e+08,1.52972e+14,0,profile_only
L0_relaunch3,ad6bb15,W2,2,135,1,0.883829,1.5,4.62,2.47447,1.5,4.62,2.47447,0,0,0,54621,6.57166e+08,1.5452e+14,0,profile_only
L0_relaunch3,ad6bb15,W2,2,136,1,0.903582,1.15,4.87,2.52447,1.15,4.87,2.52447,0,0,0,54621,6.54403e+08,1.55993e+14,0,profile_only
L0_relaunch3,ad6bb15,W2,2,137,1,0.828365,0.95,5.02,2.52447,0.95,5.02,2.52447,0,0,0,54621,6.25069e+08,1.58412e+14,0,profile_only
L0_relaunch3,ad6bb15,W2,2,138,1,0.855537,0.3,5.42,2.57447,0.3,5.42,2.57447,0,0,0,54621,6.80206e+08,1.59399e+14,0,profile_only
L0_relaunch3,ad6bb15,W2,2,139,1,0.937436,-0.15,5.67,2.62447,-0.15,5.67,2.62447,0,0,0,54621,6.22085e+08,1.6288e+14,0,profile_only
L0_relaunch3,ad6bb15,W2,2,140,1,0.931842,-0.4,5.82,2.67447,-0.4,5.82,2.67447,0,0,0,54621,6.01301e+08,1.63032e+14,0,profile_only
L0_relaunch3,ad6bb15,W2,2,141,1,0.976623,-0.6,5.92,2.67447,-0.6,5.92,2.67447,0,0,0,54621,5.63953e+08,1.62931e+14,0,profile_only
L0_relaunch3,ad6bb15,W2,2,142,1,0.921623,-0.7,5.97,2.67447,-0.7,5.97,2.67447,0,0,0,54621,6.28963e+08,1.61813e+14,0,profile_only
L0_relaunch3,ad6bb15,W2,2,143,1,0.92725,-0.95,6.07,2.72447,-0.95,6.07,2.72447,0,0,0,54621,6.84731e+08,1.60667e+14,0,profile_only
L0_relaunch3,ad6bb15,W2,2,144,1,0.942123,-1.1,6.12,2.77447,-1.1,6.12,2.77447,0,0,0,54621,7.00733e+08,1.59732e+14,0,profile_only
L0_relaunch3,ad6bb15,W2,2,145,1,0.913588,-1.25,6.17,2.82447,-1.25,6.17,2.82447,0,0,0,54621,7.24129e+08,1.59855e+14,0,profile_only
L0_relaunch3,ad6bb15,W2,2,146,1,0.892264,-1.45,6.22,2.87447,-1.45,6.22,2.87447,0,0,0,54621,7.42671e+08,1.59459e+14,0,profile_only
L0_relaunch3,ad6bb15,W2,2,147,1,0.877829,-1.7,6.27,2.97447,-1.7,6.27,2.97447,0,0,0,54621,6.75438e+08,1.59371e+14,0,profile_only
L0_relaunch3,ad6bb15,W2,2,148,1,0.815929,-1.95,6.27,3.02447,-1.95,6.27,3.02447,0,0,0,54621,1.72378e+08,1.60164e+14,0,profile_only
L0_relaunch3,ad6bb15,W2,2,149,1,0.807745,-2.25,6.32,3.12447,-2.25,6.32,3.12447,0,0,0,54621,2.7884e+08,1.61421e+14,0,profile_only
L0_relaunch3,ad6bb15,W2,2,150,1,0.837202,-2.5,6.32,-3.10871,-2.5,6.32,-3.10871,0,0,0,54621,4.49898e+08,1.63227e+14,0,profile_only
L0_relaunch3,ad6bb15,W2,2,151,1,0.861889,-2.85,6.27,-3.00871,-2.85,6.27,-3.00871,0,0,0,54621,6.10187e+08,1.64536e+14,0,profile_only
L0_relaunch3,ad6bb15,W2,2,152,1,0.87652,-3.1,6.22,-3.00871,-3.1,6.22,-3.00871,0,0,0,54621,5.607e+08,1.66882e+14,0,profile_only
L0_relaunch3,ad6bb15,W2,2,153,1,0.852595,-3.3,6.17,-2.95871,-3.3,6.17,-2.95871,0,0,0,54621,5.0171e+08,1.67239e+14,0,profile_only
L0_relaunch3,ad6bb15,W2,2,154,1,0.832192,-3.5,6.17,-2.95871,-3.5,6.17,-2.95871,0,0,0,54621,4.77753e+08,1.67927e+14,0,profile_only
L0_relaunch3,ad6bb15,W2,2,155,1,0.828445,-3.7,6.12,-2.95871,-3.7,6.12,-2.95871,0,0,0,54621,4.7638e+08,1.66194e+14,0,profile_only
L0_relaunch3,ad6bb15,W2,2,156,1,0.820794,-3.9,6.12,-3.00871,-3.9,6.12,-3.00871,0,0,0,54621,4.37407e+08,1.65236e+14,0,profile_only
L0_relaunch3,ad6bb15,W2,2,157,1,0.848568,-4.1,6.12,-3.05871,-4.1,6.12,-3.05871,0,0,0,54621,5.9073e+08,1.62464e+14,0,profile_only
L0_relaunch3,ad6bb15,W2,2,158,1,0.817188,-4.2,6.12,-3.10871,-4.2,6.12,-3.10871,0,0,0,54621,6.19701e+08,1.59547e+14,0,profile_only
L0_relaunch3,ad6bb15,W2,2,159,1,0.784967,-4.35,6.17,3.12447,-4.35,6.17,3.12447,0,0,0,54621,7.0435e+08,1.57733e+14,0,profile_only
L0_relaunch3,ad6bb15,W2,2,160,1,0.814086,-4.6,6.17,3.02447,-4.6,6.17,3.02447,0,0,0,54621,5.67881e+08,1.54042e+14,0,profile_only
L0_relaunch3,ad6bb15,W2,2,161,1,0.879719,-4.7,6.22,2.97447,-4.7,6.22,2.97447,0,0,0,54621,4.09616e+08,1.4956e+14,0,profile_only
L0_relaunch3,ad6bb15,W2,2,162,1,0.773739,-4.85,6.22,2.87447,-4.85,6.22,2.87447,0,0,0,54621,5.56859e+08,1.4685e+14,0,profile_only
L0_relaunch3,ad6bb15,W2,2,163,1,0.879766,-5.1,6.42,2.72447,-5.1,6.42,2.72447,0,0,0,54621,6.7346e+08,1.44089e+14,0,profile_only
L0_relaunch3,ad6bb15,W2,2,164,1,0.908592,-5.25,6.52,2.62447,-5.25,6.52,2.62447,0,0,0,54621,7.32911e+08,1.37326e+14,0,profile_only
L0_relaunch3,ad6bb15,W2,2,165,1,0.832044,-5.35,6.62,2.57447,-5.35,6.62,2.57447,0,0,0,54621,8.47734e+08,1.33812e+14,0,profile_only
L0_relaunch3,ad6bb15,W2,2,166,1,0.847291,-5.5,6.72,2.37447,-5.5,6.72,2.37447,0,0,0,54621,8.57125e+08,1.29208e+14,0,profile_only
L0_relaunch3,ad6bb15,W2,2,167,1,0.839031,-5.7,6.97,2.22447,-5.7,6.97,2.22447,0,0,0,54621,5.69227e+08,1.2536e+14,0,profile_only
L0_relaunch3,ad6bb15,W2,2,168,1,0.894139,-5.85,7.27,2.12447,-5.85,7.27,2.12447,0,0,0,54621,5.62335e+08,1.18437e+14,0,profile_only
L0_relaunch3,ad6bb15,W2,2,169,1,0.876117,-5.95,7.47,2.12447,-5.95,7.47,2.12447,0,0,0,54621,5.93552e+08,1.1249e+14,0,profile_only
L0_relaunch3,ad6bb15,W2,2,170,1,0.931581,-6.05,7.67,2.07447,-6.05,7.67,2.07447,0,0,0,54621,4.52114e+08,1.08084e+14,0,profile_only
L0_relaunch3,ad6bb15,W2,2,171,1,0.865364,-6.15,7.82,2.07447,-6.15,7.82,2.07447,0,0,0,54621,5.13717e+08,1.04484e+14,0,profile_only
L0_relaunch3,ad6bb15,W2,2,172,1,0.886108,-6.25,8.02,2.07447,-6.25,8.02,2.07447,0,0,0,54621,4.8832e+08,1.01184e+14,0,profile_only
L0_relaunch3,ad6bb15,W2,2,173,1,0.899878,-6.35,8.22,2.07447,-6.35,8.22,2.07447,0,0,0,54621,5.27669e+08,9.7256e+13,0,profile_only
L0_relaunch3,ad6bb15,W2,2,174,1,0.858298,-6.4,8.32,2.07447,-6.4,8.32,2.07447,0,0,0,54621,5.8999e+08,9.3427e+13,0,profile_only
L0_relaunch3,ad6bb15,W2,2,175,1,0.849845,-6.5,8.42,2.12447,-6.5,8.42,2.12447,0,0,0,54621,5.94558e+08,9.12934e+13,0,profile_only
L0_relaunch3,ad6bb15,W2,2,176,1,0.879574,-6.55,8.57,2.12447,-6.55,8.57,2.12447,0,0,0,54621,6.92652e+08,8.87571e+13,0,profile_only
L0_relaunch3,ad6bb15,W2,2,177,1,0.905004,-6.65,8.67,2.17447,-6.65,8.67,2.17447,0,0,0,54621,7.33564e+08,8.60143e+13,0,profile_only
L0_relaunch3,ad6bb15,W2,2,178,1,0.912895,-6.75,8.77,2.27447,-6.75,8.77,2.27447,0,0,0,54621,8.57049e+08,8.34689e+13,0,profile_only
L0_relaunch3,ad6bb15,W2,2,179,1,0.916562,-6.85,8.82,2.37447,-6.85,8.82,2.37447,0,0,0,54621,6.9234e+08,8.1406e+13,0,profile_only
L0_relaunch3,ad6bb15,W2,2,180,1,0.896581,-6.95,8.87,2.47447,-6.95,8.87,2.47447,0,0,0,54621,5.3071e+08,8.03511e+13,0,profile_only
L0_relaunch3,ad6bb15,W2,2,181,1,0.897245,-7.05,8.92,2.57447,-7.05,8.92,2.57447,0,0,0,54621,4.88571e+08,7.93093e+13,0,profile_only
L0_relaunch3,ad6bb15,W2,2,182,1,0.904536,-7.15,8.97,2.67447,-7.15,8.97,2.67447,0,0,0,54621,4.85397e+08,7.84228e+13,0,profile_only
L0_relaunch3,ad6bb15,W2,2,183,1,0.855054,-7.3,9.02,2.77447,-7.3,9.02,2.77447,0,0,0,54621,5.50236e+08,7.78298e+13,0,profile_only
L0_relaunch3,ad6bb15,W2,2,184,1,0.88478,-7.45,9.02,2.87447,-7.45,9.02,2.87447,0,0,0,54621,5.93465e+08,7.6543e+13,0,profile_only
L0_relaunch3,ad6bb15,W2,2,185,1,0.843105,-7.45,9.02,2.87447,-7.45,9.02,2.87447,0,0,0,54621,6.30749e+08,7.64938e+13,0,profile_only
L0_relaunch3,ad6bb15,W2,2,186,1,0.799358,-7.6,9.02,2.97447,-7.6,9.02,2.97447,0,0,0,54621,6.8252e+08,7.63282e+13,0,profile_only
L0_relaunch3,ad6bb15,W2,2,187,1,0.788268,-7.6,9.02,2.97447,-7.6,9.02,2.97447,0,0,0,54621,5.81242e+08,7.62911e+13,0,profile_only
L0_relaunch3,ad6bb15,W2,2,188,1,0.820504,-7.8,9.02,3.07447,-7.8,9.02,3.07447,0,0,0,54621,6.74488e+08,7.58256e+13,0,profile_only
L0_relaunch3,ad6bb15,W2,2,189,1,0.846061,-7.95,9.02,3.12447,-7.95,9.02,3.12447,0,0,0,54621,5.85323e+08,7.49211e+13,0,profile_only
L0_relaunch3,ad6bb15,W2,2,190,1,0.821346,-8,9.02,3.12447,-8,9.02,3.12447,0,0,0,54621,5.6079e+08,7.39234e+13,0,profile_only
L0_relaunch3,ad6bb15,W2,2,191,1,0.797823,-8.25,9.02,-3.05871,-8.25,9.02,-3.05871,0,0,0,54621,5.97594e+08,7.30136e+13,0,profile_only
L0_relaunch3,ad6bb15,W2,2,192,1,0.854858,-8.3,8.97,-3.05871,-8.3,8.97,-3.05871,0,0,0,54621,5.14643e+08,7.25e+13,0,profile_only
L0_relaunch3,ad6bb15,W2,2,193,1,0.884508,-8.45,8.97,-3.00871,-8.45,8.97,-3.00871,0,0,0,54621,6.73395e+08,7.25773e+13,0,profile_only
L0_relaunch3,ad6bb15,W2,2,194,1,0.807814,-8.65,8.92,-2.95871,-8.65,8.92,-2.95871,0,0,0,54621,5.98393e+08,7.24023e+13,0,profile_only
L0_relaunch3,ad6bb15,W2,2,195,1,0.847164,-8.75,8.92,-2.95871,-8.75,8.92,-2.95871,0,0,0,54621,5.03155e+08,7.22027e+13,0,profile_only
L0_relaunch3,ad6bb15,W2,2,196,1,0.801219,-8.85,8.87,-2.95871,-8.85,8.87,-2.95871,0,0,0,54621,5.48212e+08,7.17834e+13,0,profile_only
L0_relaunch3,ad6bb15,W2,2,197,1,0.856295,-9.05,8.82,-2.90871,-9.05,8.82,-2.90871,0,0,0,54621,5.91701e+08,7.20899e+13,0,profile_only
L0_relaunch3,ad6bb15,W2,2,198,1,0.801506,-9.2,8.77,-2.85871,-9.2,8.77,-2.85871,0,0,0,54621,5.27582e+08,7.21744e+13,0,profile_only
L0_relaunch3,ad6bb15,W2,2,199,1,0.825401,-9.35,8.72,-2.85871,-9.35,8.72,-2.85871,0,0,0,54621,5.40254e+08,7.28481e+13,0,profile_only
L0_relaunch3,ad6bb15,W2,2,200,1,0.857684,-9.45,8.67,-2.80871,-9.45,8.67,-2.80871,0,0,0,54621,6.11964e+08,7.28073e+13,0,profile_only
L0_relaunch3,ad6bb15,W2,2,201,1,0.81224,-9.6,8.62,-2.75871,-9.6,8.62,-2.75871,0,0,0,54621,5.76561e+08,7.42351e+13,0,profile_only
L0_relaunch3,ad6bb15,W2,2,202,1,0.780363,-9.75,8.57,-2.75871,-9.75,8.57,-2.75871,0,0,0,54621,5.24045e+08,7.56475e+13,0,profile_only
L0_relaunch3,ad6bb15,W2,2,203,1,0.84642,-9.85,8.52,-2.70871,-9.85,8.52,-2.70871,0,0,0,54621,6.15455e+08,7.62264e+13,0,profile_only
L0_relaunch3,ad6bb15,W2,2,204,1,0.842992,-9.95,8.42,-2.65871,-9.95,8.42,-2.65871,0,0,0,54621,6.14499e+08,7.79383e+13,0,profile_only
L0_relaunch3,ad6bb15,W2,2,205,1,0.870505,-10.05,8.37,-2.60871,-10.05,8.37,-2.60871,0,0,0,54621,6.81908e+08,8.09274e+13,0,profile_only
L0_relaunch3,ad6bb15,W2,2,206,1,0.799513,-10.2,8.27,-2.55871,-10.2,8.27,-2.55871,0,0,0,54621,7.23342e+08,8.08455e+13,0,profile_only
L0_relaunch3,ad6bb15,W2,2,207,1,0.847593,-10.3,8.17,-2.50871,-10.3,8.17,-2.50871,0,0,0,54621,6.63896e+08,8.20543e+13,0,profile_only
L0_relaunch3,ad6bb15,W2,2,208,1,0.841852,-10.4,8.07,-2.45871,-10.4,8.07,-2.45871,0,0,0,54621,6.10863e+08,8.2309e+13,0,profile_only
L0_relaunch3,ad6bb15,W2,2,209,1,0.828559,-10.5,8.02,-2.40871,-10.5,8.02,-2.40871,0,0,0,54621,6.41464e+08,8.25125e+13,0,profile_only
L0_relaunch3,ad6bb15,W2,2,210,1,0.885324,-10.6,7.87,-2.35871,-10.6,7.87,-2.35871,0,0,0,54621,6.32759e+08,8.25406e+13,0,profile_only
L0_relaunch3,ad6bb15,W2,2,211,1,0.872762,-10.7,7.77,-2.30871,-10.7,7.77,-2.30871,0,0,0,54621,6.29866e+08,8.26098e+13,0,profile_only
L0_relaunch3,ad6bb15,W2,2,212,1,0.85731,-10.75,7.72,-2.25871,-10.75,7.72,-2.25871,0,0,0,54621,6.34673e+08,8.24859e+13,0,profile_only
L0_relaunch3,ad6bb15,W2,2,213,1,0.843378,-10.8,7.62,-2.20871,-10.8,7.62,-2.20871,0,0,0,54621,6.25115e+08,8.24442e+13,0,profile_only
L0_relaunch3,ad6bb15,W2,2,214,1,0.858701,-10.85,7.47,-2.15871,-10.85,7.47,-2.15871,0,0,0,54621,6.37723e+08,8.23783e+13,0,profile_only
L0_relaunch3,ad6bb15,W2,2,215,1,0.866804,-10.95,7.37,-2.10871,-10.95,7.37,-2.10871,0,0,0,54621,6.09131e+08,8.28896e+13,0,profile_only
L0_relaunch3,ad6bb15,W2,2,216,1,0.854273,-11,7.22,-2.05871,-11,7.22,-2.05871,0,0,0,54621,6.63942e+08,8.21229e+13,0,profile_only
L0_relaunch3,ad6bb15,W2,2,217,1,0.796645,-11.05,7.07,-2.00871,-11.05,7.07,-2.00871,0,0,0,54621,6.30422e+08,8.18655e+13,0,profile_only
L0_relaunch3,ad6bb15,W2,2,218,1,0.804235,-11.1,6.97,-2.00871,-11.1,6.97,-2.00871,0,0,0,54621,6.20091e+08,7.95623e+13,0,profile_only
L0_relaunch3,ad6bb15,W2,2,219,1,0.804096,-11.2,6.72,-1.95871,-11.2,6.72,-1.95871,0,0,0,54621,7.17057e+08,7.66949e+13,0,profile_only
L0_relaunch3,ad6bb15,W2,2,220,1,0.793151,-11.25,6.57,-1.95871,-11.25,6.57,-1.95871,0,0,0,54621,6.50889e+08,7.49366e+13,0,profile_only
L0_relaunch3,ad6bb15,W2,2,221,1,0.838624,-11.3,6.37,-1.90871,-11.3,6.37,-1.90871,0,0,0,54621,7.2354e+08,7.35491e+13,0,profile_only
L0_relaunch3,ad6bb15,W2,2,222,1,0.797323,-11.35,6.22,-1.90871,-11.35,6.22,-1.90871,0,0,0,54621,5.58601e+08,7.50292e+13,0,profile_only
L0_relaunch3,ad6bb15,W2,2,223,1,0.847198,-11.4,6.02,-1.85871,-11.4,6.02,-1.85871,0,0,0,54621,5.93928e+08,7.61397e+13,0,profile_only
L0_relaunch3,ad6bb15,W2,2,224,1,0.819482,-11.45,5.87,-1.80871,-11.45,5.87,-1.80871,0,0,0,54621,5.71965e+08,7.71622e+13,0,profile_only
L0_relaunch3,ad6bb15,W2,2,225,1,0.772043,-11.5,5.67,-1.75871,-11.5,5.67,-1.75871,0,0,0,54621,5.93298e+08,7.73954e+13,0,profile_only
L0_relaunch3,ad6bb15,W2,2,226,1,0.869,-11.5,5.42,-1.70871,-11.5,5.42,-1.70871,0,0,0,54621,5.74897e+08,7.97595e+13,0,profile_only
L0_relaunch3,ad6bb15,W2,2,227,1,0.840748,-11.5,5.27,-1.65871,-11.5,5.27,-1.65871,0,0,0,54621,6.21962e+08,8.27236e+13,0,profile_only
L0_relaunch3,ad6bb15,W2,2,228,1,0.782803,-11.55,5.02,-1.55871,-11.55,5.02,-1.55871,0,0,0,54621,6.64143e+08,8.2888e+13,0,profile_only
L0_relaunch3,ad6bb15,W2,2,229,1,0.809116,-11.45,4.87,-1.45871,-11.45,4.87,-1.45871,0,0,0,54621,6.50054e+08,8.38184e+13,0,profile_only
L0_relaunch3,ad6bb15,W2,2,230,1,0.814845,-11.4,4.72,-1.30871,-11.4,4.72,-1.30871,0,0,0,54621,7.82063e+08,8.67083e+13,0,profile_only
L0_relaunch3,ad6bb15,W2,2,231,1,0.814879,-11.3,4.57,-1.10871,-11.3,4.57,-1.10871,0,0,0,54621,7.87905e+08,8.80495e+13,0,profile_only
L0_relaunch3,ad6bb15,W2,2,232,1,0.83101,-11.15,4.42,-0.908714,-11.15,4.42,-0.908714,0,0,0,54621,8.37992e+08,9.1349e+13,0,profile_only
L0_relaunch3,ad6bb15,W2,2,233,1,0.777615,-11,4.32,-0.758714,-11,4.32,-0.758714,0,0,0,54621,7.42129e+08,9.29035e+13,0,profile_only
L0_relaunch3,ad6bb15,W2,2,234,1,0.73115,-10.7,4.17,-0.458714,-10.7,4.17,-0.458714,0,0,0,54621,9.76251e+08,9.5285e+13,0,profile_only
L0_relaunch3,ad6bb15,W2,2,235,1,0.768928,-10.2,4.17,-0.158714,-10.2,4.17,-0.158714,0,0,0,54621,8.17412e+08,1.00654e+14,0,profile_only
L0_relaunch3,ad6bb15,W2,2,236,1,0.727144,-9.85,4.07,-0.108714,-9.85,4.07,-0.108714,0,0,0,54621,7.88681e+08,1.08936e+14,0,profile_only
L0_relaunch3,ad6bb15,W2,2,237,1,0.747221,-9.3,4.02,-0.108714,-9.3,4.02,-0.108714,0,0,0,54621,7.64986e+08,1.14888e+14,0,profile_only
L0_relaunch3,ad6bb15,W2,2,238,1,0.771864,-8.85,3.92,-0.258714,-8.85,3.92,-0.258714,0,0,0,54621,4.85764e+08,1.22986e+14,0,profile_only
L0_relaunch3,ad6bb15,W2,2,239,1,0.755698,-8.45,3.77,-0.358714,-8.45,3.77,-0.358714,0,0,0,54621,5.42914e+08,1.31596e+14,0,profile_only
L0_relaunch3,ad6bb15,W2,2,240,1,0.850185,-7.75,3.37,-0.458714,-7.75,3.37,-0.458714,0,0,0,54621,4.82119e+08,1.37802e+14,0,profile_only
L0_relaunch3,ad6bb15,W2,2,241,1,0.807028,-7.5,3.22,-0.458714,-7.5,3.22,-0.458714,0,0,0,54621,5.67304e+08,1.47188e+14,0,profile_only
L0_relaunch3,ad6bb15,W2,2,242,1,0.843818,-7.1,3.02,-0.458714,-7.1,3.02,-0.458714,0,0,0,54621,5.20472e+08,1.50617e+14,0,profile_only
L0_relaunch3,ad6bb15,W2,2,243,1,0.853594,-6.9,2.92,-0.458714,-6.9,2.92,-0.458714,0,0,0,54621,5.48749e+08,1.5661e+14,0,profile_only
L0_relaunch3,ad6bb15,W2,2,244,1,0.848759,-6.7,2.82,-0.458714,-6.7,2.82,-0.458714,0,0,0,54621,6.18645e+08,1.60056e+14,0,profile_only
L0_relaunch3,ad6bb15,W2,2,245,1,0.798841,-6.45,2.72,-0.458714,-6.45,2.72,-0.458714,0,0,0,54621,5.99034e+08,1.63477e+14,0,profile_only
L0_relaunch3,ad6bb15,W2,2,246,1,0.858064,-6.05,2.52,-0.408714,-6.05,2.52,-0.408714,0,0,0,54621,6.72451e+08,1.66634e+14,0,profile_only
L0_relaunch3,ad6bb15,W2,2,247,1,0.827869,-5.85,2.47,-0.358714,-5.85,2.47,-0.358714,0,0,0,54621,6.5176e+08,1.71565e+14,0,profile_only
L0_relaunch3,ad6bb15,W2,2,248,1,0.759224,-5.55,2.37,-0.308714,-5.55,2.37,-0.308714,0,0,0,54621,6.71e+08,1.74293e+14,0,profile_only
L0_relaunch3,ad6bb15,W2,2,249,1,0.845644,-4.85,2.12,-0.358714,-4.85,2.12,-0.358714,0,0,0,54621,5.62611e+08,1.77405e+14,0,profile_only
L0_relaunch3,ad6bb15,W2,2,250,1,0.786577,-4.35,1.87,-0.358714,-4.35,1.87,-0.358714,0,0,0,54621,5.76846e+08,1.85081e+14,0,profile_only
L0_relaunch3,ad6bb15,W2,2,251,1,0.812875,-4.2,1.82,-0.458714,-4.2,1.82,-0.458714,0,0,0,54621,4.86106e+08,1.88955e+14,0,profile_only
L0_relaunch3,ad6bb15,W2,2,252,1,0.833259,-3.85,1.62,-0.508714,-3.85,1.62,-0.508714,0,0,0,54621,5.32235e+08,1.9027e+14,0,profile_only
L0_relaunch3,ad6bb15,W2,2,253,1,0.771334,-3.4,1.37,-0.508714,-3.4,1.37,-0.508714,0,0,0,54621,5.82385e+08,1.91576e+14,0,profile_only
L0_relaunch3,ad6bb15,W2,2,254,1,0.796383,-3.35,1.27,-0.608714,-3.35,1.27,-0.608714,0,0,0,54621,4.25972e+08,1.9012e+14,0,profile_only
L0_relaunch3,ad6bb15,W2,2,255,1,0.808866,-3.1,1.12,-0.658714,-3.1,1.12,-0.658714,0,0,0,54621,5.2038e+08,1.88261e+14,0,profile_only
L0_relaunch3,ad6bb15,W2,2,256,1,0.809367,-2.85,0.87,-0.658714,-2.85,0.87,-0.658714,0,0,0,54621,5.60683e+08,1.86298e+14,0,profile_only
L0_relaunch3,ad6bb15,W2,2,257,1,0.75568,-2.6,0.72,-0.708714,-2.6,0.72,-0.708714,0,0,0,54621,5.09547e+08,1.82867e+14,0,profile_only
L0_relaunch3,ad6bb15,W2,2,258,1,0.719276,-2.4,0.52,-0.708714,-2.4,0.52,-0.708714,0,0,0,54621,6.01173e+08,1.80423e+14,0,profile_only
L0_relaunch3,ad6bb15,W2,2,259,1,0.790292,-2,0.22,-0.558714,-2,0.22,-0.558714,0,0,0,54621,7.28527e+08,1.7481e+14,0,profile_only
L0_relaunch3,ad6bb15,W2,2,260,1,0.811191,-1.75,0.12,-0.458714,-1.75,0.12,-0.458714,0,0,0,54621,7.28504e+08,1.68329e+14,0,profile_only
L0_relaunch3,ad6bb15,W2,2,261,1,0.762384,-1.45,0.02,-0.308714,-1.45,0.02,-0.308714,0,0,0,54621,7.35583e+08,1.65915e+14,0,profile_only
L0_relaunch3,ad6bb15,W2,2,262,1,0.740382,-1,-0.03,-0.208714,-1,-0.03,-0.208714,0,0,0,54621,7.07881e+08,1.6515e+14,0,profile_only
L0_relaunch3,ad6bb15,W2,2,263,1,0.730297,-0.3,-0.13,-0.108714,-0.3,-0.13,-0.108714,0,0,0,54621,6.91115e+08,1.64727e+14,0,profile_only
L0_relaunch3,ad6bb15,W2,2,264,1,0.836459,0.2,-0.18,-0.108714,0.2,-0.18,-0.108714,0,0,0,54621,5.59952e+08,1.61569e+14,0,profile_only
L0_relaunch3,ad6bb15,W2,2,265,1,0.719755,0.35,-0.23,-0.108714,0.35,-0.23,-0.108714,0,0,0,54621,4.20541e+08,1.55665e+14,0,profile_only
L0_relaunch3,ad6bb15,W2,2,266,1,0.724815,0.65,-0.23,-0.0587136,0.65,-0.23,-0.0587136,0,0,0,54621,5.73931e+08,1.54455e+14,0,profile_only
L0_relaunch3,ad6bb15,W2,2,267,1,0.870748,0.9,-0.23,-0.0587136,0.9,-0.23,-0.0587136,0,0,0,54621,6.04691e+08,1.53213e+14,0,profile_only
L0_relaunch3,ad6bb15,W2,2,268,1,0.806599,1.1,-0.23,-0.00871357,1.1,-0.23,-0.00871357,0,0,0,54621,6.56823e+08,1.50778e+14,0,profile_only
L0_relaunch3,ad6bb15,W2,2,269,1,0.829377,1.3,-0.23,0.0412864,1.3,-0.23,0.0412864,0,0,0,54621,6.60198e+08,1.49739e+14,0,profile_only
L0_relaunch3,ad6bb15,W2,2,270,1,0.791776,1.45,-0.23,0.0912864,1.45,-0.23,0.0912864,0,0,0,54621,6.63992e+08,1.48645e+14,0,profile_only
L0_relaunch3,ad6bb15,W2,2,271,1,0.784709,1.65,-0.18,0.141286,1.65,-0.18,0.141286,0,0,0,54621,7.04789e+08,1.48666e+14,0,profile_only
L0_relaunch3,ad6bb15,W2,2,272,1,0.79462,1.8,-0.13,0.241286,1.8,-0.13,0.241286,0,0,0,54621,6.92928e+08,1.47464e+14,0,profile_only
L0_relaunch3,ad6bb15,W2,2,273,1,0.879621,1.95,-0.03,0.341286,1.95,-0.03,0.341286,0,0,0,54621,6.43613e+08,1.4805e+14,0,profile_only
L0_relaunch3,ad6bb15,W2,2,274,1,0.799209,2.1,0.07,0.441286,2.1,0.07,0.441286,0,0,0,54621,7.14656e+08,1.48642e+14,0,profile_only
L0_relaunch3,ad6bb15,W2,2,275,1,0.809574,2.2,0.12,0.541286,2.2,0.12,0.541286,0,0,0,54621,7.36443e+08,1.49075e+14,0,profile_only
L0_relaunch3,ad6bb15,W2,2,276,1,0.802674,2.3,0.27,0.691286,2.3,0.27,0.691286,0,0,0,54621,7.17982e+08,1.49695e+14,0,profile_only
L0_relaunch3,ad6bb15,W2,2,277,1,0.839626,2.45,0.42,0.841286,2.45,0.42,0.841286,0,0,0,54621,7.23552e+08,1.51696e+14,0,profile_only
L0_relaunch3,ad6bb15,W2,2,278,1,0.88297,2.5,0.52,0.891286,2.5,0.52,0.891286,0,0,0,54621,6.71504e+08,1.52116e+14,0,profile_only
L0_relaunch3,ad6bb15,W2,2,279,1,0.808235,2.6,0.67,0.991286,2.6,0.67,0.991286,0,0,0,54621,6.60378e+08,1.52144e+14,0,profile_only
L0_relaunch3,ad6bb15,W2,2,280,1,0.787506,2.7,0.87,1.04129,2.7,0.87,1.04129,0,0,0,54621,6.90392e+08,1.5169e+14,0,profile_only
L0_relaunch3,ad6bb15,W2,2,281,1,0.797192,2.75,1.02,1.14129,2.75,1.02,1.14129,0,0,0,54621,6.83441e+08,1.50689e+14,0,profile_only
L0_relaunch3,ad6bb15,W2,2,282,1,0.755078,2.8,1.17,1.19129,2.8,1.17,1.19129,0,0,0,54621,6.66034e+08,1.50495e+14,0,profile_only
L0_relaunch3,ad6bb15,W2,2,283,1,0.74656,2.85,1.37,1.29129,2.85,1.37,1.29129,0,0,0,54621,7.24536e+08,1.49057e+14,0,profile_only
L0_relaunch3,ad6bb15,W2,2,284,1,0.84202,2.85,1.57,1.39129,2.85,1.57,1.39129,0,0,0,54621,7.51533e+08,1.48099e+14,0,profile_only
L0_relaunch3,ad6bb15,W2,2,285,1,0.792712,2.9,1.82,1.49129,2.9,1.82,1.49129,0,0,0,54621,7.31633e+08,1.47485e+14,0,profile_only
L0_relaunch3,ad6bb15,W2,2,286,1,0.780798,2.9,1.97,1.54129,2.9,1.97,1.54129,0,0,0,54621,6.07186e+08,1.46213e+14,0,profile_only
L0_relaunch3,ad6bb15,W2,2,287,1,0.802285,2.85,2.12,1.59129,2.85,2.12,1.59129,0,0,0,54621,5.93369e+08,1.44325e+14,0,profile_only
L0_relaunch3,ad6bb15,W2,2,288,1,0.752154,2.8,2.37,1.64129,2.8,2.37,1.64129,0,0,0,54621,6.13283e+08,1.42628e+14,0,profile_only
L0_relaunch3,ad6bb15,W2,2,289,1,0.842067,2.8,2.62,1.69129,2.8,2.62,1.69129,0,0,0,54621,6.12816e+08,1.40976e+14,0,profile_only
L0_relaunch3,ad6bb15,W2,2,290,1,0.780153,2.8,2.77,1.69129,2.8,2.77,1.69129,0,0,0,54621,5.45928e+08,1.39958e+14,0,profile_only
L0_relaunch3,ad6bb15,W2,2,291,1,0.780008,2.75,3.07,1.69129,2.75,3.07,1.69129,0,0,0,54621,6.0563e+08,1.41202e+14,0,profile_only
L0_relaunch3,ad6bb15,W2,2,292,1,0.798056,2.6,3.42,1.74129,2.6,3.42,1.74129,0,0,0,54621,6.55624e+08,1.426e+14,0,profile_only
L0_relaunch3,ad6bb15,W2,2,293,1,0.873951,2.65,3.52,1.74129,2.65,3.52,1.74129,0,0,0,54621,6.16698e+08,1.45487e+14,0,profile_only
L0_relaunch3,ad6bb15,W2,2,294,1,0.83003,2.5,3.77,1.79129,2.5,3.77,1.79129,0,0,0,54621,6.66241e+08,1.44564e+14,0,profile_only
L0_relaunch3,ad6bb15,W2,2,295,1,0.829221,2.5,3.92,1.84129,2.5,3.92,1.84129,0,0,0,54621,6.73108e+08,1.45787e+14,0,profile_only
L0_relaunch3,ad6bb15,W2,2,296,1,0.787738,2.4,4.12,1.89129,2.4,4.12,1.89129,0,0,0,54621,6.46494e+08,1.45835e+14,0,profile_only
L0_relaunch3,ad6bb15,W2,2,297,1,0.902403,2.45,4.27,1.94129,2.45,4.27,1.94129,0,0,0,54621,6.68245e+08,1.48412e+14,0,profile_only
L0_relaunch3,ad6bb15,W2,2,298,1,0.950924,2.35,4.42,1.99129,2.35,4.42,1.99129,0,0,0,54621,6.4649e+08,1.47746e+14,0,profile_only
L0_relaunch3,ad6bb15,W2,2,299,1,0.896926,2.35,4.52,2.04129,2.35,4.52,2.04129,0,0,0,54621,6.66634e+08,1.49365e+14,0,profile_only
L0_relaunch3,ad6bb15,W2,2,300,1,0.880019,2.3,4.62,2.09129,2.3,4.62,2.09129,0,0,0,54621,7.14102e+08,1.49056e+14,0,profile_only
L0_relaunch3,ad6bb15,W2,2,301,1,0.887073,1.95,4.97,2.24129,1.95,4.97,2.24129,0,0,0,54621,7.4038e+08,1.49419e+14,0,profile_only
L0_relaunch3,ad6bb15,W2,2,302,1,0.912507,1.85,5.07,2.34129,1.85,5.07,2.34129,0,0,0,54621,7.4332e+08,1.5158e+14,0,profile_only
L0_relaunch3,ad6bb15,W2,2,303,1,0.889971,1.7,5.17,2.44129,1.7,5.17,2.44129,0,0,0,54621,7.26424e+08,1.52396e+14,0,profile_only
L0_relaunch3,ad6bb15,W2,2,304,1,0.882567,1.55,5.27,2.54129,1.55,5.27,2.54129,0,0,0,54621,7.26324e+08,1.53735e+14,0,profile_only
L0_relaunch3,ad6bb15,W2,2,305,1,0.846402,1.35,5.37,2.64129,1.35,5.37,2.64129,0,0,0,54621,6.95233e+08,1.55179e+14,0,profile_only
L0_relaunch3,ad6bb15,W2,2,306,1,0.882146,1,5.52,2.74129,1,5.52,2.74129,0,0,0,54621,6.88376e+08,1.56501e+14,0,profile_only
L0_relaunch3,ad6bb15,W2,2,307,1,0.807716,0.7,5.62,2.79129,0.7,5.62,2.79129,0,0,0,54621,6.46562e+08,1.58852e+14,0,profile_only
L0_relaunch3,ad6bb15,W2,2,308,1,0.850545,0.1,5.82,2.89129,0.1,5.82,2.89129,0,0,0,54621,6.93043e+08,1.60682e+14,0,profile_only
L0_relaunch3,ad6bb15,W2,2,309,1,0.946828,-0.3,5.92,2.89129,-0.3,5.92,2.89129,0,0,0,54621,4.76269e+08,1.63427e+14,0,profile_only
L0_relaunch3,ad6bb15,W2,2,310,1,0.956997,-0.5,5.97,2.89129,-0.5,5.97,2.89129,0,0,0,54621,5.88029e+08,1.64272e+14,0,profile_only
L0_relaunch3,ad6bb15,W2,2,311,1,0.937128,-0.7,6.02,2.89129,-0.7,6.02,2.89129,0,0,0,54621,6.10787e+08,1.63305e+14,0,profile_only
L0_relaunch3,ad6bb15,W2,2,312,1,0.913751,-0.9,6.07,2.89129,-0.9,6.07,2.89129,0,0,0,54621,6.23641e+08,1.62093e+14,0,profile_only
L0_relaunch3,ad6bb15,W2,2,313,1,0.903049,-1.05,6.07,2.89129,-1.05,6.07,2.89129,0,0,0,54621,6.98304e+08,1.60742e+14,0,profile_only
L0_relaunch3,ad6bb15,W2,2,314,1,0.892249,-1.35,6.17,2.94129,-1.35,6.17,2.94129,0,0,0,54621,6.94854e+08,1.60673e+14,0,profile_only
L0_relaunch3,ad6bb15,W2,2,315,1,0.920509,-1.65,6.22,2.94129,-1.65,6.22,2.94129,0,0,0,54621,5.50782e+08,1.60628e+14,0,profile_only
L0_relaunch3,ad6bb15,W2,2,316,1,0.799387,-1.8,6.27,2.94129,-1.8,6.27,2.94129,0,0,0,54621,3.9039e+08,1.60688e+14,0,profile_only
L0_relaunch3,ad6bb15,W2,2,317,1,0.874981,-2.15,6.32,2.99129,-2.15,6.32,2.99129,0,0,0,54621,4.5451e+08,1.61651e+14,0,profile_only
L0_relaunch3,ad6bb15,W2,2,318,1,0.816753,-2.35,6.37,3.04129,-2.35,6.37,3.04129,0,0,0,54621,3.13959e+08,1.62849e+14,0,profile_only
L0_relaunch3,ad6bb15,W2,2,319,1,0.902839,-2.65,6.37,3.09129,-2.65,6.37,3.09129,0,0,0,54621,4.2606e+08,1.64476e+14,0,profile_only
L0_relaunch3,ad6bb15,W2,2,320,1,0.900201,-2.8,6.37,3.09129,-2.8,6.37,3.09129,0,0,0,54621,5.12167e+08,1.66198e+14,0,profile_only
L0_relaunch3,ad6bb15,W2,2,321,1,0.912797,-3,6.37,3.14129,-3,6.37,3.14129,0,0,0,54621,5.27066e+08,1.66753e+14,0,profile_only
L0_relaunch3,ad6bb15,W2,2,322,1,0.889387,-3.2,6.37,3.14129,-3.2,6.37,3.14129,0,0,0,54621,4.86306e+08,1.68355e+14,0,profile_only
L0_relaunch3,ad6bb15,W2,2,323,1,0.851525,-3.4,6.37,3.14129,-3.4,6.37,3.14129,0,0,0,54621,4.87669e+08,1.67599e+14,0,profile_only
L0_relaunch3,ad6bb15,W2,2,324,1,0.846678,-3.65,6.37,-3.0919,-3.65,6.37,-3.0919,0,0,0,54621,5.69019e+08,1.66219e+14,0,profile_only
L0_relaunch3,ad6bb15,W2,2,325,1,0.874434,-3.9,6.37,3.14129,-3.9,6.37,3.14129,0,0,0,54621,4.74544e+08,1.64769e+14,0,profile_only
L0_relaunch3,ad6bb15,W2,2,326,1,0.799082,-4.1,6.42,3.14129,-4.1,6.42,3.14129,0,0,0,54621,4.84997e+08,1.60945e+14,0,profile_only
L0_relaunch3,ad6bb15,W2,2,327,1,0.863358,-4.4,6.42,3.09129,-4.4,6.42,3.09129,0,0,0,54621,5.7249e+08,1.5639e+14,0,profile_only
L0_relaunch3,ad6bb15,W2,2,328,1,0.763897,-4.6,6.37,3.04129,-4.6,6.37,3.04129,0,0,0,54621,5.80647e+08,1.50701e+14,0,profile_only
L0_relaunch3,ad6bb15,W2,2,329,1,0.856346,-4.95,6.47,2.99129,-4.95,6.47,2.99129,0,0,0,54621,5.82066e+08,1.48862e+14,0,profile_only
L0_relaunch3,ad6bb15,W2,2,330,1,0.874466,-5.1,6.52,2.94129,-5.1,6.52,2.94129,0,0,0,54621,5.28833e+08,1.41713e+14,0,profile_only
L0_relaunch3,ad6bb15,W2,2,331,1,0.854808,-5.25,6.52,2.84129,-5.25,6.52,2.84129,0,0,0,54621,5.88812e+08,1.38211e+14,0,profile_only
L0_relaunch3,ad6bb15,W2,2,332,1,0.913022,-5.45,6.67,2.74129,-5.45,6.67,2.74129,0,0,0,54621,7.58578e+08,1.3474e+14,0,profile_only
L0_relaunch3,ad6bb15,W2,2,333,1,0.872685,-5.6,6.82,2.64129,-5.6,6.82,2.64129,0,0,0,54621,5.03681e+08,1.28653e+14,0,profile_only
L0_relaunch3,ad6bb15,W2,2,334,1,0.869921,-5.75,6.92,2.44129,-5.75,6.92,2.44129,0,0,0,54621,3.36879e+08,1.22079e+14,0,profile_only
L0_relaunch3,ad6bb15,W2,2,335,1,0.844733,-5.9,7.17,2.29129,-5.9,7.17,2.29129,0,0,0,54621,6.00863e+08,1.17057e+14,0,profile_only
L0_relaunch3,ad6bb15,W2,2,336,1,0.885397,-6.15,7.57,2.14129,-6.15,7.57,2.14129,0,0,0,54621,4.23369e+08,1.11709e+14,0,profile_only
L0_relaunch3,ad6bb15,W2,2,337,1,0.913377,-6.25,7.77,2.09129,-6.25,7.77,2.09129,0,0,0,54621,4.43076e+08,1.04365e+14,0,profile_only
L0_relaunch3,ad6bb15,W2,2,338,1,0.875304,-6.3,7.87,2.09129,-6.3,7.87,2.09129,0,0,0,54621,5.95787e+08,1.00717e+14,0,profile_only
L0_relaunch3,ad6bb15,W2,2,339,1,0.849312,-6.4,7.97,2.09129,-6.4,7.97,2.09129,0,0,0,54621,5.18695e+08,9.8949e+13,0,profile_only
L0_relaunch3,ad6bb15,W2,2,340,1,0.917049,-6.5,8.12,2.14129,-6.5,8.12,2.14129,0,0,0,54621,5.28447e+08,9.65156e+13,0,profile_only
L0_relaunch3,ad6bb15,W2,2,341,1,0.891342,-6.55,8.22,2.19129,-6.55,8.22,2.19129,0,0,0,54621,5.69648e+08,9.31491e+13,0,profile_only
L0_relaunch3,ad6bb15,W2,2,342,1,0.893494,-6.65,8.32,2.24129,-6.65,8.32,2.24129,0,0,0,54621,7.54609e+08,9.1105e+13,0,profile_only
L0_relaunch3,ad6bb15,W2,2,343,1,0.926053,-6.8,8.47,2.34129,-6.8,8.47,2.34129,0,0,0,54621,8.0985e+08,8.85536e+13,0,profile_only
L0_relaunch3,ad6bb15,W2,2,344,1,0.893073,-6.9,8.52,2.39129,-6.9,8.52,2.39129,0,0,0,54621,6.87583e+08,8.48828e+13,0,profile_only
L0_relaunch3,ad6bb15,W2,2,345,1,0.925697,-7.05,8.62,2.54129,-7.05,8.62,2.54129,0,0,0,54621,7.86647e+08,8.34138e+13,0,profile_only
L0_relaunch3,ad6bb15,W2,2,346,1,0.888451,-7.15,8.67,2.59129,-7.15,8.67,2.59129,0,0,0,54621,5.59479e+08,8.16076e+13,0,profile_only
L0_relaunch3,ad6bb15,W2,2,347,1,0.840551,-7.35,8.72,2.74129,-7.35,8.72,2.74129,0,0,0,54621,5.55933e+08,7.97947e+13,0,profile_only
L0_relaunch3,ad6bb15,W2,2,348,1,0.837155,-7.5,8.77,2.84129,-7.5,8.77,2.84129,0,0,0,54621,5.42953e+08,7.79159e+13,0,profile_only
L0_relaunch3,ad6bb15,W2,2,349,1,0.814554,-7.6,8.77,2.89129,-7.6,8.77,2.89129,0,0,0,54621,5.45271e+08,7.60113e+13,0,profile_only
L0_relaunch3,ad6bb15,W2,2,350,1,0.819633,-7.75,8.77,2.99129,-7.75,8.77,2.99129,0,0,0,54621,5.8574e+08,7.48535e+13,0,profile_only
L0_relaunch3,ad6bb15,W2,2,351,1,0.896566,-7.95,8.77,3.09129,-7.95,8.77,3.09129,0,0,0,54621,5.94483e+08,7.45325e+13,0,profile_only
L0_relaunch3,ad6bb15,W2,2,352,1,0.785083,-8.05,8.77,3.14129,-8.05,8.77,3.14129,0,0,0,54621,6.03728e+08,7.39537e+13,0,profile_only
L0_relaunch3,ad6bb15,W2,2,353,1,0.771181,-8.25,8.77,-3.0919,-8.25,8.77,-3.0919,0,0,0,54621,6.19022e+08,7.38796e+13,0,profile_only
L0_relaunch3,ad6bb15,W2,2,354,1,0.904101,-8.5,8.72,-3.0419,-8.5,8.72,-3.0419,0,0,0,54621,5.49063e+08,7.29583e+13,0,profile_only
L0_relaunch3,ad6bb15,W2,2,355,1,0.823965,-8.55,8.72,-3.0419,-8.55,8.72,-3.0419,0,0,0,54621,5.27228e+08,7.19303e+13,0,profile_only
L0_relaunch3,ad6bb15,W2,2,356,1,0.885251,-8.75,8.67,-2.9919,-8.75,8.67,-2.9919,0,0,0,54621,5.2495e+08,7.18744e+13,0,profile_only
L0_relaunch3,ad6bb15,W2,2,357,1,0.761339,-8.9,8.67,-2.9419,-8.9,8.67,-2.9419,0,0,0,54621,5.16092e+08,7.17111e+13,0,profile_only
L0_relaunch3,ad6bb15,W2,2,358,1,0.844044,-9,8.62,-2.9419,-9,8.62,-2.9419,0,0,0,54621,5.43357e+08,7.16953e+13,0,profile_only
L0_relaunch3,ad6bb15,W2,2,359,1,0.877053,-9.15,8.57,-2.8919,-9.15,8.57,-2.8919,0,0,0,54621,5.47763e+08,7.19908e+13,0,profile_only
L0_relaunch3,ad6bb15,W2,2,360,1,0.831721,-9.25,8.52,-2.8419,-9.25,8.52,-2.8419,0,0,0,54621,5.50333e+08,7.26516e+13,0,profile_only
L0_relaunch3,ad6bb15,W2,2,361,1,0.791112,-9.4,8.47,-2.7919,-9.4,8.47,-2.7919,0,0,0,54621,5.32084e+08,7.39318e+13,0,profile_only
L0_relaunch3,ad6bb15,W2,2,362,1,0.815603,-9.55,8.42,-2.7419,-9.55,8.42,-2.7419,0,0,0,54621,5.22789e+08,7.54805e+13,0,profile_only
L0_relaunch3,ad6bb15,W2,2,363,1,0.801509,-9.7,8.32,-2.6919,-9.7,8.32,-2.6919,0,0,0,54621,5.76712e+08,7.7843e+13,0,profile_only
L0_relaunch3,ad6bb15,W2,2,364,1,0.782271,-9.8,8.27,-2.6919,-9.8,8.27,-2.6919,0,0,0,54621,5.5639e+08,7.96671e+13,0,profile_only
L0_relaunch3,ad6bb15,W2,2,365,1,0.845001,-10,8.12,-2.5919,-10,8.12,-2.5919,0,0,0,54621,7.42034e+08,8.2139e+13,0,profile_only
L0_relaunch3,ad6bb15,W2,2,366,1,0.835228,-10.1,8.07,-2.5419,-10.1,8.07,-2.5419,0,0,0,54621,7.02716e+08,8.37646e+13,0,profile_only
L0_relaunch3,ad6bb15,W2,2,367,1,0.824814,-10.25,7.92,-2.4919,-10.25,7.92,-2.4919,0,0,0,54621,7.15452e+08,8.40793e+13,0,profile_only
L0_relaunch3,ad6bb15,W2,2,368,1,0.877239,-10.45,7.77,-2.3919,-10.45,7.77,-2.3919,0,0,0,54621,7.76013e+08,8.4357e+13,0,profile_only
L0_relaunch3,ad6bb15,W2,2,369,1,0.881383,-10.6,7.62,-2.3419,-10.6,7.62,-2.3419,0,0,0,54621,7.0484e+08,8.38782e+13,0,profile_only
L0_relaunch3,ad6bb15,W2,2,370,1,0.855478,-10.7,7.47,-2.2919,-10.7,7.47,-2.2919,0,0,0,54621,7.53497e+08,8.30981e+13,0,profile_only
L0_relaunch3,ad6bb15,W2,2,371,1,0.905257,-10.85,7.22,-2.1919,-10.85,7.22,-2.1919,0,0,0,54621,7.72859e+08,8.24199e+13,0,profile_only
L0_relaunch3,ad6bb15,W2,2,372,1,0.878148,-10.9,7.12,-2.1419,-10.9,7.12,-2.1419,0,0,0,54621,7.15917e+08,8.20586e+13,0,profile_only
L0_relaunch3,ad6bb15,W2,2,373,1,0.841154,-11,6.97,-2.0919,-11,6.97,-2.0919,0,0,0,54621,7.34124e+08,7.89038e+13,0,profile_only
L0_relaunch3,ad6bb15,W2,2,374,1,0.855631,-11.1,6.72,-1.9919,-11.1,6.72,-1.9919,0,0,0,54621,7.30791e+08,7.57345e+13,0,profile_only
L0_relaunch3,ad6bb15,W2,2,375,1,0.837268,-11.15,6.52,-1.9419,-11.15,6.52,-1.9419,0,0,0,54621,6.74935e+08,7.31349e+13,0,profile_only
L0_relaunch3,ad6bb15,W2,2,376,1,0.804502,-11.2,6.32,-1.8919,-11.2,6.32,-1.8919,0,0,0,54621,7.20693e+08,7.26659e+13,0,profile_only
L0_relaunch3,ad6bb15,W2,2,377,1,0.821469,-11.25,6.02,-1.7919,-11.25,6.02,-1.7919,0,0,0,54621,7.18396e+08,7.46274e+13,0,profile_only
L0_relaunch3,ad6bb15,W2,2,378,1,0.764958,-11.25,5.77,-1.6919,-11.25,5.77,-1.6919,0,0,0,54621,6.85062e+08,7.73738e+13,0,profile_only
L0_relaunch3,ad6bb15,W2,2,379,1,0.766541,-11.3,5.52,-1.5919,-11.3,5.52,-1.5919,0,0,0,54621,6.42647e+08,7.91573e+13,0,profile_only
L0_relaunch3,ad6bb15,W2,2,380,1,0.781118,-11.25,5.12,-1.4419,-11.25,5.12,-1.4419,0,0,0,54621,7.47744e+08,8.40885e+13,0,profile_only
L0_relaunch3,ad6bb15,W2,2,381,1,0.731683,-11.15,4.87,-1.2919,-11.15,4.87,-1.2919,0,0,0,54621,7.49429e+08,8.82182e+13,0,profile_only
L0_relaunch3,ad6bb15,W2,2,382,1,0.763438,-10.95,4.52,-1.0419,-10.95,4.52,-1.0419,0,0,0,54621,8.64997e+08,9.11333e+13,0,profile_only
L0_relaunch3,ad6bb15,W2,2,383,1,0.781046,-10.7,4.32,-0.791899,-10.7,4.32,-0.791899,0,0,0,54621,8.55766e+08,9.45683e+13,0,profile_only
L0_relaunch3,ad6bb15,W2,2,384,1,0.770523,-10.25,4.12,-0.391899,-10.25,4.12,-0.391899,0,0,0,54621,1.00414e+09,9.97157e+13,0,profile_only
L0_relaunch3,ad6bb15,W2,2,385,1,0.741117,-9.75,4.07,-0.0918989,-9.75,4.07,-0.0918989,0,0,0,54621,8.10813e+08,1.07807e+14,0,profile_only
L0_relaunch3,ad6bb15,W2,2,386,1,0.741412,-9.2,4.02,-0.0418989,-9.2,4.02,-0.0418989,0,0,0,54621,6.32208e+08,1.16099e+14,0,profile_only
L0_relaunch3,ad6bb15,W2,2,387,1,0.721081,-8.5,3.97,-0.141899,-8.5,3.97,-0.141899,0,0,0,54621,5.07328e+08,1.25683e+14,0,profile_only
L0_relaunch3,ad6bb15,W2,2,388,1,0.868941,-7.5,3.62,-0.341899,-7.5,3.62,-0.341899,0,0,0,54621,3.96986e+08,1.34581e+14,0,profile_only
L0_relaunch3,ad6bb15,W2,2,389,1,0.882522,-7.2,3.47,-0.391899,-7.2,3.47,-0.391899,0,0,0,54621,5.72494e+08,1.47123e+14,0,profile_only
L0_relaunch3,ad6bb15,W2,2,390,1,0.892889,-6.95,3.37,-0.441899,-6.95,3.37,-0.441899,0,0,0,54621,5.41882e+08,1.51229e+14,0,profile_only
L0_relaunch3,ad6bb15,W2,2,391,1,0.831124,-6.9,3.32,-0.441899,-6.9,3.32,-0.441899,0,0,0,54621,5.90303e+08,1.55331e+14,0,profile_only
L0_relaunch3,ad6bb15,W2,2,392,1,0.821618,-6.6,3.17,-0.441899,-6.6,3.17,-0.441899,0,0,0,54621,6.24881e+08,1.5662e+14,0,profile_only
L0_relaunch3,ad6bb15,W2,2,393,1,0.798006,-6.15,2.97,-0.441899,-6.15,2.97,-0.441899,0,0,0,54621,5.6755e+08,1.61657e+14,0,profile_only
L0_relaunch3,ad6bb15,W2,2,394,1,0.770282,-5.75,2.77,-0.441899,-5.75,2.77,-0.441899,0,0,0,54621,6.37637e+08,1.68967e+14,0,profile_only
L0_relaunch3,ad6bb15,W2,2,395,1,0.811663,-5.1,2.47,-0.441899,-5.1,2.47,-0.441899,0,0,0,54621,6.00651e+08,1.72749e+14,0,profile_only
L0_relaunch3,ad6bb15,W2,2,396,1,0.780479,-4.8,2.32,-0.441899,-4.8,2.32,-0.441899,0,0,0,54621,5.99697e+08,1.80157e+14,0,profile_only
L0_relaunch3,ad6bb15,W2,2,397,1,0.848811,-4.45,2.12,-0.491899,-4.45,2.12,-0.491899,0,0,0,54621,5.29715e+08,1.84036e+14,0,profile_only
L0_relaunch3,ad6bb15,W2,2,398,1,0.797943,-3.9,1.82,-0.491899,-3.9,1.82,-0.491899,0,0,0,54621,6.01364e+08,1.87112e+14,0,profile_only
L0_relaunch3,ad6bb15,W2,2,399,1,0.818516,-3.8,1.72,-0.541899,-3.8,1.72,-0.541899,0,0,0,54621,4.87795e+08,1.90899e+14,0,profile_only
L0_relaunch3,ad6bb15,W2,2,400,1,0.828717,-3.55,1.57,-0.591899,-3.55,1.57,-0.591899,0,0,0,54621,5.51423e+08,1.91196e+14,0,profile_only
L0_relaunch3,ad6bb15,W2,2,401,1,0.817968,-3.35,1.42,-0.641899,-3.35,1.42,-0.641899,0,0,0,54621,5.21958e+08,1.90316e+14,0,profile_only
L0_relaunch3,ad6bb15,W2,2,402,1,0.82078,-3.1,1.22,-0.691899,-3.1,1.22,-0.691899,0,0,0,54621,5.57564e+08,1.89254e+14,0,profile_only
L0_relaunch3,ad6bb15,W2,2,403,1,0.759819,-2.9,1.02,-0.691899,-2.9,1.02,-0.691899,0,0,0,54621,6.19324e+08,1.87683e+14,0,profile_only
L0_relaunch3,ad6bb15,W2,2,404,1,0.803272,-2.6,0.72,-0.791899,-2.6,0.72,-0.791899,0,0,0,54621,4.65145e+08,1.86008e+14,0,profile_only
L0_relaunch3,ad6bb15,W2,2,405,1,0.814554,-2.4,0.52,-0.791899,-2.4,0.52,-0.791899,0,0,0,54621,4.12249e+08,1.80866e+14,0,profile_only
L0_relaunch3,ad6bb15,W2,2,406,1,0.822412,-2.25,0.32,-0.791899,-2.25,0.32,-0.791899,0,0,0,54621,5.60034e+08,1.76084e+14,0,profile_only
L0_relaunch3,ad6bb15,W2,2,407,1,0.873012,-2,0.12,-0.691899,-2,0.12,-0.691899,0,0,0,54621,7.00846e+08,1.71358e+14,0,profile_only
L0_relaunch3,ad6bb15,W2,2,408,1,0.748697,-1.9,0.07,-0.641899,-1.9,0.07,-0.641899,0,0,0,54621,7.04996e+08,1.67524e+14,0,profile_only
L0_relaunch3,ad6bb15,W2,2,409,1,0.834906,-1.15,-0.28,-0.391899,-1.15,-0.28,-0.391899,0,0,0,54621,7.86696e+08,1.66783e+14,0,profile_only
L0_relaunch3,ad6bb15,W2,2,410,1,0.749763,-0.9,-0.38,-0.341899,-0.9,-0.38,-0.341899,0,0,0,54621,6.97492e+08,1.62004e+14,0,profile_only
L0_relaunch3,ad6bb15,W2,2,411,1,0.818628,-0.2,-0.63,-0.291899,-0.2,-0.63,-0.291899,0,0,0,54621,6.66674e+08,1.63168e+14,0,profile_only
L0_relaunch3,ad6bb15,W2,2,412,1,0.791,0.05,-0.63,-0.241899,0.05,-0.63,-0.241899,0,0,0,54621,5.42409e+08,1.53868e+14,0,profile_only
L0_relaunch3,ad6bb15,W2,2,413,1,0.883485,0.3,-0.68,-0.141899,0.3,-0.68,-0.141899,0,0,0,54621,6.56084e+08,1.52169e+14,0,profile_only
L0_relaunch3,ad6bb15,W2,2,414,1,0.819129,0.6,-0.68,-0.0418989,0.6,-0.68,-0.0418989,0,0,0,54621,5.79862e+08,1.50851e+14,0,profile_only
L0_relaunch3,ad6bb15,W2,2,415,1,0.814892,0.75,-0.68,0.00810113,0.75,-0.68,0.00810113,0,0,0,54621,6.39337e+08,1.49781e+14,0,profile_only
L0_relaunch3,ad6bb15,W2,2,416,1,0.766171,1,-0.63,0.108101,1,-0.63,0.108101,0,0,0,54621,6.65093e+08,1.49774e+14,0,profile_only
L0_relaunch3,ad6bb15,W2,2,417,1,0.697549,1.3,-0.53,0.208101,1.3,-0.53,0.208101,0,0,0,54621,6.44086e+08,1.50503e+14,0,profile_only
L0_relaunch3,ad6bb15,W2,2,418,1,0.755724,1.5,-0.53,0.258101,1.5,-0.53,0.258101,0,0,0,54621,6.45573e+08,1.51033e+14,0,profile_only
L0_relaunch3,ad6bb15,W2,2,419,1,0.848339,1.8,-0.38,0.358101,1.8,-0.38,0.358101,0,0,0,54621,7.83395e+08,1.5026e+14,0,profile_only
L0_relaunch3,ad6bb15,W2,2,420,1,0.867142,2,-0.28,0.458101,2,-0.28,0.458101,0,0,0,54621,6.54035e+08,1.5001e+14,0,profile_only
L0_relaunch3,ad6bb15,W2,2,421,1,0.862698,2.25,-0.08,0.558101,2.25,-0.08,0.558101,0,0,0,54621,7.10118e+08,1.50278e+14,0,profile_only
L0_relaunch3,ad6bb15,W2,2,422,1,0.905117,2.4,0.02,0.608101,2.4,0.02,0.608101,0,0,0,54621,6.15444e+08,1.50353e+14,0,profile_only
L0_relaunch3,ad6bb15,W2,2,423,1,0.86593,2.6,0.17,0.708101,2.6,0.17,0.708101,0,0,0,54621,7.67156e+08,1.49559e+14,0,profile_only
L0_relaunch3,ad6bb15,W2,2,424,1,0.908901,2.75,0.32,0.758101,2.75,0.32,0.758101,0,0,0,54621,6.19742e+08,1.48627e+14,0,profile_only
L0_relaunch3,ad6bb15,W2,2,425,1,0.855602,2.85,0.42,0.808101,2.85,0.42,0.808101,0,0,0,54621,6.55354e+08,1.46721e+14,0,profile_only
L0_relaunch3,ad6bb15,W2,2,426,1,0.878344,3,0.67,0.908101,3,0.67,0.908101,0,0,0,54621,7.14474e+08,1.45406e+14,0,profile_only
L0_relaunch3,ad6bb15,W2,2,427,1,0.829247,3.1,0.82,0.958101,3.1,0.82,0.958101,0,0,0,54621,6.53295e+08,1.44947e+14,0,profile_only
L0_relaunch3,ad6bb15,W2,2,428,1,0.873353,3.25,1.07,1.0581,3.25,1.07,1.0581,0,0,0,54621,6.37102e+08,1.43954e+14,0,profile_only
L0_relaunch3,ad6bb15,W2,2,429,1,0.837416,3.35,1.27,1.1581,3.35,1.27,1.1581,0,0,0,54621,7.07116e+08,1.4355e+14,0,profile_only
L0_relaunch3,ad6bb15,W2,2,430,1,0.831833,3.45,1.62,1.2581,3.45,1.62,1.2581,0,0,0,54621,7.22285e+08,1.42934e+14,0,profile_only
L0_relaunch3,ad6bb15,W2,2,431,1,0.817126,3.5,1.77,1.3081,3.5,1.77,1.3081,0,0,0,54621,6.52201e+08,1.42502e+14,0,profile_only
L0_relaunch3,ad6bb15,W2,2,432,1,0.833567,3.55,2.07,1.4081,3.55,2.07,1.4081,0,0,0,54621,7.20968e+08,1.42141e+14,0,profile_only
L0_relaunch3,ad6bb15,W2,2,433,1,0.847726,3.55,2.37,1.5081,3.55,2.37,1.5081,0,0,0,54621,6.33784e+08,1.41755e+14,0,profile_only
L0_relaunch3,ad6bb15,W2,2,434,1,0.822702,3.55,2.57,1.5581,3.55,2.57,1.5581,0,0,0,54621,5.93636e+08,1.42047e+14,0,profile_only
L0_relaunch3,ad6bb15,W2,2,435,1,0.760828,3.5,2.87,1.6581,3.5,2.87,1.6581,0,0,0,54621,6.64176e+08,1.41807e+14,0,profile_only
L0_relaunch3,ad6bb15,W2,2,436,1,0.752752,3.4,3.22,1.7581,3.4,3.22,1.7581,0,0,0,54621,7.29429e+08,1.42531e+14,0,profile_only
L0_relaunch3,ad6bb15,W2,2,437,1,0.785512,3.3,3.52,1.8581,3.3,3.52,1.8581,0,0,0,54621,6.99006e+08,1.43082e+14,0,profile_only
L0_relaunch3,ad6bb15,W2,2,438,1,0.77845,3.2,3.77,1.9581,3.2,3.77,1.9581,0,0,0,54621,6.8682e+08,1.44477e+14,0,profile_only
L0_relaunch3,ad6bb15,W2,2,439,1,0.853291,2.95,4.12,2.0581,2.95,4.12,2.0581,0,0,0,54621,7.43122e+08,1.46134e+14,0,profile_only
L0_relaunch3,ad6bb15,W2,2,440,1,0.863282,3,4.17,2.1081,3,4.17,2.1081,0,0,0,54621,6.88459e+08,1.48719e+14,0,profile_only
L0_relaunch3,ad6bb15,W2,2,441,1,0.9558,2.8,4.42,2.2081,2.8,4.42,2.2081,0,0,0,54621,7.18627e+08,1.47325e+14,0,profile_only
L0_relaunch3,ad6bb15,W2,2,442,1,0.874096,2.7,4.52,2.2581,2.7,4.52,2.2581,0,0,0,54621,7.00813e+08,1.4928e+14,0,profile_only
L0_relaunch3,ad6bb15,W2,2,443,1,0.933082,2.5,4.72,2.3581,2.5,4.72,2.3581,0,0,0,54621,7.35678e+08,1.49685e+14,0,profile_only
L0_relaunch3,ad6bb15,W2,2,444,1,0.869319,2.45,4.77,2.4081,2.45,4.77,2.4081,0,0,0,54621,6.94297e+08,1.51111e+14,0,profile_only
L0_relaunch3,ad6bb15,W2,2,445,1,0.936308,2.1,5.02,2.5081,2.1,5.02,2.5081,0,0,0,54621,7.58207e+08,1.50631e+14,0,profile_only
L0_relaunch3,ad6bb15,W2,2,446,1,0.86876,1.85,5.17,2.6081,1.85,5.17,2.6081,0,0,0,54621,6.84514e+08,1.5282e+14,0,profile_only
L0_relaunch3,ad6bb15,W2,2,447,1,0.853295,1.8,5.17,2.6581,1.8,5.17,2.6581,0,0,0,54621,6.72724e+08,1.54048e+14,0,profile_only
L0_relaunch3,ad6bb15,W2,2,448,1,0.834296,1.45,5.32,2.7581,1.45,5.32,2.7581,0,0,0,54621,7.35166e+08,1.53763e+14,0,profile_only
L0_relaunch3,ad6bb15,W2,2,449,1,0.769781,1.2,5.37,2.8081,1.2,5.37,2.8081,0,0,0,54621,6.61205e+08,1.56511e+14,0,profile_only
L0_relaunch3,ad6bb15,W2,2,450,1,0.868876,0.2,5.77,2.8581,0.2,5.77,2.8581,0,0,0,54621,6.46602e+08,1.57589e+14,0,profile_only
L0_relaunch3,ad6bb15,W2,2,451,1,0.876033,-5.88418e-15,5.82,2.8081,-5.88418e-15,5.82,2.8081,0,0,0,54621,5.43904e+08,1.63315e+14,0,profile_only
L0_relaunch3,ad6bb15,W2,2,452,1,0.908335,-0.25,5.92,2.8081,-0.25,5.92,2.8081,0,0,0,54621,6.07001e+08,1.63734e+14,0,profile_only
L0_relaunch3,ad6bb15,W2,2,453,1,0.938583,-0.45,5.97,2.8081,-0.45,5.97,2.8081,0,0,0,54621,6.48055e+08,1.63857e+14,0,profile_only
L0_relaunch3,ad6bb15,W2,2,454,1,0.919523,-0.65,6.07,2.8081,-0.65,6.07,2.8081,0,0,0,54621,5.9982e+08,1.63854e+14,0,profile_only
L0_relaunch3,ad6bb15,W2,2,455,1,0.924728,-0.8,6.12,2.8081,-0.8,6.12,2.8081,0,0,0,54621,6.3634e+08,1.62375e+14,0,profile_only
L0_relaunch3,ad6bb15,W2,2,456,1,0.902142,-0.95,6.17,2.7581,-0.95,6.17,2.7581,0,0,0,54621,6.27556e+08,1.62157e+14,0,profile_only
L0_relaunch3,ad6bb15,W2,2,457,1,0.906913,-1.15,6.27,2.7581,-1.15,6.27,2.7581,0,0,0,54621,6.99355e+08,1.6159e+14,0,profile_only
L0_relaunch3,ad6bb15,W2,2,458,1,0.880561,-1.3,6.32,2.7581,-1.3,6.32,2.7581,0,0,0,54621,5.68329e+08,1.61227e+14,0,profile_only
L0_relaunch3,ad6bb15,W2,2,459,1,0.843348,-1.35,6.37,2.7081,-1.35,6.37,2.7081,0,0,0,54621,6.22928e+08,1.6257e+14,0,profile_only
L0_relaunch3,ad6bb15,W2,2,460,1,0.875468,-1.55,6.47,2.7081,-1.55,6.47,2.7081,0,0,0,54621,5.78189e+08,1.62413e+14,0,profile_only
L0_relaunch3,ad6bb15,W2,2,461,1,0.846482,-1.7,6.52,2.7081,-1.7,6.52,2.7081,0,0,0,54621,4.59889e+08,1.61614e+14,0,profile_only
L0_relaunch3,ad6bb15,W2,2,462,1,0.783367,-1.75,6.57,2.7081,-1.75,6.57,2.7081,0,0,0,54621,3.35375e+08,1.61214e+14,0,profile_only
L0_relaunch3,ad6bb15,W2,2,463,1,0.77564,-1.8,6.57,2.7081,-1.8,6.57,2.7081,0,0,0,54621,2.80539e+08,1.60198e+14,0,profile_only
L0_relaunch3,ad6bb15,W2,2,464,1,0.776917,-1.75,6.57,2.7081,-1.75,6.57,2.7081,0,0,0,54621,1.7422e+08,1.60166e+14,0,profile_only
L0_relaunch3,ad6bb15,W2,2,465,1,0.774087,-1.75,6.57,2.7081,-1.75,6.57,2.7081,0,0,0,54621,2.80527e+08,1.6019e+14,0,profile_only
L0_relaunch3,ad6bb15,W2,2,466,1,0.774653,-1.75,6.57,2.7081,-1.75,6.57,2.7081,0,0,0,54621,2.71298e+08,1.60198e+14,0,profile_only
L0_relaunch3,ad6bb15,W2,2,467,1,0.765051,-1.75,6.57,2.7081,-1.75,6.57,2.7081,0,0,0,54621,2.91451e+08,1.60192e+14,0,profile_only
L0_relaunch3,ad6bb15,W2,2,468,1,0.771889,-1.75,6.57,2.7081,-1.75,6.57,2.7081,0,0,0,54621,2.70357e+08,1.6021e+14,0,profile_only
L0_relaunch3,ad6bb15,W2,2,469,1,0.776173,-1.8,6.57,2.7081,-1.8,6.57,2.7081,0,0,0,54621,2.60392e+08,1.60178e+14,0,profile_only
L0_relaunch3,ad6bb15,W2,2,470,1,0.788896,-1.75,6.57,2.7081,-1.75,6.57,2.7081,0,0,0,54621,1.74263e+08,1.60151e+14,0,profile_only
L0_relaunch3,ad6bb15,W2,2,471,1,0.781847,-1.75,6.57,2.7081,-1.75,6.57,2.7081,0,0,0,54621,2.70466e+08,1.60181e+14,0,profile_only
L0_relaunch3,ad6bb15,W2,2,472,1,0.779115,-1.75,6.57,2.7081,-1.75,6.57,2.7081,0,0,0,54621,2.80458e+08,1.60191e+14,0,profile_only
L0_relaunch3,ad6bb15,W2,2,473,1,0.77614,-1.75,6.57,2.7081,-1.75,6.57,2.7081,0,0,0,54621,2.7034e+08,1.60196e+14,0,profile_only
L0_relaunch3,ad6bb15,W2,2,474,1,0.776772,-1.8,6.57,2.7081,-1.8,6.57,2.7081,0,0,0,54621,2.71394e+08,1.60189e+14,0,profile_only
L0_relaunch3,ad6bb15,W2,2,475,1,0.781491,-1.75,6.57,2.7081,-1.75,6.57,2.7081,0,0,0,54621,1.75139e+08,1.60163e+14,0,profile_only
L0_relaunch3,ad6bb15,W2,2,476,1,0.776594,-1.8,6.57,2.7081,-1.8,6.57,2.7081,0,0,0,54621,2.71434e+08,1.6019e+14,0,profile_only
L0_relaunch3,ad6bb15,W2,2,477,1,0.771356,-1.75,6.57,2.7081,-1.75,6.57,2.7081,0,0,0,54621,1.74176e+08,1.60159e+14,0,profile_only
L0_relaunch3,ad6bb15,W2,2,478,1,0.783755,-1.75,6.57,2.7081,-1.75,6.57,2.7081,0,0,0,54621,2.51334e+08,1.6019e+14,0,profile_only
L0_relaunch3,ad6bb15,W2,2,479,1,0.773975,-1.8,6.57,2.7081,-1.8,6.57,2.7081,0,0,0,54621,2.70285e+08,1.60198e+14,0,profile_only
L0_relaunch3,ad6bb15,W2,2,480,1,0.783011,-1.75,6.57,2.7081,-1.75,6.57,2.7081,0,0,0,54621,1.74176e+08,1.60161e+14,0,profile_only
L0_relaunch3,ad6bb15,W2,3,0,1,0.844897,-2,6.82,-3.02553,-2,6.82,-3.02553,0,0,0,54621,2.89385e+08,1.64843e+14,0,profile_only
L0_relaunch3,ad6bb15,W2,3,1,1,0.842132,-2,6.82,-3.02553,-2,6.82,-3.02553,0,0,0,54621,1.93084e+08,1.64836e+14,0,profile_only
L0_relaunch3,ad6bb15,W2,3,2,1,0.845107,-2,6.82,-3.02553,-2,6.82,-3.02553,0,0,0,54621,2.83602e+08,1.64843e+14,0,profile_only
L0_relaunch3,ad6bb15,W2,3,3,1,0.843652,-2,6.82,-3.02553,-2,6.82,-3.02553,0,0,0,54621,1.93045e+08,1.64838e+14,0,profile_only
L0_relaunch3,ad6bb15,W2,3,4,1,0.852722,-2,6.82,-3.02553,-2,6.82,-3.02553,0,0,0,54621,2.89408e+08,1.64833e+14,0,profile_only
L0_relaunch3,ad6bb15,W2,3,5,1,0.855842,-2,6.82,-3.02553,-2,6.82,-3.02553,0,0,0,54621,2.7945e+08,1.64846e+14,0,profile_only
L0_relaunch3,ad6bb15,W2,3,6,1,0.856052,-2,6.82,-3.02553,-2,6.82,-3.02553,0,0,0,54621,2.7842e+08,1.64842e+14,0,profile_only
L0_relaunch3,ad6bb15,W2,3,7,1,0.847839,-2,6.82,-3.02553,-2,6.82,-3.02553,0,0,0,54621,2.17735e+08,1.6485e+14,0,profile_only
L0_relaunch3,ad6bb15,W2,3,8,1,0.84868,-2,6.82,-3.02553,-2,6.82,-3.02553,0,0,0,54621,2.19644e+08,1.64836e+14,0,profile_only
L0_relaunch3,ad6bb15,W2,3,9,1,0.839724,-2,6.82,-3.02553,-2,6.82,-3.02553,0,0,0,54621,1.94988e+08,1.64833e+14,0,profile_only
L0_relaunch3,ad6bb15,W2,3,10,1,0.844331,-2,6.82,-3.02553,-2,6.82,-3.02553,0,0,0,54621,1.93099e+08,1.64833e+14,0,profile_only
L0_relaunch3,ad6bb15,W2,3,11,1,0.844719,-2,6.82,-3.02553,-2,6.82,-3.02553,0,0,0,54621,2.17724e+08,1.64838e+14,0,profile_only
L0_relaunch3,ad6bb15,W2,3,12,1,0.85311,-2,6.82,-3.02553,-2,6.82,-3.02553,0,0,0,54621,1.93087e+08,1.6484e+14,0,profile_only
L0_relaunch3,ad6bb15,W2,3,13,1,0.837913,-2,6.82,-3.02553,-2,6.82,-3.02553,0,0,0,54621,1.96006e+08,1.64835e+14,0,profile_only
L0_relaunch3,ad6bb15,W2,3,14,1,0.854307,-2.1,6.82,-3.02553,-2.1,6.82,-3.02553,0,0,0,54621,2.72059e+08,1.64883e+14,0,profile_only
L0_relaunch3,ad6bb15,W2,3,15,1,0.832432,-2.2,6.82,-3.02553,-2.2,6.82,-3.02553,0,0,0,54621,3.27201e+08,1.64812e+14,0,profile_only
L0_relaunch3,ad6bb15,W2,3,16,1,0.797482,-2.35,6.82,-3.02553,-2.35,6.82,-3.02553,0,0,0,54621,5.55134e+08,1.65106e+14,0,profile_only
L0_relaunch3,ad6bb15,W2,3,17,1,0.85521,-2.75,6.77,-3.02553,-2.75,6.77,-3.02553,0,0,0,54621,5.18508e+08,1.65785e+14,0,profile_only
L0_relaunch3,ad6bb15,W2,3,18,1,0.884167,-3.2,6.72,-2.97553,-3.2,6.72,-2.97553,0,0,0,54621,5.53683e+08,1.66549e+14,0,profile_only
L0_relaunch3,ad6bb15,W2,3,19,1,0.886496,-3.6,6.62,-2.97553,-3.6,6.62,-2.97553,0,0,0,54621,5.83578e+08,1.66979e+14,0,profile_only
L0_relaunch3,ad6bb15,W2,3,20,1,0.837427,-3.9,6.57,-2.92553,-3.9,6.57,-2.92553,0,0,0,54621,5.84578e+08,1.62907e+14,0,profile_only
L0_relaunch3,ad6bb15,W2,3,21,1,0.817623,-4.3,6.52,-2.97553,-4.3,6.52,-2.97553,0,0,0,54621,4.77381e+08,1.58269e+14,0,profile_only
L0_relaunch3,ad6bb15,W2,3,22,1,0.794315,-4.8,6.52,3.05766,-4.8,6.52,3.05766,0,0,0,54621,2.76257e+08,1.53135e+14,0,profile_only
L0_relaunch3,ad6bb15,W2,3,23,1,0.83578,-5.25,6.72,2.75766,-5.25,6.72,2.75766,0,0,0,54621,2.71626e+08,1.42349e+14,0,profile_only
L0_relaunch3,ad6bb15,W2,3,24,1,0.904907,-5.55,6.97,2.45766,-5.55,6.97,2.45766,0,0,0,54621,4.16016e+08,1.29132e+14,0,profile_only
L0_relaunch3,ad6bb15,W2,3,25,1,0.868582,-5.75,7.22,2.25766,-5.75,7.22,2.25766,0,0,0,54621,4.29853e+08,1.20187e+14,0,profile_only
L0_relaunch3,ad6bb15,W2,3,26,1,0.908349,-5.95,7.62,2.10766,-5.95,7.62,2.10766,0,0,0,54621,5.20121e+08,1.13462e+14,0,profile_only
L0_relaunch3,ad6bb15,W2,3,27,1,0.871198,-6.05,7.82,2.10766,-6.05,7.82,2.10766,0,0,0,54621,5.30364e+08,1.06177e+14,0,profile_only
L0_relaunch3,ad6bb15,W2,3,28,1,0.920313,-6.25,8.12,2.10766,-6.25,8.12,2.10766,0,0,0,54621,4.78598e+08,1.02124e+14,0,profile_only
L0_relaunch3,ad6bb15,W2,3,29,1,0.885538,-6.3,8.22,2.10766,-6.3,8.22,2.10766,0,0,0,54621,4.96738e+08,9.56437e+13,0,profile_only
L0_relaunch3,ad6bb15,W2,3,30,1,0.879897,-6.45,8.42,2.15766,-6.45,8.42,2.15766,0,0,0,54621,5.75978e+08,9.34598e+13,0,profile_only
L0_relaunch3,ad6bb15,W2,3,31,1,0.888611,-6.65,8.62,2.30766,-6.65,8.62,2.30766,0,0,0,54621,8.46661e+08,8.86756e+13,0,profile_only
L0_relaunch3,ad6bb15,W2,3,32,1,0.922334,-6.8,8.72,2.45766,-6.8,8.72,2.45766,0,0,0,54621,8.43498e+08,8.45566e+13,0,profile_only
L0_relaunch3,ad6bb15,W2,3,33,1,0.863685,-7.05,8.82,2.60766,-7.05,8.82,2.60766,0,0,0,54621,7.36972e+08,8.27487e+13,0,profile_only
L0_relaunch3,ad6bb15,W2,3,34,1,0.831641,-7.25,8.92,2.75766,-7.25,8.92,2.75766,0,0,0,54621,5.10615e+08,8.00621e+13,0,profile_only
L0_relaunch3,ad6bb15,W2,3,35,1,0.861356,-7.45,8.92,2.90766,-7.45,8.92,2.90766,0,0,0,54621,5.10158e+08,7.81482e+13,0,profile_only
L0_relaunch3,ad6bb15,W2,3,36,1,0.827553,-7.65,8.97,3.05766,-7.65,8.97,3.05766,0,0,0,54621,7.02806e+08,7.76222e+13,0,profile_only
L0_relaunch3,ad6bb15,W2,3,37,1,0.846239,-7.9,8.92,-3.07553,-7.9,8.92,-3.07553,0,0,0,54621,6.35594e+08,7.64101e+13,0,profile_only
L0_relaunch3,ad6bb15,W2,3,38,1,0.850346,-8.05,8.87,-2.97553,-8.05,8.87,-2.97553,0,0,0,54621,6.30406e+08,7.58509e+13,0,profile_only
L0_relaunch3,ad6bb15,W2,3,39,1,0.779231,-8.2,8.82,-2.92553,-8.2,8.82,-2.92553,0,0,0,54621,5.39545e+08,7.47927e+13,0,profile_only
L0_relaunch3,ad6bb15,W2,3,40,1,0.806552,-8.55,8.72,-2.82553,-8.55,8.72,-2.82553,0,0,0,54621,6.60327e+08,7.38098e+13,0,profile_only
L0_relaunch3,ad6bb15,W2,3,41,1,0.833988,-8.75,8.67,-2.82553,-8.75,8.67,-2.82553,0,0,0,54621,4.82555e+08,7.33305e+13,0,profile_only
L0_relaunch3,ad6bb15,W2,3,42,1,0.865252,-8.95,8.57,-2.82553,-8.95,8.57,-2.82553,0,0,0,54621,5.17124e+08,7.30083e+13,0,profile_only
L0_relaunch3,ad6bb15,W2,3,43,1,0.879948,-9.15,8.52,-2.82553,-9.15,8.52,-2.82553,0,0,0,54621,4.94963e+08,7.37789e+13,0,profile_only
L0_relaunch3,ad6bb15,W2,3,44,1,0.763422,-9.4,8.42,-2.82553,-9.4,8.42,-2.82553,0,0,0,54621,5.92339e+08,7.51703e+13,0,profile_only
L0_relaunch3,ad6bb15,W2,3,45,1,0.776032,-9.65,8.32,-2.77553,-9.65,8.32,-2.77553,0,0,0,54621,5.70476e+08,7.80473e+13,0,profile_only
L0_relaunch3,ad6bb15,W2,3,46,1,0.847857,-9.8,8.27,-2.77553,-9.8,8.27,-2.77553,0,0,0,54621,5.99532e+08,8.07719e+13,0,profile_only
L0_relaunch3,ad6bb15,W2,3,47,1,0.770208,-10,8.22,-2.77553,-10,8.22,-2.77553,0,0,0,54621,6.35627e+08,8.27385e+13,0,profile_only
L0_relaunch3,ad6bb15,W2,3,48,1,0.847066,-10.2,8.12,-2.72553,-10.2,8.12,-2.72553,0,0,0,54621,6.82207e+08,8.1835e+13,0,profile_only
L0_relaunch3,ad6bb15,W2,3,49,1,0.889724,-10.35,8.02,-2.67553,-10.35,8.02,-2.67553,0,0,0,54621,7.15397e+08,8.17871e+13,0,profile_only
L0_relaunch3,ad6bb15,W2,3,50,1,0.893745,-10.5,7.92,-2.62553,-10.5,7.92,-2.62553,0,0,0,54621,7.19766e+08,8.22232e+13,0,profile_only
L0_relaunch3,ad6bb15,W2,3,51,1,0.892575,-10.7,7.82,-2.57553,-10.7,7.82,-2.57553,0,0,0,54621,7.20058e+08,8.15728e+13,0,profile_only
L0_relaunch3,ad6bb15,W2,3,52,1,0.92569,-10.8,7.72,-2.52553,-10.8,7.72,-2.52553,0,0,0,54621,6.52161e+08,8.02814e+13,0,profile_only
L0_relaunch3,ad6bb15,W2,3,53,1,0.922695,-10.95,7.57,-2.47553,-10.95,7.57,-2.47553,0,0,0,54621,6.79227e+08,8.00577e+13,0,profile_only
L0_relaunch3,ad6bb15,W2,3,54,1,0.860626,-11.15,7.42,-2.37553,-11.15,7.42,-2.37553,0,0,0,54621,6.89711e+08,7.9257e+13,0,profile_only
L0_relaunch3,ad6bb15,W2,3,55,1,0.91156,-11.2,7.32,-2.32553,-11.2,7.32,-2.32553,0,0,0,54621,6.84854e+08,7.82927e+13,0,profile_only
L0_relaunch3,ad6bb15,W2,3,56,1,0.843752,-11.35,7.17,-2.22553,-11.35,7.17,-2.22553,0,0,0,54621,6.99886e+08,7.76435e+13,0,profile_only
L0_relaunch3,ad6bb15,W2,3,57,1,0.839223,-11.45,6.97,-2.12553,-11.45,6.97,-2.12553,0,0,0,54621,7.11964e+08,7.65581e+13,0,profile_only
L0_relaunch3,ad6bb15,W2,3,58,1,0.844737,-11.5,6.77,-2.02553,-11.5,6.77,-2.02553,0,0,0,54621,7.0363e+08,7.4664e+13,0,profile_only
L0_relaunch3,ad6bb15,W2,3,59,1,0.829395,-11.55,6.57,-1.92553,-11.55,6.57,-1.92553,0,0,0,54621,7.26046e+08,7.43624e+13,0,profile_only
L0_relaunch3,ad6bb15,W2,3,60,1,0.771653,-11.6,6.42,-1.87553,-11.6,6.42,-1.87553,0,0,0,54621,6.10494e+08,7.57022e+13,0,profile_only
L0_relaunch3,ad6bb15,W2,3,61,1,0.758968,-11.6,6.22,-1.77553,-11.6,6.22,-1.77553,0,0,0,54621,6.27512e+08,7.50457e+13,0,profile_only
L0_relaunch3,ad6bb15,W2,3,62,1,0.744042,-11.6,6.02,-1.67553,-11.6,6.02,-1.67553,0,0,0,54621,6.27353e+08,7.67405e+13,0,profile_only
L0_relaunch3,ad6bb15,W2,3,63,1,0.791156,-11.6,5.72,-1.52553,-11.6,5.72,-1.52553,0,0,0,54621,6.10811e+08,7.60435e+13,0,profile_only
L0_relaunch3,ad6bb15,W2,3,64,1,0.823163,-11.55,5.52,-1.42553,-11.55,5.52,-1.42553,0,0,0,54621,6.37911e+08,7.88644e+13,0,profile_only
L0_relaunch3,ad6bb15,W2,3,65,1,0.768948,-11.5,5.32,-1.32553,-11.5,5.32,-1.32553,0,0,0,54621,6.4508e+08,8.10505e+13,0,profile_only
L0_relaunch3,ad6bb15,W2,3,66,1,0.783578,-11.4,5.07,-1.22553,-11.4,5.07,-1.22553,0,0,0,54621,6.34824e+08,8.48294e+13,0,profile_only
L0_relaunch3,ad6bb15,W2,3,67,1,0.75604,-11.25,4.82,-1.07553,-11.25,4.82,-1.07553,0,0,0,54621,6.96202e+08,8.74469e+13,0,profile_only
L0_relaunch3,ad6bb15,W2,3,68,1,0.779246,-10.95,4.52,-0.825528,-10.95,4.52,-0.825528,0,0,0,54621,9.30073e+08,9.02194e+13,0,profile_only
L0_relaunch3,ad6bb15,W2,3,69,1,0.71437,-10.65,4.32,-0.575528,-10.65,4.32,-0.575528,0,0,0,54621,6.36271e+08,9.49982e+13,0,profile_only
L0_relaunch3,ad6bb15,W2,3,70,1,0.772897,-9.85,4.17,-0.125528,-9.85,4.17,-0.125528,0,0,0,54621,1.0574e+09,1.00636e+14,0,profile_only
L0_relaunch3,ad6bb15,W2,3,71,1,0.731339,-9.35,4.12,-0.0755283,-9.35,4.12,-0.0755283,0,0,0,54621,8.09798e+08,1.15148e+14,0,profile_only
L0_relaunch3,ad6bb15,W2,3,72,1,0.684247,-8.65,4.02,-0.225528,-8.65,4.02,-0.225528,0,0,0,54621,4.86528e+08,1.23093e+14,0,profile_only
L0_relaunch3,ad6bb15,W2,3,73,1,0.813868,-7.8,3.62,-0.425528,-7.8,3.62,-0.425528,0,0,0,54621,4.05097e+08,1.3285e+14,0,profile_only
L0_relaunch3,ad6bb15,W2,3,74,1,0.822607,-7.55,3.47,-0.425528,-7.55,3.47,-0.425528,0,0,0,54621,5.97942e+08,1.45128e+14,0,profile_only
L0_relaunch3,ad6bb15,W2,3,75,1,0.822002,-7.3,3.37,-0.475528,-7.3,3.37,-0.475528,0,0,0,54621,5.32896e+08,1.48605e+14,0,profile_only
L0_relaunch3,ad6bb15,W2,3,76,1,0.873927,-7.05,3.22,-0.475528,-7.05,3.22,-0.475528,0,0,0,54621,5.84435e+08,1.5198e+14,0,profile_only
L0_relaunch3,ad6bb15,W2,3,77,1,0.846714,-6.9,3.12,-0.475528,-6.9,3.12,-0.475528,0,0,0,54621,4.7731e+08,1.55958e+14,0,profile_only
L0_relaunch3,ad6bb15,W2,3,78,1,0.915388,-6.65,3.02,-0.525528,-6.65,3.02,-0.525528,0,0,0,54621,5.56439e+08,1.58602e+14,0,profile_only
L0_relaunch3,ad6bb15,W2,3,79,1,0.901397,-6.5,2.92,-0.525528,-6.5,2.92,-0.525528,0,0,0,54621,5.99493e+08,1.62436e+14,0,profile_only
L0_relaunch3,ad6bb15,W2,3,80,1,0.825805,-6.5,2.87,-0.525528,-6.5,2.87,-0.525528,0,0,0,54621,5.86621e+08,1.65314e+14,0,profile_only
L0_relaunch3,ad6bb15,W2,3,81,1,0.895571,-6.05,2.62,-0.575528,-6.05,2.62,-0.575528,0,0,0,54621,5.67336e+08,1.65367e+14,0,profile_only
L0_relaunch3,ad6bb15,W2,3,82,1,0.86414,-5.9,2.52,-0.575528,-5.9,2.52,-0.575528,0,0,0,54621,6.12487e+08,1.71925e+14,0,profile_only
L0_relaunch3,ad6bb15,W2,3,83,1,0.794345,-5.7,2.37,-0.575528,-5.7,2.37,-0.575528,0,0,0,54621,6.26506e+08,1.73344e+14,0,profile_only
L0_relaunch3,ad6bb15,W2,3,84,1,0.841746,-5.35,2.12,-0.625528,-5.35,2.12,-0.625528,0,0,0,54621,5.7389e+08,1.75344e+14,0,profile_only
L0_relaunch3,ad6bb15,W2,3,85,1,0.859746,-5.15,1.97,-0.625528,-5.15,1.97,-0.625528,0,0,0,54621,6.41954e+08,1.79218e+14,0,profile_only
L0_relaunch3,ad6bb15,W2,3,86,1,0.780998,-4.9,1.77,-0.625528,-4.9,1.77,-0.625528,0,0,0,54621,6.30629e+08,1.81038e+14,0,profile_only
L0_relaunch3,ad6bb15,W2,3,87,1,0.81816,-4.6,1.57,-0.625528,-4.6,1.57,-0.625528,0,0,0,54621,6.11685e+08,1.83975e+14,0,profile_only
L0_relaunch3,ad6bb15,W2,3,88,1,0.84026,-4.4,1.47,-0.575528,-4.4,1.47,-0.575528,0,0,0,54621,6.55118e+08,1.8672e+14,0,profile_only
L0_relaunch3,ad6bb15,W2,3,89,1,0.857641,-4.2,1.37,-0.525528,-4.2,1.37,-0.525528,0,0,0,54621,6.47744e+08,1.89189e+14,0,profile_only
L0_relaunch3,ad6bb15,W2,3,90,1,0.820569,-4.05,1.27,-0.475528,-4.05,1.27,-0.475528,0,0,0,54621,6.74089e+08,1.91158e+14,0,profile_only
L0_relaunch3,ad6bb15,W2,3,91,1,0.811874,-3.85,1.22,-0.425528,-3.85,1.22,-0.425528,0,0,0,54621,6.42487e+08,1.91107e+14,0,profile_only
L0_relaunch3,ad6bb15,W2,3,92,1,0.833988,-3.65,1.12,-0.425528,-3.65,1.12,-0.425528,0,0,0,54621,5.87814e+08,1.89945e+14,0,profile_only
L0_relaunch3,ad6bb15,W2,3,93,1,0.891716,-3.4,1.02,-0.425528,-3.4,1.02,-0.425528,0,0,0,54621,5.26261e+08,1.87374e+14,0,profile_only
L0_relaunch3,ad6bb15,W2,3,94,1,0.908658,-3.25,0.92,-0.475528,-3.25,0.92,-0.475528,0,0,0,54621,4.6127e+08,1.86025e+14,0,profile_only
L0_relaunch3,ad6bb15,W2,3,95,1,0.908077,-3.05,0.82,-0.525528,-3.05,0.82,-0.525528,0,0,0,54621,4.88475e+08,1.84854e+14,0,profile_only
L0_relaunch3,ad6bb15,W2,3,96,1,0.858559,-2.95,0.72,-0.575528,-2.95,0.72,-0.575528,0,0,0,54621,5.10904e+08,1.82689e+14,0,profile_only
L0_relaunch3,ad6bb15,W2,3,97,1,0.852029,-2.75,0.57,-0.575528,-2.75,0.57,-0.575528,0,0,0,54621,5.91301e+08,1.82553e+14,0,profile_only
L0_relaunch3,ad6bb15,W2,3,98,1,0.789705,-2.5,0.42,-0.625528,-2.5,0.42,-0.625528,0,0,0,54621,5.77262e+08,1.81468e+14,0,profile_only
L0_relaunch3,ad6bb15,W2,3,99,1,0.790517,-2.35,0.32,-0.625528,-2.35,0.32,-0.625528,0,0,0,54621,5.98647e+08,1.76847e+14,0,profile_only
L0_relaunch3,ad6bb15,W2,3,100,1,0.796448,-2.05,0.07,-0.575528,-2.05,0.07,-0.575528,0,0,0,54621,5.79556e+08,1.73881e+14,0,profile_only
L0_relaunch3,ad6bb15,W2,3,101,1,0.80665,-1.75,-0.08,-0.525528,-1.75,-0.08,-0.525528,0,0,0,54621,6.56947e+08,1.68411e+14,0,profile_only
L0_relaunch3,ad6bb15,W2,3,102,1,0.783418,-1.3,-0.28,-0.425528,-1.3,-0.28,-0.425528,0,0,0,54621,6.01822e+08,1.64951e+14,0,profile_only
L0_relaunch3,ad6bb15,W2,3,103,1,0.737509,-0.7,-0.48,-0.225528,-0.7,-0.48,-0.225528,0,0,0,54621,7.88052e+08,1.61731e+14,0,profile_only
L0_relaunch3,ad6bb15,W2,3,104,1,0.787894,0.1,-0.53,-0.0255283,0.1,-0.53,-0.0255283,0,0,0,54621,7.71696e+08,1.59549e+14,0,profile_only
L0_relaunch3,ad6bb15,W2,3,105,1,0.722033,0.4,-0.53,0.0244717,0.4,-0.53,0.0244717,0,0,0,54621,6.06594e+08,1.55233e+14,0,profile_only
L0_relaunch3,ad6bb15,W2,3,106,1,0.759166,0.7,-0.48,0.124472,0.7,-0.48,0.124472,0,0,0,54621,7.24995e+08,1.53055e+14,0,profile_only
L0_relaunch3,ad6bb15,W2,3,107,1,0.879055,0.9,-0.43,0.174472,0.9,-0.43,0.174472,0,0,0,54621,6.38146e+08,1.52648e+14,0,profile_only
L0_relaunch3,ad6bb15,W2,3,108,1,0.828391,1.1,-0.38,0.224472,1.1,-0.38,0.224472,0,0,0,54621,6.59193e+08,1.52308e+14,0,profile_only
L0_relaunch3,ad6bb15,W2,3,109,1,0.729938,1.25,-0.33,0.224472,1.25,-0.33,0.224472,0,0,0,54621,6.18701e+08,1.52102e+14,0,profile_only
L0_relaunch3,ad6bb15,W2,3,110,1,0.790245,1.6,-0.18,0.324472,1.6,-0.18,0.324472,0,0,0,54621,6.73959e+08,1.52128e+14,0,profile_only
L0_relaunch3,ad6bb15,W2,3,111,1,0.778937,1.8,-0.13,0.324472,1.8,-0.13,0.324472,0,0,0,54621,5.89797e+08,1.51568e+14,0,profile_only
L0_relaunch3,ad6bb15,W2,3,112,1,0.871118,1.95,-0.08,0.374472,1.95,-0.08,0.374472,0,0,0,54621,6.52084e+08,1.49827e+14,0,profile_only
L0_relaunch3,ad6bb15,W2,3,113,1,0.838334,2.2,0.02,0.424472,2.2,0.02,0.424472,0,0,0,54621,7.13354e+08,1.49873e+14,0,profile_only
L0_relaunch3,ad6bb15,W2,3,114,1,0.848307,2.4,0.17,0.474472,2.4,0.17,0.474472,0,0,0,54621,7.36953e+08,1.485e+14,0,profile_only
L0_relaunch3,ad6bb15,W2,3,115,1,0.857394,2.65,0.37,0.574472,2.65,0.37,0.574472,0,0,0,54621,7.13725e+08,1.47936e+14,0,profile_only
L0_relaunch3,ad6bb15,W2,3,116,1,0.851379,2.8,0.47,0.624472,2.8,0.47,0.624472,0,0,0,54621,6.41973e+08,1.46251e+14,0,profile_only
L0_relaunch3,ad6bb15,W2,3,117,1,0.858493,2.95,0.57,0.674472,2.95,0.57,0.674472,0,0,0,54621,6.58034e+08,1.43806e+14,0,profile_only
L0_relaunch3,ad6bb15,W2,3,118,1,0.866126,3.05,0.67,0.774472,3.05,0.67,0.774472,0,0,0,54621,6.79354e+08,1.41388e+14,0,profile_only
L0_relaunch3,ad6bb15,W2,3,119,1,0.915528,3.2,0.92,0.924472,3.2,0.92,0.924472,0,0,0,54621,7.26816e+08,1.41212e+14,0,profile_only
L0_relaunch3,ad6bb15,W2,3,120,1,0.886365,3.3,1.07,1.02447,3.3,1.07,1.02447,0,0,0,54621,6.79757e+08,1.42027e+14,0,profile_only
L0_relaunch3,ad6bb15,W2,3,121,1,0.805097,3.4,1.27,1.12447,3.4,1.27,1.12447,0,0,0,54621,7.1651e+08,1.41986e+14,0,profile_only
L0_relaunch3,ad6bb15,W2,3,122,1,0.802075,3.4,1.42,1.22447,3.4,1.42,1.22447,0,0,0,54621,7.31729e+08,1.41945e+14,0,profile_only
L0_relaunch3,ad6bb15,W2,3,123,1,0.883521,3.45,1.67,1.37447,3.45,1.67,1.37447,0,0,0,54621,7.6473e+08,1.43528e+14,0,profile_only
L0_relaunch3,ad6bb15,W2,3,124,1,0.785475,3.5,1.97,1.52447,3.5,1.97,1.52447,0,0,0,54621,7.18809e+08,1.44744e+14,0,profile_only
L0_relaunch3,ad6bb15,W2,3,125,1,0.80526,3.45,2.17,1.62447,3.45,2.17,1.62447,0,0,0,54621,6.61678e+08,1.45068e+14,0,profile_only
L0_relaunch3,ad6bb15,W2,3,126,1,0.830186,3.4,2.37,1.72447,3.4,2.37,1.72447,0,0,0,54621,6.4966e+08,1.46021e+14,0,profile_only
L0_relaunch3,ad6bb15,W2,3,127,1,0.812726,3.35,2.57,1.82447,3.35,2.57,1.82447,0,0,0,54621,6.49167e+08,1.4654e+14,0,profile_only
L0_relaunch3,ad6bb15,W2,3,128,1,0.760788,3.25,2.82,1.92447,3.25,2.82,1.92447,0,0,0,54621,6.11081e+08,1.46633e+14,0,profile_only
L0_relaunch3,ad6bb15,W2,3,129,1,0.784053,3.15,2.92,1.97447,3.15,2.92,1.97447,0,0,0,54621,6.51457e+08,1.47701e+14,0,profile_only
L0_relaunch3,ad6bb15,W2,3,130,1,0.750873,3,3.22,2.07447,3,3.22,2.07447,0,0,0,54621,6.78351e+08,1.48352e+14,0,profile_only
L0_relaunch3,ad6bb15,W2,3,131,1,0.765069,2.9,3.37,2.12447,2.9,3.37,2.12447,0,0,0,54621,6.84804e+08,1.49541e+14,0,profile_only
L0_relaunch3,ad6bb15,W2,3,132,1,0.908208,2.7,3.57,2.22447,2.7,3.57,2.22447,0,0,0,54621,7.09401e+08,1.49636e+14,0,profile_only
L0_relaunch3,ad6bb15,W2,3,133,1,0.792422,2.6,3.72,2.27447,2.6,3.72,2.27447,0,0,0,54621,6.96298e+08,1.51723e+14,0,profile_only
L0_relaunch3,ad6bb15,W2,3,134,1,0.923517,2.35,3.92,2.37447,2.35,3.92,2.37447,0,0,0,54621,7.61978e+08,1.48933e+14,0,profile_only
L0_relaunch3,ad6bb15,W2,3,135,1,0.93087,2.15,4.12,2.42447,2.15,4.12,2.42447,0,0,0,54621,6.86002e+08,1.48129e+14,0,profile_only
L0_relaunch3,ad6bb15,W2,3,136,1,0.923549,2.05,4.17,2.42447,2.05,4.17,2.42447,0,0,0,54621,6.38512e+08,1.49648e+14,0,profile_only
L0_relaunch3,ad6bb15,W2,3,137,1,0.885219,1.85,4.37,2.47447,1.85,4.37,2.47447,0,0,0,54621,6.46211e+08,1.51414e+14,0,profile_only
L0_relaunch3,ad6bb15,W2,3,138,1,0.924279,1.65,4.52,2.47447,1.65,4.52,2.47447,0,0,0,54621,5.79946e+08,1.52972e+14,0,profile_only
L0_relaunch3,ad6bb15,W2,3,139,1,0.849268,1.55,4.62,2.47447,1.55,4.62,2.47447,0,0,0,54621,6.45409e+08,1.5456e+14,0,profile_only
L0_relaunch3,ad6bb15,W2,3,140,1,0.893512,1,4.97,2.52447,1,4.97,2.52447,0,0,0,54621,6.62118e+08,1.55226e+14,0,profile_only
L0_relaunch3,ad6bb15,W2,3,141,1,0.871477,0.65,5.22,2.57447,0.65,5.22,2.57447,0,0,0,54621,6.45105e+08,1.58972e+14,0,profile_only
L0_relaunch3,ad6bb15,W2,3,142,1,0.875228,0.4,5.37,2.57447,0.4,5.37,2.57447,0,0,0,54621,6.04196e+08,1.61018e+14,0,profile_only
L0_relaunch3,ad6bb15,W2,3,143,1,0.940458,-0.05,5.62,2.62447,-0.05,5.62,2.62447,0,0,0,54621,6.04773e+08,1.62333e+14,0,profile_only
L0_relaunch3,ad6bb15,W2,3,144,1,0.930369,-0.2,5.72,2.62447,-0.2,5.72,2.62447,0,0,0,54621,5.80779e+08,1.62804e+14,0,profile_only
L0_relaunch3,ad6bb15,W2,3,145,1,0.951193,-0.5,5.87,2.67447,-0.5,5.87,2.67447,0,0,0,54621,6.18995e+08,1.62699e+14,0,profile_only
L0_relaunch3,ad6bb15,W2,3,146,1,0.980519,-0.6,5.92,2.67447,-0.6,5.92,2.67447,0,0,0,54621,5.75879e+08,1.62467e+14,0,profile_only
L0_relaunch3,ad6bb15,W2,3,147,1,0.938438,-0.8,6.02,2.72447,-0.8,6.02,2.72447,0,0,0,54621,6.12513e+08,1.61592e+14,0,profile_only
L0_relaunch3,ad6bb15,W2,3,148,1,0.942867,-1.05,6.12,2.77447,-1.05,6.12,2.77447,0,0,0,54621,5.94312e+08,1.60401e+14,0,profile_only
L0_relaunch3,ad6bb15,W2,3,149,1,0.887432,-1.2,6.17,2.82447,-1.2,6.17,2.82447,0,0,0,54621,6.96388e+08,1.59881e+14,0,profile_only
L0_relaunch3,ad6bb15,W2,3,150,1,0.918859,-1.45,6.22,2.87447,-1.45,6.22,2.87447,0,0,0,54621,6.89599e+08,1.59533e+14,0,profile_only
L0_relaunch3,ad6bb15,W2,3,151,1,0.827745,-1.7,6.27,2.92447,-1.7,6.27,2.92447,0,0,0,54621,5.37804e+08,1.59471e+14,0,profile_only
L0_relaunch3,ad6bb15,W2,3,152,1,0.822993,-1.95,6.27,3.02447,-1.95,6.27,3.02447,0,0,0,54621,2.7205e+08,1.59142e+14,0,profile_only
L0_relaunch3,ad6bb15,W2,3,153,1,0.843086,-2.3,6.32,3.12447,-2.3,6.32,3.12447,0,0,0,54621,2.29396e+08,1.61491e+14,0,profile_only
L0_relaunch3,ad6bb15,W2,3,154,1,0.837202,-2.5,6.32,-3.10871,-2.5,6.32,-3.10871,0,0,0,54621,5.00135e+08,1.63145e+14,0,profile_only
L0_relaunch3,ad6bb15,W2,3,155,1,0.861889,-2.85,6.27,-3.00871,-2.85,6.27,-3.00871,0,0,0,54621,6.10187e+08,1.64536e+14,0,profile_only
L0_relaunch3,ad6bb15,W2,3,156,1,0.87652,-3.1,6.22,-3.00871,-3.1,6.22,-3.00871,0,0,0,54621,5.607e+08,1.66882e+14,0,profile_only
L0_relaunch3,ad6bb15,W2,3,157,1,0.852595,-3.3,6.17,-2.95871,-3.3,6.17,-2.95871,0,0,0,54621,5.0171e+08,1.67239e+14,0,profile_only
L0_relaunch3,ad6bb15,W2,3,158,1,0.832192,-3.5,6.17,-2.95871,-3.5,6.17,-2.95871,0,0,0,54621,4.77753e+08,1.67927e+14,0,profile_only
L0_relaunch3,ad6bb15,W2,3,159,1,0.819942,-3.75,6.12,-2.95871,-3.75,6.12,-2.95871,0,0,0,54621,5.44775e+08,1.66181e+14,0,profile_only
L0_relaunch3,ad6bb15,W2,3,160,1,0.796111,-3.95,6.12,-3.00871,-3.95,6.12,-3.00871,0,0,0,54621,4.47092e+08,1.64745e+14,0,profile_only
L0_relaunch3,ad6bb15,W2,3,161,1,0.804393,-4.2,6.07,-3.10871,-4.2,6.07,-3.10871,0,0,0,54621,5.9222e+08,1.6207e+14,0,profile_only
L0_relaunch3,ad6bb15,W2,3,162,1,0.811533,-4.35,6.12,3.12447,-4.35,6.12,3.12447,0,0,0,54621,7.40154e+08,1.58473e+14,0,profile_only
L0_relaunch3,ad6bb15,W2,3,163,1,0.806069,-4.5,6.17,3.07447,-4.5,6.17,3.07447,0,0,0,54621,6.67089e+08,1.5533e+14,0,profile_only
L0_relaunch3,ad6bb15,W2,3,164,1,0.880173,-4.7,6.22,2.97447,-4.7,6.22,2.97447,0,0,0,54621,4.26912e+08,1.5142e+14,0,profile_only
L0_relaunch3,ad6bb15,W2,3,165,1,0.835925,-4.8,6.27,2.92447,-4.8,6.27,2.92447,0,0,0,54621,5.23425e+08,1.46888e+14,0,profile_only
L0_relaunch3,ad6bb15,W2,3,166,1,0.880608,-4.95,6.32,2.82447,-4.95,6.32,2.82447,0,0,0,54621,5.45701e+08,1.44191e+14,0,profile_only
L0_relaunch3,ad6bb15,W2,3,167,1,0.879766,-5.1,6.42,2.72447,-5.1,6.42,2.72447,0,0,0,54621,7.54902e+08,1.41056e+14,0,profile_only
L0_relaunch3,ad6bb15,W2,3,168,1,0.840424,-5.2,6.42,2.62447,-5.2,6.42,2.62447,0,0,0,54621,8.05011e+08,1.37421e+14,0,profile_only
L0_relaunch3,ad6bb15,W2,3,169,1,0.876081,-5.4,6.67,2.52447,-5.4,6.67,2.52447,0,0,0,54621,6.95866e+08,1.35603e+14,0,profile_only
L0_relaunch3,ad6bb15,W2,3,170,1,0.859299,-5.55,6.82,2.37447,-5.55,6.82,2.37447,0,0,0,54621,8.5535e+08,1.28063e+14,0,profile_only
L0_relaunch3,ad6bb15,W2,3,171,1,0.886848,-5.7,7.02,2.27447,-5.7,7.02,2.27447,0,0,0,54621,5.75678e+08,1.23404e+14,0,profile_only
L0_relaunch3,ad6bb15,W2,3,172,1,0.885716,-5.8,7.17,2.17447,-5.8,7.17,2.17447,0,0,0,54621,6.4579e+08,1.17607e+14,0,profile_only
L0_relaunch3,ad6bb15,W2,3,173,1,0.937353,-5.9,7.37,2.12447,-5.9,7.37,2.12447,0,0,0,54621,6.63888e+08,1.14404e+14,0,profile_only
L0_relaunch3,ad6bb15,W2,3,174,1,0.891843,-5.95,7.47,2.07447,-5.95,7.47,2.07447,0,0,0,54621,5.6735e+08,1.10274e+14,0,profile_only
L0_relaunch3,ad6bb15,W2,3,175,1,0.911843,-6.05,7.67,2.07447,-6.05,7.67,2.07447,0,0,0,54621,4.60796e+08,1.08539e+14,0,profile_only
L0_relaunch3,ad6bb15,W2,3,176,1,0.865364,-6.15,7.82,2.07447,-6.15,7.82,2.07447,0,0,0,54621,5.13717e+08,1.04484e+14,0,profile_only
L0_relaunch3,ad6bb15,W2,3,177,1,0.839256,-6.25,8.07,2.07447,-6.25,8.07,2.07447,0,0,0,54621,5.02284e+08,1.01228e+14,0,profile_only
L0_relaunch3,ad6bb15,W2,3,178,1,0.905926,-6.35,8.22,2.07447,-6.35,8.22,2.07447,0,0,0,54621,4.27509e+08,9.65736e+13,0,profile_only
L0_relaunch3,ad6bb15,W2,3,179,1,0.888045,-6.4,8.32,2.07447,-6.4,8.32,2.07447,0,0,0,54621,5.57454e+08,9.33296e+13,0,profile_only
L0_relaunch3,ad6bb15,W2,3,180,1,0.912488,-6.55,8.52,2.12447,-6.55,8.52,2.12447,0,0,0,54621,7.09839e+08,9.10851e+13,0,profile_only
L0_relaunch3,ad6bb15,W2,3,181,1,0.902773,-6.6,8.62,2.17447,-6.6,8.62,2.17447,0,0,0,54621,7.11216e+08,8.68416e+13,0,profile_only
L0_relaunch3,ad6bb15,W2,3,182,1,0.92746,-6.7,8.72,2.22447,-6.7,8.72,2.22447,0,0,0,54621,6.73939e+08,8.49231e+13,0,profile_only
L0_relaunch3,ad6bb15,W2,3,183,1,0.892833,-6.8,8.82,2.32447,-6.8,8.82,2.32447,0,0,0,54621,7.93475e+08,8.24455e+13,0,profile_only
L0_relaunch3,ad6bb15,W2,3,184,1,0.91949,-6.9,8.87,2.42447,-6.9,8.87,2.42447,0,0,0,54621,6.61517e+08,8.05083e+13,0,profile_only
L0_relaunch3,ad6bb15,W2,3,185,1,0.904148,-7,8.92,2.52447,-7,8.92,2.52447,0,0,0,54621,4.46387e+08,7.94604e+13,0,profile_only
L0_relaunch3,ad6bb15,W2,3,186,1,0.879012,-7.1,8.97,2.62447,-7.1,8.97,2.62447,0,0,0,54621,4.79999e+08,7.8477e+13,0,profile_only
L0_relaunch3,ad6bb15,W2,3,187,1,0.901351,-7.25,8.97,2.72447,-7.25,8.97,2.72447,0,0,0,54621,5.2986e+08,7.76927e+13,0,profile_only
L0_relaunch3,ad6bb15,W2,3,188,1,0.88942,-7.35,9.02,2.82447,-7.35,9.02,2.82447,0,0,0,54621,6.38782e+08,7.74007e+13,0,profile_only
L0_relaunch3,ad6bb15,W2,3,189,1,0.908433,-7.45,9.02,2.87447,-7.45,9.02,2.87447,0,0,0,54621,6.13827e+08,7.66695e+13,0,profile_only
L0_relaunch3,ad6bb15,W2,3,190,1,0.854536,-7.5,9.02,2.92447,-7.5,9.02,2.92447,0,0,0,54621,6.34535e+08,7.6354e+13,0,profile_only
L0_relaunch3,ad6bb15,W2,3,191,1,0.865219,-7.6,9.02,2.97447,-7.6,9.02,2.97447,0,0,0,54621,5.95795e+08,7.64754e+13,0,profile_only
L0_relaunch3,ad6bb15,W2,3,192,1,0.83389,-7.7,9.02,3.02447,-7.7,9.02,3.02447,0,0,0,54621,5.52132e+08,7.60787e+13,0,profile_only
L0_relaunch3,ad6bb15,W2,3,193,1,0.853937,-7.85,9.02,3.07447,-7.85,9.02,3.07447,0,0,0,54621,5.6594e+08,7.5584e+13,0,profile_only
L0_relaunch3,ad6bb15,W2,3,194,1,0.846061,-7.95,9.02,3.12447,-7.95,9.02,3.12447,0,0,0,54621,6.32977e+08,7.44206e+13,0,profile_only
L0_relaunch3,ad6bb15,W2,3,195,1,0.940814,-8.1,9.02,-3.10871,-8.1,9.02,-3.10871,0,0,0,54621,5.61551e+08,7.38471e+13,0,profile_only
L0_relaunch3,ad6bb15,W2,3,196,1,0.851771,-8.25,9.02,-3.05871,-8.25,9.02,-3.05871,0,0,0,54621,5.14391e+08,7.29682e+13,0,profile_only
L0_relaunch3,ad6bb15,W2,3,197,1,0.81585,-8.3,8.97,-3.05871,-8.3,8.97,-3.05871,0,0,0,54621,5.11437e+08,7.25066e+13,0,profile_only
L0_relaunch3,ad6bb15,W2,3,198,1,0.825031,-8.45,8.97,-3.00871,-8.45,8.97,-3.00871,0,0,0,54621,6.19027e+08,7.26846e+13,0,profile_only
L0_relaunch3,ad6bb15,W2,3,199,1,0.861421,-8.7,8.92,-2.95871,-8.7,8.92,-2.95871,0,0,0,54621,5.35839e+08,7.25713e+13,0,profile_only
L0_relaunch3,ad6bb15,W2,3,200,1,0.824596,-8.8,8.87,-2.95871,-8.8,8.87,-2.95871,0,0,0,54621,4.8369e+08,7.20238e+13,0,profile_only
L0_relaunch3,ad6bb15,W2,3,201,1,0.815766,-8.95,8.87,-2.90871,-8.95,8.87,-2.90871,0,0,0,54621,5.68798e+08,7.2115e+13,0,profile_only
L0_relaunch3,ad6bb15,W2,3,202,1,0.85143,-9.1,8.82,-2.90871,-9.1,8.82,-2.90871,0,0,0,54621,5.52199e+08,7.21407e+13,0,profile_only
L0_relaunch3,ad6bb15,W2,3,203,1,0.887689,-9.25,8.77,-2.85871,-9.25,8.77,-2.85871,0,0,0,54621,5.87977e+08,7.19718e+13,0,profile_only
L0_relaunch3,ad6bb15,W2,3,204,1,0.794167,-9.4,8.72,-2.80871,-9.4,8.72,-2.80871,0,0,0,54621,5.27861e+08,7.2714e+13,0,profile_only
L0_relaunch3,ad6bb15,W2,3,205,1,0.876004,-9.5,8.67,-2.80871,-9.5,8.67,-2.80871,0,0,0,54621,5.27855e+08,7.35539e+13,0,profile_only
L0_relaunch3,ad6bb15,W2,3,206,1,0.826018,-9.65,8.62,-2.75871,-9.65,8.62,-2.75871,0,0,0,54621,5.70249e+08,7.44413e+13,0,profile_only
L0_relaunch3,ad6bb15,W2,3,207,1,0.821476,-9.8,8.52,-2.70871,-9.8,8.52,-2.70871,0,0,0,54621,5.71819e+08,7.58871e+13,0,profile_only
L0_relaunch3,ad6bb15,W2,3,208,1,0.784702,-9.95,8.42,-2.65871,-9.95,8.42,-2.65871,0,0,0,54621,6.32788e+08,7.76144e+13,0,profile_only
L0_relaunch3,ad6bb15,W2,3,209,1,0.790085,-10.1,8.32,-2.60871,-10.1,8.32,-2.60871,0,0,0,54621,5.98834e+08,7.96986e+13,0,profile_only
L0_relaunch3,ad6bb15,W2,3,210,1,0.833439,-10.1,8.32,-2.60871,-10.1,8.32,-2.60871,0,0,0,54621,5.92293e+08,8.05445e+13,0,profile_only
L0_relaunch3,ad6bb15,W2,3,211,1,0.902085,-10.2,8.27,-2.55871,-10.2,8.27,-2.55871,0,0,0,54621,6.87964e+08,8.11045e+13,0,profile_only
L0_relaunch3,ad6bb15,W2,3,212,1,0.896024,-10.3,8.17,-2.50871,-10.3,8.17,-2.50871,0,0,0,54621,6.58135e+08,8.22478e+13,0,profile_only
L0_relaunch3,ad6bb15,W2,3,213,1,0.892948,-10.4,8.07,-2.45871,-10.4,8.07,-2.45871,0,0,0,54621,6.82633e+08,8.21157e+13,0,profile_only
L0_relaunch3,ad6bb15,W2,3,214,1,0.887852,-10.5,7.97,-2.40871,-10.5,7.97,-2.40871,0,0,0,54621,6.59189e+08,8.24847e+13,0,profile_only
L0_relaunch3,ad6bb15,W2,3,215,1,0.898981,-10.6,7.87,-2.35871,-10.6,7.87,-2.35871,0,0,0,54621,6.64227e+08,8.33298e+13,0,profile_only
L0_relaunch3,ad6bb15,W2,3,216,1,0.872762,-10.7,7.77,-2.30871,-10.7,7.77,-2.30871,0,0,0,54621,6.29866e+08,8.26098e+13,0,profile_only
L0_relaunch3,ad6bb15,W2,3,217,1,0.85731,-10.75,7.72,-2.25871,-10.75,7.72,-2.25871,0,0,0,54621,6.34673e+08,8.24859e+13,0,profile_only
L0_relaunch3,ad6bb15,W2,3,218,1,0.843378,-10.8,7.62,-2.20871,-10.8,7.62,-2.20871,0,0,0,54621,6.25115e+08,8.24442e+13,0,profile_only
L0_relaunch3,ad6bb15,W2,3,219,1,0.858701,-10.85,7.47,-2.15871,-10.85,7.47,-2.15871,0,0,0,54621,6.37723e+08,8.23783e+13,0,profile_only
L0_relaunch3,ad6bb15,W2,3,220,1,0.866804,-10.95,7.37,-2.10871,-10.95,7.37,-2.10871,0,0,0,54621,6.09131e+08,8.28896e+13,0,profile_only
L0_relaunch3,ad6bb15,W2,3,221,1,0.858025,-11,7.22,-2.05871,-11,7.22,-2.05871,0,0,0,54621,6.49933e+08,8.23709e+13,0,profile_only
L0_relaunch3,ad6bb15,W2,3,222,1,0.820191,-11.05,7.07,-2.00871,-11.05,7.07,-2.00871,0,0,0,54621,6.20277e+08,8.20616e+13,0,profile_only
L0_relaunch3,ad6bb15,W2,3,223,1,0.811293,-11.15,6.87,-1.95871,-11.15,6.87,-1.95871,0,0,0,54621,7.03104e+08,7.96339e+13,0,profile_only
L0_relaunch3,ad6bb15,W2,3,224,1,0.828394,-11.2,6.72,-1.95871,-11.2,6.72,-1.95871,0,0,0,54621,6.86908e+08,7.6272e+13,0,profile_only
L0_relaunch3,ad6bb15,W2,3,225,1,0.787898,-11.25,6.52,-1.95871,-11.25,6.52,-1.95871,0,0,0,54621,7.25726e+08,7.42794e+13,0,profile_only
L0_relaunch3,ad6bb15,W2,3,226,1,0.806907,-11.3,6.32,-1.90871,-11.3,6.32,-1.90871,0,0,0,54621,7.55609e+08,7.37842e+13,0,profile_only
L0_relaunch3,ad6bb15,W2,3,227,1,0.764167,-11.4,6.12,-1.85871,-11.4,6.12,-1.85871,0,0,0,54621,6.44119e+08,7.56207e+13,0,profile_only
L0_relaunch3,ad6bb15,W2,3,228,1,0.819482,-11.45,5.87,-1.80871,-11.45,5.87,-1.80871,0,0,0,54621,5.88265e+08,7.66331e+13,0,profile_only
L0_relaunch3,ad6bb15,W2,3,229,1,0.772043,-11.5,5.67,-1.75871,-11.5,5.67,-1.75871,0,0,0,54621,5.93298e+08,7.73954e+13,0,profile_only
L0_relaunch3,ad6bb15,W2,3,230,1,0.869,-11.5,5.42,-1.70871,-11.5,5.42,-1.70871,0,0,0,54621,5.74897e+08,7.97595e+13,0,profile_only
L0_relaunch3,ad6bb15,W2,3,231,1,0.840748,-11.5,5.27,-1.65871,-11.5,5.27,-1.65871,0,0,0,54621,6.21962e+08,8.27236e+13,0,profile_only
L0_relaunch3,ad6bb15,W2,3,232,1,0.782803,-11.55,5.02,-1.55871,-11.55,5.02,-1.55871,0,0,0,54621,6.64143e+08,8.2888e+13,0,profile_only
L0_relaunch3,ad6bb15,W2,3,233,1,0.809116,-11.45,4.87,-1.45871,-11.45,4.87,-1.45871,0,0,0,54621,6.50054e+08,8.38184e+13,0,profile_only
L0_relaunch3,ad6bb15,W2,3,234,1,0.788455,-11.4,4.72,-1.30871,-11.4,4.72,-1.30871,0,0,0,54621,7.05066e+08,8.63598e+13,0,profile_only
L0_relaunch3,ad6bb15,W2,3,235,1,0.833598,-11.2,4.47,-1.00871,-11.2,4.47,-1.00871,0,0,0,54621,9.64767e+08,8.93928e+13,0,profile_only
L0_relaunch3,ad6bb15,W2,3,236,1,0.790711,-11.1,4.37,-0.858714,-11.1,4.37,-0.858714,0,0,0,54621,6.77787e+08,9.19714e+13,0,profile_only
L0_relaunch3,ad6bb15,W2,3,237,1,0.786898,-10.8,4.22,-0.508714,-10.8,4.22,-0.508714,0,0,0,54621,1.01624e+09,9.41168e+13,0,profile_only
L0_relaunch3,ad6bb15,W2,3,238,1,0.785704,-10.5,4.17,-0.258714,-10.5,4.17,-0.258714,0,0,0,54621,8.90879e+08,9.87741e+13,0,profile_only
L0_relaunch3,ad6bb15,W2,3,239,1,0.768928,-10.2,4.17,-0.158714,-10.2,4.17,-0.158714,0,0,0,54621,9.03532e+08,1.03863e+14,0,profile_only
L0_relaunch3,ad6bb15,W2,3,240,1,0.711845,-9.9,4.07,-0.108714,-9.9,4.07,-0.108714,0,0,0,54621,7.77511e+08,1.09042e+14,0,profile_only
L0_relaunch3,ad6bb15,W2,3,241,1,0.75077,-9.15,4.02,-0.158714,-9.15,4.02,-0.158714,0,0,0,54621,5.81303e+08,1.14764e+14,0,profile_only
L0_relaunch3,ad6bb15,W2,3,242,1,0.706899,-8.7,3.87,-0.308714,-8.7,3.87,-0.308714,0,0,0,54621,4.8297e+08,1.26637e+14,0,profile_only
L0_relaunch3,ad6bb15,W2,3,243,1,0.796469,-7.9,3.47,-0.458714,-7.9,3.47,-0.458714,0,0,0,54621,4.99072e+08,1.33031e+14,0,profile_only
L0_relaunch3,ad6bb15,W2,3,244,1,0.810885,-7.5,3.22,-0.458714,-7.5,3.22,-0.458714,0,0,0,54621,5.93588e+08,1.44897e+14,0,profile_only
L0_relaunch3,ad6bb15,W2,3,245,1,0.843818,-7.1,3.02,-0.458714,-7.1,3.02,-0.458714,0,0,0,54621,5.20472e+08,1.50617e+14,0,profile_only
L0_relaunch3,ad6bb15,W2,3,246,1,0.870537,-6.9,2.92,-0.458714,-6.9,2.92,-0.458714,0,0,0,54621,5.43835e+08,1.5676e+14,0,profile_only
L0_relaunch3,ad6bb15,W2,3,247,1,0.848759,-6.7,2.82,-0.458714,-6.7,2.82,-0.458714,0,0,0,54621,6.18645e+08,1.60056e+14,0,profile_only
L0_relaunch3,ad6bb15,W2,3,248,1,0.798841,-6.45,2.72,-0.458714,-6.45,2.72,-0.458714,0,0,0,54621,5.99034e+08,1.63477e+14,0,profile_only
L0_relaunch3,ad6bb15,W2,3,249,1,0.858064,-6.05,2.52,-0.408714,-6.05,2.52,-0.408714,0,0,0,54621,6.72451e+08,1.66634e+14,0,profile_only
L0_relaunch3,ad6bb15,W2,3,250,1,0.827869,-5.85,2.47,-0.358714,-5.85,2.47,-0.358714,0,0,0,54621,6.5176e+08,1.71565e+14,0,profile_only
L0_relaunch3,ad6bb15,W2,3,251,1,0.759224,-5.55,2.37,-0.308714,-5.55,2.37,-0.308714,0,0,0,54621,6.71e+08,1.74293e+14,0,profile_only
L0_relaunch3,ad6bb15,W2,3,252,1,0.845644,-4.85,2.12,-0.358714,-4.85,2.12,-0.358714,0,0,0,54621,5.62611e+08,1.77405e+14,0,profile_only
L0_relaunch3,ad6bb15,W2,3,253,1,0.786577,-4.35,1.87,-0.358714,-4.35,1.87,-0.358714,0,0,0,54621,5.76846e+08,1.85081e+14,0,profile_only
L0_relaunch3,ad6bb15,W2,3,254,1,0.812875,-4.2,1.82,-0.458714,-4.2,1.82,-0.458714,0,0,0,54621,4.86106e+08,1.88955e+14,0,profile_only
L0_relaunch3,ad6bb15,W2,3,255,1,0.833259,-3.85,1.62,-0.508714,-3.85,1.62,-0.508714,0,0,0,54621,5.32235e+08,1.9027e+14,0,profile_only
L0_relaunch3,ad6bb15,W2,3,256,1,0.771334,-3.4,1.37,-0.508714,-3.4,1.37,-0.508714,0,0,0,54621,5.82385e+08,1.91576e+14,0,profile_only
L0_relaunch3,ad6bb15,W2,3,257,1,0.799021,-3.3,1.27,-0.608714,-3.3,1.27,-0.608714,0,0,0,54621,4.45648e+08,1.89849e+14,0,profile_only
L0_relaunch3,ad6bb15,W2,3,258,1,0.85434,-3.05,1.07,-0.658714,-3.05,1.07,-0.658714,0,0,0,54621,5.41369e+08,1.87938e+14,0,profile_only
L0_relaunch3,ad6bb15,W2,3,259,1,0.809367,-2.85,0.87,-0.658714,-2.85,0.87,-0.658714,0,0,0,54621,5.87694e+08,1.85632e+14,0,profile_only
L0_relaunch3,ad6bb15,W2,3,260,1,0.738303,-2.55,0.62,-0.658714,-2.55,0.62,-0.658714,0,0,0,54621,5.58711e+08,1.83242e+14,0,profile_only
L0_relaunch3,ad6bb15,W2,3,261,1,0.765587,-2.3,0.42,-0.658714,-2.3,0.42,-0.658714,0,0,0,54621,4.74204e+08,1.7938e+14,0,profile_only
L0_relaunch3,ad6bb15,W2,3,262,1,0.899523,-2.05,0.27,-0.608714,-2.05,0.27,-0.608714,0,0,0,54621,5.84374e+08,1.73716e+14,0,profile_only
L0_relaunch3,ad6bb15,W2,3,263,1,0.88347,-1.85,0.17,-0.508714,-1.85,0.17,-0.508714,0,0,0,54621,7.71834e+08,1.69275e+14,0,profile_only
L0_relaunch3,ad6bb15,W2,3,264,1,0.820471,-1.65,0.07,-0.408714,-1.65,0.07,-0.408714,0,0,0,54621,7.34045e+08,1.67182e+14,0,profile_only
L0_relaunch3,ad6bb15,W2,3,265,1,0.760661,-1.5,0.07,-0.308714,-1.5,0.07,-0.308714,0,0,0,54621,7.8733e+08,1.65171e+14,0,profile_only
L0_relaunch3,ad6bb15,W2,3,266,1,0.804611,-0.85,-0.08,-0.158714,-0.85,-0.08,-0.158714,0,0,0,54621,8.06504e+08,1.66379e+14,0,profile_only
L0_relaunch3,ad6bb15,W2,3,267,1,0.733188,-0.5,-0.13,-0.158714,-0.5,-0.13,-0.158714,0,0,0,54621,4.57613e+08,1.62977e+14,0,profile_only
L0_relaunch3,ad6bb15,W2,3,268,1,0.816927,0.05,-0.18,-0.108714,0.05,-0.18,-0.108714,0,0,0,54621,4.68383e+08,1.61674e+14,0,profile_only
L0_relaunch3,ad6bb15,W2,3,269,1,0.798436,0.25,-0.18,-0.108714,0.25,-0.18,-0.108714,0,0,0,54621,3.79038e+08,1.56785e+14,0,profile_only
L0_relaunch3,ad6bb15,W2,3,270,1,0.697836,0.5,-0.23,-0.0587136,0.5,-0.23,-0.0587136,0,0,0,54621,5.6939e+08,1.55623e+14,0,profile_only
L0_relaunch3,ad6bb15,W2,3,271,1,0.795331,0.85,-0.23,-0.0587136,0.85,-0.23,-0.0587136,0,0,0,54621,6.01643e+08,1.54821e+14,0,profile_only
L0_relaunch3,ad6bb15,W2,3,272,1,0.732608,1.05,-0.23,-0.00871357,1.05,-0.23,-0.00871357,0,0,0,54621,6.17311e+08,1.51084e+14,0,profile_only
L0_relaunch3,ad6bb15,W2,3,273,1,0.829377,1.3,-0.23,0.0412864,1.3,-0.23,0.0412864,0,0,0,54621,6.60897e+08,1.50586e+14,0,profile_only
L0_relaunch3,ad6bb15,W2,3,274,1,0.831046,1.5,-0.18,0.0912864,1.5,-0.18,0.0912864,0,0,0,54621,6.61825e+08,1.49109e+14,0,profile_only
L0_relaunch3,ad6bb15,W2,3,275,1,0.784709,1.65,-0.18,0.141286,1.65,-0.18,0.141286,0,0,0,54621,6.81245e+08,1.48249e+14,0,profile_only
L0_relaunch3,ad6bb15,W2,3,276,1,0.853092,1.8,-0.13,0.241286,1.8,-0.13,0.241286,0,0,0,54621,6.75643e+08,1.47624e+14,0,profile_only
L0_relaunch3,ad6bb15,W2,3,277,1,0.857703,2.05,0.02,0.391286,2.05,0.02,0.391286,0,0,0,54621,7.5445e+08,1.48119e+14,0,profile_only
L0_relaunch3,ad6bb15,W2,3,278,1,0.866028,2.15,0.12,0.491286,2.15,0.12,0.491286,0,0,0,54621,6.83867e+08,1.4854e+14,0,profile_only
L0_relaunch3,ad6bb15,W2,3,279,1,0.822024,2.25,0.22,0.641286,2.25,0.22,0.641286,0,0,0,54621,7.36597e+08,1.4962e+14,0,profile_only
L0_relaunch3,ad6bb15,W2,3,280,1,0.848039,2.35,0.32,0.741286,2.35,0.32,0.741286,0,0,0,54621,6.91702e+08,1.51508e+14,0,profile_only
L0_relaunch3,ad6bb15,W2,3,281,1,0.833905,2.45,0.42,0.841286,2.45,0.42,0.841286,0,0,0,54621,6.98076e+08,1.51952e+14,0,profile_only
L0_relaunch3,ad6bb15,W2,3,282,1,0.808235,2.6,0.67,0.991286,2.6,0.67,0.991286,0,0,0,54621,7.29405e+08,1.51672e+14,0,profile_only
L0_relaunch3,ad6bb15,W2,3,283,1,0.787506,2.7,0.87,1.04129,2.7,0.87,1.04129,0,0,0,54621,6.90392e+08,1.5169e+14,0,profile_only
L0_relaunch3,ad6bb15,W2,3,284,1,0.797192,2.75,1.02,1.14129,2.75,1.02,1.14129,0,0,0,54621,6.83441e+08,1.50689e+14,0,profile_only
L0_relaunch3,ad6bb15,W2,3,285,1,0.80324,2.85,1.22,1.24129,2.85,1.22,1.24129,0,0,0,54621,7.08233e+08,1.50263e+14,0,profile_only
L0_relaunch3,ad6bb15,W2,3,286,1,0.756021,2.9,1.42,1.34129,2.9,1.42,1.34129,0,0,0,54621,6.78633e+08,1.48694e+14,0,profile_only
L0_relaunch3,ad6bb15,W2,3,287,1,0.787103,2.9,1.67,1.44129,2.9,1.67,1.44129,0,0,0,54621,6.4112e+08,1.47371e+14,0,profile_only
L0_relaunch3,ad6bb15,W2,3,288,1,0.81302,2.85,1.82,1.49129,2.85,1.82,1.49129,0,0,0,54621,6.02348e+08,1.46735e+14,0,profile_only
L0_relaunch3,ad6bb15,W2,3,289,1,0.763131,2.9,2.07,1.59129,2.9,2.07,1.59129,0,0,0,54621,6.31725e+08,1.45596e+14,0,profile_only
L0_relaunch3,ad6bb15,W2,3,290,1,0.776746,2.8,2.27,1.64129,2.8,2.27,1.64129,0,0,0,54621,5.95063e+08,1.42722e+14,0,profile_only
L0_relaunch3,ad6bb15,W2,3,291,1,0.779587,2.8,2.57,1.69129,2.8,2.57,1.69129,0,0,0,54621,6.22491e+08,1.41872e+14,0,profile_only
L0_relaunch3,ad6bb15,W2,3,292,1,0.851739,2.75,2.87,1.69129,2.75,2.87,1.69129,0,0,0,54621,5.52965e+08,1.40258e+14,0,profile_only
L0_relaunch3,ad6bb15,W2,3,293,1,0.881127,2.75,3.02,1.69129,2.75,3.02,1.69129,0,0,0,54621,6.41566e+08,1.4126e+14,0,profile_only
L0_relaunch3,ad6bb15,W2,3,294,1,0.75071,2.7,3.27,1.69129,2.7,3.27,1.69129,0,0,0,54621,6.56917e+08,1.42361e+14,0,profile_only
L0_relaunch3,ad6bb15,W2,3,295,1,0.873951,2.65,3.52,1.74129,2.65,3.52,1.74129,0,0,0,54621,6.90828e+08,1.44017e+14,0,profile_only
L0_relaunch3,ad6bb15,W2,3,296,1,0.83003,2.5,3.77,1.79129,2.5,3.77,1.79129,0,0,0,54621,6.66241e+08,1.44564e+14,0,profile_only
L0_relaunch3,ad6bb15,W2,3,297,1,0.829221,2.5,3.92,1.84129,2.5,3.92,1.84129,0,0,0,54621,6.73108e+08,1.45787e+14,0,profile_only
L0_relaunch3,ad6bb15,W2,3,298,1,0.833745,2.45,4.12,1.89129,2.45,4.12,1.89129,0,0,0,54621,6.34511e+08,1.46019e+14,0,profile_only
L0_relaunch3,ad6bb15,W2,3,299,1,0.8778,2.45,4.27,1.94129,2.45,4.27,1.94129,0,0,0,54621,6.66619e+08,1.4774e+14,0,profile_only
L0_relaunch3,ad6bb15,W2,3,300,1,0.85622,2.4,4.42,1.99129,2.4,4.42,1.99129,0,0,0,54621,6.63956e+08,1.47833e+14,0,profile_only
L0_relaunch3,ad6bb15,W2,3,301,1,0.962102,2.2,4.67,2.09129,2.2,4.67,2.09129,0,0,0,54621,7.14128e+08,1.48516e+14,0,profile_only
L0_relaunch3,ad6bb15,W2,3,302,1,0.867516,2.05,4.87,2.19129,2.05,4.87,2.19129,0,0,0,54621,6.85306e+08,1.5073e+14,0,profile_only
L0_relaunch3,ad6bb15,W2,3,303,1,0.932245,1.9,5.02,2.29129,1.9,5.02,2.29129,0,0,0,54621,6.93217e+08,1.51225e+14,0,profile_only
L0_relaunch3,ad6bb15,W2,3,304,1,0.904406,1.7,5.17,2.39129,1.7,5.17,2.39129,0,0,0,54621,7.02236e+08,1.52029e+14,0,profile_only
L0_relaunch3,ad6bb15,W2,3,305,1,0.904261,1.55,5.27,2.49129,1.55,5.27,2.49129,0,0,0,54621,7.22666e+08,1.53554e+14,0,profile_only
L0_relaunch3,ad6bb15,W2,3,306,1,0.896178,1.45,5.32,2.59129,1.45,5.32,2.59129,0,0,0,54621,7.17638e+08,1.5494e+14,0,profile_only
L0_relaunch3,ad6bb15,W2,3,307,1,0.814253,1.4,5.32,2.64129,1.4,5.32,2.64129,0,0,0,54621,6.61282e+08,1.55977e+14,0,profile_only
L0_relaunch3,ad6bb15,W2,3,308,1,0.825242,0.6,5.67,2.84129,0.6,5.67,2.84129,0,0,0,54621,8.3611e+08,1.56114e+14,0,profile_only
L0_relaunch3,ad6bb15,W2,3,309,1,0.853904,0.3,5.72,2.84129,0.3,5.72,2.84129,0,0,0,54621,6.08278e+08,1.61682e+14,0,profile_only
L0_relaunch3,ad6bb15,W2,3,310,1,0.909307,-0.15,5.87,2.89129,-0.15,5.87,2.89129,0,0,0,54621,6.44948e+08,1.62944e+14,0,profile_only
L0_relaunch3,ad6bb15,W2,3,311,1,0.93543,-0.4,5.92,2.89129,-0.4,5.92,2.89129,0,0,0,54621,5.84212e+08,1.64252e+14,0,profile_only
L0_relaunch3,ad6bb15,W2,3,312,1,0.943045,-0.7,6.02,2.89129,-0.7,6.02,2.89129,0,0,0,54621,5.90389e+08,1.64024e+14,0,profile_only
L0_relaunch3,ad6bb15,W2,3,313,1,0.92615,-0.95,6.07,2.89129,-0.95,6.07,2.89129,0,0,0,54621,6.52675e+08,1.61741e+14,0,profile_only
L0_relaunch3,ad6bb15,W2,3,314,1,0.87172,-1.15,6.12,2.94129,-1.15,6.12,2.94129,0,0,0,54621,6.89375e+08,1.60664e+14,0,profile_only
L0_relaunch3,ad6bb15,W2,3,315,1,0.857057,-1.45,6.17,2.89129,-1.45,6.17,2.89129,0,0,0,54621,6.28999e+08,1.60877e+14,0,profile_only
L0_relaunch3,ad6bb15,W2,3,316,1,0.799387,-1.8,6.27,2.94129,-1.8,6.27,2.94129,0,0,0,54621,6.82336e+08,1.60792e+14,0,profile_only
L0_relaunch3,ad6bb15,W2,3,317,1,0.894883,-2.2,6.32,2.99129,-2.2,6.32,2.99129,0,0,0,54621,6.15501e+08,1.61953e+14,0,profile_only
L0_relaunch3,ad6bb15,W2,3,318,1,0.835359,-2.4,6.37,3.04129,-2.4,6.37,3.04129,0,0,0,54621,4.21483e+08,1.63145e+14,0,profile_only
L0_relaunch3,ad6bb15,W2,3,319,1,0.914817,-2.7,6.37,3.09129,-2.7,6.37,3.09129,0,0,0,54621,3.61484e+08,1.64735e+14,0,profile_only
L0_relaunch3,ad6bb15,W2,3,320,1,0.899331,-2.9,6.37,3.14129,-2.9,6.37,3.14129,0,0,0,54621,4.63137e+08,1.66419e+14,0,profile_only
L0_relaunch3,ad6bb15,W2,3,321,1,0.883793,-3.1,6.37,3.14129,-3.1,6.37,3.14129,0,0,0,54621,5.97276e+08,1.68467e+14,0,profile_only
L0_relaunch3,ad6bb15,W2,3,322,1,0.863924,-3.35,6.37,3.14129,-3.35,6.37,3.14129,0,0,0,54621,4.91157e+08,1.68258e+14,0,profile_only
L0_relaunch3,ad6bb15,W2,3,323,1,0.844948,-3.55,6.37,-3.0919,-3.55,6.37,-3.0919,0,0,0,54621,5.51824e+08,1.66695e+14,0,profile_only
L0_relaunch3,ad6bb15,W2,3,324,1,0.874434,-3.9,6.37,3.14129,-3.9,6.37,3.14129,0,0,0,54621,4.45239e+08,1.65789e+14,0,profile_only
L0_relaunch3,ad6bb15,W2,3,325,1,0.799082,-4.1,6.42,3.14129,-4.1,6.42,3.14129,0,0,0,54621,4.84997e+08,1.60945e+14,0,profile_only
L0_relaunch3,ad6bb15,W2,3,326,1,0.863358,-4.4,6.42,3.09129,-4.4,6.42,3.09129,0,0,0,54621,5.7249e+08,1.5639e+14,0,profile_only
L0_relaunch3,ad6bb15,W2,3,327,1,0.814475,-4.65,6.42,3.04129,-4.65,6.42,3.04129,0,0,0,54621,5.61399e+08,1.50466e+14,0,profile_only
L0_relaunch3,ad6bb15,W2,3,328,1,0.794497,-4.9,6.42,2.99129,-4.9,6.42,2.99129,0,0,0,54621,5.21295e+08,1.46994e+14,0,profile_only
L0_relaunch3,ad6bb15,W2,3,329,1,0.853839,-5.15,6.47,2.89129,-5.15,6.47,2.89129,0,0,0,54621,8.25473e+08,1.42941e+14,0,profile_only
L0_relaunch3,ad6bb15,W2,3,330,1,0.901384,-5.4,6.62,2.79129,-5.4,6.62,2.79129,0,0,0,54621,7.97602e+08,1.37449e+14,0,profile_only
L0_relaunch3,ad6bb15,W2,3,331,1,0.890664,-5.55,6.72,2.64129,-5.55,6.72,2.64129,0,0,0,54621,6.65902e+08,1.30292e+14,0,profile_only
L0_relaunch3,ad6bb15,W2,3,332,1,0.880332,-5.7,6.87,2.49129,-5.7,6.87,2.49129,0,0,0,54621,7.08536e+08,1.24983e+14,0,profile_only
L0_relaunch3,ad6bb15,W2,3,333,1,0.903532,-5.9,7.12,2.34129,-5.9,7.12,2.34129,0,0,0,54621,5.75757e+08,1.18976e+14,0,profile_only
L0_relaunch3,ad6bb15,W2,3,334,1,0.898859,-6,7.32,2.19129,-6,7.32,2.19129,0,0,0,54621,5.72449e+08,1.12114e+14,0,profile_only
L0_relaunch3,ad6bb15,W2,3,335,1,0.885397,-6.15,7.57,2.14129,-6.15,7.57,2.14129,0,0,0,54621,4.00424e+08,1.09042e+14,0,profile_only
L0_relaunch3,ad6bb15,W2,3,336,1,0.883826,-6.25,7.72,2.09129,-6.25,7.72,2.09129,0,0,0,54621,4.50133e+08,1.04317e+14,0,profile_only
L0_relaunch3,ad6bb15,W2,3,337,1,0.875304,-6.3,7.87,2.09129,-6.3,7.87,2.09129,0,0,0,54621,5.50295e+08,1.01415e+14,0,profile_only
L0_relaunch3,ad6bb15,W2,3,338,1,0.849312,-6.4,7.97,2.09129,-6.4,7.97,2.09129,0,0,0,54621,5.18695e+08,9.8949e+13,0,profile_only
L0_relaunch3,ad6bb15,W2,3,339,1,0.917049,-6.5,8.12,2.14129,-6.5,8.12,2.14129,0,0,0,54621,5.28447e+08,9.65156e+13,0,profile_only
L0_relaunch3,ad6bb15,W2,3,340,1,0.938372,-6.6,8.27,2.19129,-6.6,8.27,2.19129,0,0,0,54621,5.53325e+08,9.3139e+13,0,profile_only
L0_relaunch3,ad6bb15,W2,3,341,1,0.893494,-6.65,8.32,2.24129,-6.65,8.32,2.24129,0,0,0,54621,5.76997e+08,8.98135e+13,0,profile_only
L0_relaunch3,ad6bb15,W2,3,342,1,0.913054,-6.8,8.47,2.34129,-6.8,8.47,2.34129,0,0,0,54621,8.27117e+08,8.84737e+13,0,profile_only
L0_relaunch3,ad6bb15,W2,3,343,1,0.931712,-6.95,8.57,2.44129,-6.95,8.57,2.44129,0,0,0,54621,8.15133e+08,8.49495e+13,0,profile_only
L0_relaunch3,ad6bb15,W2,3,344,1,0.863489,-7.15,8.67,2.59129,-7.15,8.67,2.59129,0,0,0,54621,7.03119e+08,8.25023e+13,0,profile_only
L0_relaunch3,ad6bb15,W2,3,345,1,0.847146,-7.3,8.72,2.69129,-7.3,8.72,2.69129,0,0,0,54621,5.84577e+08,8.00784e+13,0,profile_only
L0_relaunch3,ad6bb15,W2,3,346,1,0.810985,-7.45,8.72,2.79129,-7.45,8.72,2.79129,0,0,0,54621,4.68e+08,7.82318e+13,0,profile_only
L0_relaunch3,ad6bb15,W2,3,347,1,0.814554,-7.6,8.77,2.89129,-7.6,8.77,2.89129,0,0,0,54621,6.25409e+08,7.67628e+13,0,profile_only
L0_relaunch3,ad6bb15,W2,3,348,1,0.819633,-7.75,8.77,2.99129,-7.75,8.77,2.99129,0,0,0,54621,5.8574e+08,7.48535e+13,0,profile_only
L0_relaunch3,ad6bb15,W2,3,349,1,0.79404,-8,8.77,3.09129,-8,8.77,3.09129,0,0,0,54621,6.75869e+08,7.45045e+13,0,profile_only
L0_relaunch3,ad6bb15,W2,3,350,1,0.846355,-8.25,8.77,-3.0919,-8.25,8.77,-3.0919,0,0,0,54621,6.07017e+08,7.36231e+13,0,profile_only
L0_relaunch3,ad6bb15,W2,3,351,1,0.806457,-8.35,8.72,-3.0919,-8.35,8.72,-3.0919,0,0,0,54621,5.22519e+08,7.27466e+13,0,profile_only
L0_relaunch3,ad6bb15,W2,3,352,1,0.881468,-8.55,8.72,-3.0419,-8.55,8.72,-3.0419,0,0,0,54621,6.36225e+08,7.25332e+13,0,profile_only
L0_relaunch3,ad6bb15,W2,3,353,1,0.814605,-8.7,8.67,-2.9919,-8.7,8.67,-2.9919,0,0,0,54621,5.7541e+08,7.17629e+13,0,profile_only
L0_relaunch3,ad6bb15,W2,3,354,1,0.829283,-8.8,8.67,-2.9919,-8.8,8.67,-2.9919,0,0,0,54621,5.42064e+08,7.19597e+13,0,profile_only
L0_relaunch3,ad6bb15,W2,3,355,1,0.854681,-8.95,8.62,-2.9419,-8.95,8.62,-2.9419,0,0,0,54621,5.50832e+08,7.17921e+13,0,profile_only
L0_relaunch3,ad6bb15,W2,3,356,1,0.837347,-9.1,8.57,-2.8919,-9.1,8.57,-2.8919,0,0,0,54621,5.25598e+08,7.22798e+13,0,profile_only
L0_relaunch3,ad6bb15,W2,3,357,1,0.752125,-9.25,8.57,-2.8419,-9.25,8.57,-2.8419,0,0,0,54621,5.39092e+08,7.2899e+13,0,profile_only
L0_relaunch3,ad6bb15,W2,3,358,1,0.791112,-9.4,8.47,-2.7919,-9.4,8.47,-2.7919,0,0,0,54621,5.20383e+08,7.3408e+13,0,profile_only
L0_relaunch3,ad6bb15,W2,3,359,1,0.815603,-9.55,8.42,-2.7419,-9.55,8.42,-2.7419,0,0,0,54621,5.22789e+08,7.54805e+13,0,profile_only
L0_relaunch3,ad6bb15,W2,3,360,1,0.801509,-9.7,8.32,-2.6919,-9.7,8.32,-2.6919,0,0,0,54621,5.76712e+08,7.7843e+13,0,profile_only
L0_relaunch3,ad6bb15,W2,3,361,1,0.792813,-9.85,8.22,-2.6419,-9.85,8.22,-2.6419,0,0,0,54621,6.20522e+08,8.11697e+13,0,profile_only
L0_relaunch3,ad6bb15,W2,3,362,1,0.828945,-10.05,8.12,-2.5919,-10.05,8.12,-2.5919,0,0,0,54621,6.91394e+08,8.31685e+13,0,profile_only
L0_relaunch3,ad6bb15,W2,3,363,1,0.835228,-10.1,8.07,-2.5419,-10.1,8.07,-2.5419,0,0,0,54621,6.44704e+08,8.32144e+13,0,profile_only
L0_relaunch3,ad6bb15,W2,3,364,1,0.824814,-10.25,7.92,-2.4919,-10.25,7.92,-2.4919,0,0,0,54621,7.15452e+08,8.40793e+13,0,profile_only
L0_relaunch3,ad6bb15,W2,3,365,1,0.850318,-10.5,7.72,-2.3919,-10.5,7.72,-2.3919,0,0,0,54621,7.7098e+08,8.41079e+13,0,profile_only
L0_relaunch3,ad6bb15,W2,3,366,1,0.838704,-10.65,7.52,-2.2919,-10.65,7.52,-2.2919,0,0,0,54621,7.47455e+08,8.35759e+13,0,profile_only
L0_relaunch3,ad6bb15,W2,3,367,1,0.87937,-10.75,7.37,-2.2419,-10.75,7.37,-2.2419,0,0,0,54621,6.46743e+08,8.37105e+13,0,profile_only
L0_relaunch3,ad6bb15,W2,3,368,1,0.905257,-10.85,7.22,-2.1919,-10.85,7.22,-2.1919,0,0,0,54621,6.77564e+08,8.2947e+13,0,profile_only
L0_relaunch3,ad6bb15,W2,3,369,1,0.828897,-11,7.02,-2.0919,-11,7.02,-2.0919,0,0,0,54621,7.15041e+08,8.16875e+13,0,profile_only
L0_relaunch3,ad6bb15,W2,3,370,1,0.870828,-11.05,6.87,-2.0419,-11.05,6.87,-2.0419,0,0,0,54621,6.26515e+08,7.87169e+13,0,profile_only
L0_relaunch3,ad6bb15,W2,3,371,1,0.838367,-11.1,6.67,-1.9919,-11.1,6.67,-1.9919,0,0,0,54621,7.09415e+08,7.48122e+13,0,profile_only
L0_relaunch3,ad6bb15,W2,3,372,1,0.794217,-11.2,6.42,-1.8919,-11.2,6.42,-1.8919,0,0,0,54621,7.63032e+08,7.27107e+13,0,profile_only
L0_relaunch3,ad6bb15,W2,3,373,1,0.772683,-11.25,6.17,-1.7919,-11.25,6.17,-1.7919,0,0,0,54621,5.96708e+08,7.33073e+13,0,profile_only
L0_relaunch3,ad6bb15,W2,3,374,1,0.825697,-11.25,5.92,-1.7419,-11.25,5.92,-1.7419,0,0,0,54621,5.36941e+08,7.56283e+13,0,profile_only
L0_relaunch3,ad6bb15,W2,3,375,1,0.752926,-11.3,5.67,-1.6419,-11.3,5.67,-1.6419,0,0,0,54621,6.42815e+08,7.87206e+13,0,profile_only
L0_relaunch3,ad6bb15,W2,3,376,1,0.754569,-11.3,5.22,-1.4919,-11.3,5.22,-1.4919,0,0,0,54621,7.62936e+08,8.12947e+13,0,profile_only
L0_relaunch3,ad6bb15,W2,3,377,1,0.782313,-11.15,4.92,-1.3419,-11.15,4.92,-1.3419,0,0,0,54621,7.50408e+08,8.69273e+13,0,profile_only
L0_relaunch3,ad6bb15,W2,3,378,1,0.731465,-11.05,4.67,-1.1919,-11.05,4.67,-1.1919,0,0,0,54621,8.10465e+08,9.11981e+13,0,profile_only
L0_relaunch3,ad6bb15,W2,3,379,1,0.804958,-10.75,4.37,-0.841899,-10.75,4.37,-0.841899,0,0,0,54621,9.8237e+08,9.23346e+13,0,profile_only
L0_relaunch3,ad6bb15,W2,3,380,1,0.762678,-10.5,4.22,-0.591899,-10.5,4.22,-0.591899,0,0,0,54621,8.25099e+08,9.82684e+13,0,profile_only
L0_relaunch3,ad6bb15,W2,3,381,1,0.759117,-9.9,4.07,-0.141899,-9.9,4.07,-0.141899,0,0,0,54621,1.0332e+09,1.02783e+14,0,profile_only
L0_relaunch3,ad6bb15,W2,3,382,1,0.694779,-9.35,4.07,-0.0918989,-9.35,4.07,-0.0918989,0,0,0,54621,8.71711e+08,1.13678e+14,0,profile_only
L0_relaunch3,ad6bb15,W2,3,383,1,0.743135,-8.25,3.92,-0.191899,-8.25,3.92,-0.191899,0,0,0,54621,4.59601e+08,1.23424e+14,0,profile_only
L0_relaunch3,ad6bb15,W2,3,384,1,0.86707,-7.4,3.57,-0.341899,-7.4,3.57,-0.341899,0,0,0,54621,4.47616e+08,1.37835e+14,0,profile_only
L0_relaunch3,ad6bb15,W2,3,385,1,0.820889,-7.2,3.47,-0.391899,-7.2,3.47,-0.391899,0,0,0,54621,5.00084e+08,1.48614e+14,0,profile_only
L0_relaunch3,ad6bb15,W2,3,386,1,0.831124,-6.9,3.32,-0.441899,-6.9,3.32,-0.441899,0,0,0,54621,5.26536e+08,1.5227e+14,0,profile_only
L0_relaunch3,ad6bb15,W2,3,387,1,0.819029,-6.5,3.12,-0.441899,-6.5,3.12,-0.441899,0,0,0,54621,5.7107e+08,1.56914e+14,0,profile_only
L0_relaunch3,ad6bb15,W2,3,388,1,0.798006,-6.15,2.97,-0.441899,-6.15,2.97,-0.441899,0,0,0,54621,6.24186e+08,1.63513e+14,0,profile_only
L0_relaunch3,ad6bb15,W2,3,389,1,0.801147,-5.65,2.72,-0.441899,-5.65,2.72,-0.441899,0,0,0,54621,5.83564e+08,1.6874e+14,0,profile_only
L0_relaunch3,ad6bb15,W2,3,390,1,0.846576,-5.3,2.57,-0.441899,-5.3,2.57,-0.441899,0,0,0,54621,6.08581e+08,1.74078e+14,0,profile_only
L0_relaunch3,ad6bb15,W2,3,391,1,0.794899,-5,2.42,-0.441899,-5,2.42,-0.441899,0,0,0,54621,5.84434e+08,1.78417e+14,0,profile_only
L0_relaunch3,ad6bb15,W2,3,392,1,0.792879,-4.6,2.22,-0.491899,-4.6,2.22,-0.491899,0,0,0,54621,5.46115e+08,1.81286e+14,0,profile_only
L0_relaunch3,ad6bb15,W2,3,393,1,0.793949,-4.05,1.92,-0.491899,-4.05,1.92,-0.491899,0,0,0,54621,5.96805e+08,1.8619e+14,0,profile_only
L0_relaunch3,ad6bb15,W2,3,394,1,0.870069,-3.85,1.77,-0.541899,-3.85,1.77,-0.541899,0,0,0,54621,5.53145e+08,1.90196e+14,0,profile_only
L0_relaunch3,ad6bb15,W2,3,395,1,0.790876,-3.45,1.52,-0.541899,-3.45,1.52,-0.541899,0,0,0,54621,5.83542e+08,1.91149e+14,0,profile_only
L0_relaunch3,ad6bb15,W2,3,396,1,0.793898,-3.4,1.47,-0.641899,-3.4,1.47,-0.641899,0,0,0,54621,4.7863e+08,1.90406e+14,0,profile_only
L0_relaunch3,ad6bb15,W2,3,397,1,0.770877,-3.15,1.27,-0.691899,-3.15,1.27,-0.691899,0,0,0,54621,5.59413e+08,1.89692e+14,0,profile_only
L0_relaunch3,ad6bb15,W2,3,398,1,0.83376,-2.85,0.97,-0.741899,-2.85,0.97,-0.741899,0,0,0,54621,5.40583e+08,1.87992e+14,0,profile_only
L0_relaunch3,ad6bb15,W2,3,399,1,0.804582,-2.65,0.77,-0.741899,-2.65,0.77,-0.741899,0,0,0,54621,5.59124e+08,1.83214e+14,0,profile_only
L0_relaunch3,ad6bb15,W2,3,400,1,0.853966,-2.45,0.57,-0.791899,-2.45,0.57,-0.791899,0,0,0,54621,3.96224e+08,1.81949e+14,0,profile_only
L0_relaunch3,ad6bb15,W2,3,401,1,0.82317,-2.3,0.42,-0.791899,-2.3,0.42,-0.791899,0,0,0,54621,4.74064e+08,1.77658e+14,0,profile_only
L0_relaunch3,ad6bb15,W2,3,402,1,0.839223,-2.1,0.22,-0.741899,-2.1,0.22,-0.741899,0,0,0,54621,6.22862e+08,1.73654e+14,0,profile_only
L0_relaunch3,ad6bb15,W2,3,403,1,0.827117,-1.9,0.07,-0.641899,-1.9,0.07,-0.641899,0,0,0,54621,6.84775e+08,1.69354e+14,0,profile_only
L0_relaunch3,ad6bb15,W2,3,404,1,0.857006,-1.65,-0.08,-0.541899,-1.65,-0.08,-0.541899,0,0,0,54621,6.97523e+08,1.66234e+14,0,profile_only
L0_relaunch3,ad6bb15,W2,3,405,1,0.793231,-1.4,-0.18,-0.441899,-1.4,-0.18,-0.441899,0,0,0,54621,6.54415e+08,1.63762e+14,0,profile_only
L0_relaunch3,ad6bb15,W2,3,406,1,0.783628,-1,-0.33,-0.391899,-1,-0.33,-0.391899,0,0,0,54621,6.66827e+08,1.63899e+14,0,profile_only
L0_relaunch3,ad6bb15,W2,3,407,1,0.828409,-0.5,-0.53,-0.341899,-0.5,-0.53,-0.341899,0,0,0,54621,7.05322e+08,1.62096e+14,0,profile_only
L0_relaunch3,ad6bb15,W2,3,408,1,0.836702,-0.2,-0.58,-0.291899,-0.2,-0.58,-0.291899,0,0,0,54621,6.1147e+08,1.56639e+14,0,profile_only
L0_relaunch3,ad6bb15,W2,3,409,1,0.733061,0.05,-0.68,-0.241899,0.05,-0.68,-0.241899,0,0,0,54621,6.92281e+08,1.54709e+14,0,profile_only
L0_relaunch3,ad6bb15,W2,3,410,1,0.796818,0.45,-0.68,-0.0918989,0.45,-0.68,-0.0918989,0,0,0,54621,7.82558e+08,1.51664e+14,0,profile_only
L0_relaunch3,ad6bb15,W2,3,411,1,0.814892,0.75,-0.68,0.00810113,0.75,-0.68,0.00810113,0,0,0,54621,5.61335e+08,1.50756e+14,0,profile_only
L0_relaunch3,ad6bb15,W2,3,412,1,0.794199,1,-0.63,0.108101,1,-0.63,0.108101,0,0,0,54621,6.65822e+08,1.50027e+14,0,profile_only
L0_relaunch3,ad6bb15,W2,3,413,1,0.697549,1.3,-0.53,0.208101,1.3,-0.53,0.208101,0,0,0,54621,6.44086e+08,1.50503e+14,0,profile_only
L0_relaunch3,ad6bb15,W2,3,414,1,0.755724,1.5,-0.53,0.258101,1.5,-0.53,0.258101,0,0,0,54621,6.45573e+08,1.51033e+14,0,profile_only
L0_relaunch3,ad6bb15,W2,3,415,1,0.848339,1.8,-0.38,0.358101,1.8,-0.38,0.358101,0,0,0,54621,7.83395e+08,1.5026e+14,0,profile_only
L0_relaunch3,ad6bb15,W2,3,416,1,0.901866,2,-0.28,0.458101,2,-0.28,0.458101,0,0,0,54621,6.87218e+08,1.50151e+14,0,profile_only
L0_relaunch3,ad6bb15,W2,3,417,1,0.814003,2.2,-0.18,0.508101,2.2,-0.18,0.508101,0,0,0,54621,6.33193e+08,1.50216e+14,0,profile_only
L0_relaunch3,ad6bb15,W2,3,418,1,0.89941,2.4,0.02,0.608101,2.4,0.02,0.608101,0,0,0,54621,7.10264e+08,1.49063e+14,0,profile_only
L0_relaunch3,ad6bb15,W2,3,419,1,0.868751,2.55,0.12,0.658101,2.55,0.12,0.658101,0,0,0,54621,6.61154e+08,1.49638e+14,0,profile_only
L0_relaunch3,ad6bb15,W2,3,420,1,0.894205,2.75,0.32,0.758101,2.75,0.32,0.758101,0,0,0,54621,8.16282e+08,1.47914e+14,0,profile_only
L0_relaunch3,ad6bb15,W2,3,421,1,0.875406,2.9,0.52,0.858101,2.9,0.52,0.858101,0,0,0,54621,6.74851e+08,1.46506e+14,0,profile_only
L0_relaunch3,ad6bb15,W2,3,422,1,0.878344,3,0.67,0.908101,3,0.67,0.908101,0,0,0,54621,6.43119e+08,1.45899e+14,0,profile_only
L0_relaunch3,ad6bb15,W2,3,423,1,0.856651,3.15,0.92,1.0081,3.15,0.92,1.0081,0,0,0,54621,6.68968e+08,1.44873e+14,0,profile_only
L0_relaunch3,ad6bb15,W2,3,424,1,0.826051,3.25,1.07,1.0581,3.25,1.07,1.0581,0,0,0,54621,6.75003e+08,1.44313e+14,0,profile_only
L0_relaunch3,ad6bb15,W2,3,425,1,0.861305,3.35,1.32,1.1581,3.35,1.32,1.1581,0,0,0,54621,6.86762e+08,1.43495e+14,0,profile_only
L0_relaunch3,ad6bb15,W2,3,426,1,0.831833,3.45,1.62,1.2581,3.45,1.62,1.2581,0,0,0,54621,6.63437e+08,1.428e+14,0,profile_only
L0_relaunch3,ad6bb15,W2,3,427,1,0.777392,3.55,1.92,1.3581,3.55,1.92,1.3581,0,0,0,54621,6.63317e+08,1.42382e+14,0,profile_only
L0_relaunch3,ad6bb15,W2,3,428,1,0.749749,3.55,2.17,1.4581,3.55,2.17,1.4581,0,0,0,54621,6.38034e+08,1.41737e+14,0,profile_only
L0_relaunch3,ad6bb15,W2,3,429,1,0.73301,3.55,2.42,1.5081,3.55,2.42,1.5081,0,0,0,54621,5.9154e+08,1.42122e+14,0,profile_only
L0_relaunch3,ad6bb15,W2,3,430,1,0.705824,3.5,2.72,1.6081,3.5,2.72,1.6081,0,0,0,54621,6.52963e+08,1.41667e+14,0,profile_only
L0_relaunch3,ad6bb15,W2,3,431,1,0.716474,3.45,3.07,1.7081,3.45,3.07,1.7081,0,0,0,54621,7.46067e+08,1.42327e+14,0,profile_only
L0_relaunch3,ad6bb15,W2,3,432,1,0.827971,3.35,3.47,1.8581,3.35,3.47,1.8581,0,0,0,54621,7.81949e+08,1.42338e+14,0,profile_only
L0_relaunch3,ad6bb15,W2,3,433,1,0.868372,3.3,3.62,1.9081,3.3,3.62,1.9081,0,0,0,54621,7.13586e+08,1.44314e+14,0,profile_only
L0_relaunch3,ad6bb15,W2,3,434,1,0.850237,3.05,3.97,2.0081,3.05,3.97,2.0081,0,0,0,54621,7.46192e+08,1.44891e+14,0,profile_only
L0_relaunch3,ad6bb15,W2,3,435,1,0.820591,2.95,4.17,2.1081,2.95,4.17,2.1081,0,0,0,54621,6.90106e+08,1.47884e+14,0,profile_only
L0_relaunch3,ad6bb15,W2,3,436,1,0.929496,2.85,4.32,2.1581,2.85,4.32,2.1581,0,0,0,54621,6.62081e+08,1.48449e+14,0,profile_only
L0_relaunch3,ad6bb15,W2,3,437,1,0.832897,2.7,4.52,2.2581,2.7,4.52,2.2581,0,0,0,54621,6.9726e+08,1.49063e+14,0,profile_only
L0_relaunch3,ad6bb15,W2,3,438,1,0.907233,2.45,4.77,2.3581,2.45,4.77,2.3581,0,0,0,54621,7.03686e+08,1.49699e+14,0,profile_only
L0_relaunch3,ad6bb15,W2,3,439,1,0.933877,2.4,4.82,2.4081,2.4,4.82,2.4081,0,0,0,54621,6.83538e+08,1.5162e+14,0,profile_only
L0_relaunch3,ad6bb15,W2,3,440,1,0.861504,2.15,5.02,2.5081,2.15,5.02,2.5081,0,0,0,54621,7.00558e+08,1.51259e+14,0,profile_only
L0_relaunch3,ad6bb15,W2,3,441,1,0.86876,1.85,5.17,2.6081,1.85,5.17,2.6081,0,0,0,54621,7.11725e+08,1.52093e+14,0,profile_only
L0_relaunch3,ad6bb15,W2,3,442,1,0.829493,1.65,5.27,2.7081,1.65,5.27,2.7081,0,0,0,54621,6.79768e+08,1.53743e+14,0,profile_only
L0_relaunch3,ad6bb15,W2,3,443,1,0.865832,1.25,5.42,2.8081,1.25,5.42,2.8081,0,0,0,54621,6.75567e+08,1.54931e+14,0,profile_only
L0_relaunch3,ad6bb15,W2,3,444,1,0.792618,1.05,5.47,2.8081,1.05,5.47,2.8081,0,0,0,54621,6.18431e+08,1.58014e+14,0,profile_only
L0_relaunch3,ad6bb15,W2,3,445,1,0.871996,0.35,5.72,2.8581,0.35,5.72,2.8581,0,0,0,54621,6.1363e+08,1.58475e+14,0,profile_only
L0_relaunch3,ad6bb15,W2,3,446,1,0.86165,0.05,5.82,2.8581,0.05,5.82,2.8581,0,0,0,54621,5.33246e+08,1.62931e+14,0,profile_only
L0_relaunch3,ad6bb15,W2,3,447,1,0.917049,-0.15,5.87,2.8081,-0.15,5.87,2.8081,0,0,0,54621,5.72469e+08,1.6384e+14,0,profile_only
L0_relaunch3,ad6bb15,W2,3,448,1,0.936529,-0.4,5.97,2.8081,-0.4,5.97,2.8081,0,0,0,54621,5.6871e+08,1.64061e+14,0,profile_only
L0_relaunch3,ad6bb15,W2,3,449,1,0.91768,-0.6,6.02,2.8081,-0.6,6.02,2.8081,0,0,0,54621,6.32007e+08,1.63629e+14,0,profile_only
L0_relaunch3,ad6bb15,W2,3,450,1,0.948849,-0.8,6.12,2.8081,-0.8,6.12,2.8081,0,0,0,54621,6.24953e+08,1.63382e+14,0,profile_only
L0_relaunch3,ad6bb15,W2,3,451,1,0.895532,-0.95,6.17,2.8081,-0.95,6.17,2.8081,0,0,0,54621,5.90922e+08,1.61966e+14,0,profile_only
L0_relaunch3,ad6bb15,W2,3,452,1,0.893849,-1.05,6.22,2.7581,-1.05,6.22,2.7581,0,0,0,54621,5.92603e+08,1.62198e+14,0,profile_only
L0_relaunch3,ad6bb15,W2,3,453,1,0.880561,-1.3,6.32,2.7581,-1.3,6.32,2.7581,0,0,0,54621,6.68918e+08,1.6193e+14,0,profile_only
L0_relaunch3,ad6bb15,W2,3,454,1,0.907849,-1.35,6.37,2.7081,-1.35,6.37,2.7081,0,0,0,54621,5.78009e+08,1.62012e+14,0,profile_only
L0_relaunch3,ad6bb15,W2,3,455,1,0.827828,-1.45,6.42,2.7081,-1.45,6.42,2.7081,0,0,0,54621,6.95426e+08,1.61588e+14,0,profile_only
L0_relaunch3,ad6bb15,W2,3,456,1,0.846482,-1.7,6.52,2.7081,-1.7,6.52,2.7081,0,0,0,54621,6.54465e+08,1.62563e+14,0,profile_only
L0_relaunch3,ad6bb15,W2,3,457,1,0.7834,-1.75,6.57,2.7081,-1.75,6.57,2.7081,0,0,0,54621,3.7057e+08,1.61166e+14,0,profile_only
L0_relaunch3,ad6bb15,W2,3,458,1,0.77564,-1.8,6.57,2.7081,-1.8,6.57,2.7081,0,0,0,54621,2.80539e+08,1.60198e+14,0,profile_only
L0_relaunch3,ad6bb15,W2,3,459,1,0.77593,-1.75,6.57,2.7081,-1.75,6.57,2.7081,0,0,0,54621,1.74198e+08,1.60166e+14,0,profile_only
L0_relaunch3,ad6bb15,W2,3,460,1,0.770499,-1.8,6.57,2.7081,-1.8,6.57,2.7081,0,0,0,54621,2.80484e+08,1.60194e+14,0,profile_only
L0_relaunch3,ad6bb15,W2,3,461,1,0.772244,-1.75,6.57,2.7081,-1.75,6.57,2.7081,0,0,0,54621,1.74208e+08,1.60162e+14,0,profile_only
L0_relaunch3,ad6bb15,W2,3,462,1,0.77281,-1.75,6.57,2.7081,-1.75,6.57,2.7081,0,0,0,54621,2.70347e+08,1.60183e+14,0,profile_only
L0_relaunch3,ad6bb15,W2,3,463,1,0.767071,-1.75,6.57,2.7081,-1.75,6.57,2.7081,0,0,0,54621,2.91501e+08,1.60205e+14,0,profile_only
L0_relaunch3,ad6bb15,W2,3,464,1,0.780425,-1.8,6.57,2.7081,-1.8,6.57,2.7081,0,0,0,54621,2.7043e+08,1.6019e+14,0,profile_only
L0_relaunch3,ad6bb15,W2,3,465,1,0.788896,-1.75,6.57,2.7081,-1.75,6.57,2.7081,0,0,0,54621,1.74263e+08,1.60151e+14,0,profile_only
L0_relaunch3,ad6bb15,W2,3,466,1,0.782866,-1.8,6.57,2.7081,-1.8,6.57,2.7081,0,0,0,54621,2.70443e+08,1.60182e+14,0,profile_only
L0_relaunch3,ad6bb15,W2,3,467,1,0.77614,-1.75,6.57,2.7081,-1.75,6.57,2.7081,0,0,0,54621,1.74202e+08,1.60165e+14,0,profile_only
L0_relaunch3,ad6bb15,W2,3,468,1,0.775041,-1.75,6.57,2.7081,-1.75,6.57,2.7081,0,0,0,54621,2.70417e+08,1.60196e+14,0,profile_only
L0_relaunch3,ad6bb15,W2,3,469,1,0.773942,-1.75,6.57,2.7081,-1.75,6.57,2.7081,0,0,0,54621,2.70353e+08,1.602e+14,0,profile_only
L0_relaunch3,ad6bb15,W2,3,470,1,0.774007,-1.8,6.57,2.7081,-1.8,6.57,2.7081,0,0,0,54621,2.52278e+08,1.60197e+14,0,profile_only
L0_relaunch3,ad6bb15,W2,3,471,1,0.786519,-1.75,6.57,2.7081,-1.75,6.57,2.7081,0,0,0,54621,1.74212e+08,1.60161e+14,0,profile_only
L0_relaunch3,ad6bb15,W2,3,472,1,0.785808,-1.75,6.57,2.7081,-1.75,6.57,2.7081,0,0,0,54621,2.70398e+08,1.60196e+14,0,profile_only
L0_relaunch3,ad6bb15,W2,3,473,1,0.782656,-1.8,6.57,2.7081,-1.8,6.57,2.7081,0,0,0,54621,2.70455e+08,1.60183e+14,0,profile_only
L0_relaunch3,ad6bb15,W2,3,474,1,0.783011,-1.75,6.57,2.7081,-1.75,6.57,2.7081,0,0,0,54621,1.74176e+08,1.60161e+14,0,profile_only
