version,git_sha,workload,run_id,frame_id,ok,best_score,pose_x,pose_y,pose_yaw,baseline_pose_x,baseline_pose_y,baseline_pose_yaw,pose_dx,pose_dy,pose_dyaw,candidate_count,top10_checksum,score_checksum,max_abs_diff,note
L2_final_branch_th0,ad6bb15,W2,0,0,1,0.846594,-2,6.82,-3.02553,-2,6.82,-3.02553,0,0,0,54621,2.89395e+08,1.64842e+14,0,profile_only
L2_final_branch_th0,ad6bb15,W2,0,1,1,0.834195,-2,6.82,-3.02553,-2,6.82,-3.02553,0,0,0,54621,2.88383e+08,1.64832e+14,0,profile_only
L2_final_branch_th0,ad6bb15,W2,0,2,1,0.852156,-2,6.82,-3.02553,-2,6.82,-3.02553,0,0,0,54621,2.89395e+08,1.64844e+14,0,profile_only
L2_final_branch_th0,ad6bb15,W2,0,3,1,0.842553,-2,6.82,-3.02553,-2,6.82,-3.02553,0,0,0,54621,2.16693e+08,1.64829e+14,0,profile_only
L2_final_branch_th0,ad6bb15,W2,0,4,1,0.854742,-2,6.82,-3.02553,-2,6.82,-3.02553,0,0,0,54621,2.19616e+08,1.64843e+14,0,profile_only
L2_final_branch_th0,ad6bb15,W2,0,5,1,0.854887,-2,6.82,-3.02553,-2,6.82,-3.02553,0,0,0,54621,2.81298e+08,1.64832e+14,0,profile_only
L2_final_branch_th0,ad6bb15,W2,0,6,1,0.845285,-2,6.82,-3.02553,-2,6.82,-3.02553,0,0,0,54621,2.89435e+08,1.64832e+14,0,profile_only
L2_final_branch_th0,ad6bb15,W2,0,7,1,0.852689,-2,6.82,-3.02553,-2,6.82,-3.02553,0,0,0,54621,2.83615e+08,1.64837e+14,0,profile_only
L2_final_branch_th0,ad6bb15,W2,0,8,1,0.855098,-2,6.82,-3.02553,-2,6.82,-3.02553,0,0,0,54621,2.63489e+08,1.64834e+14,0,profile_only
L2_final_branch_th0,ad6bb15,W2,0,9,1,0.843409,-2,6.82,-3.02553,-2,6.82,-3.02553,0,0,0,54621,2.89355e+08,1.64845e+14,0,profile_only
L2_final_branch_th0,ad6bb15,W2,0,10,1,0.844752,-2,6.82,-3.02553,-2,6.82,-3.02553,0,0,0,54621,2.8943e+08,1.64842e+14,0,profile_only
L2_final_branch_th0,ad6bb15,W2,0,11,1,0.853288,-2,6.82,-3.02553,-2,6.82,-3.02553,0,0,0,54621,2.17713e+08,1.64845e+14,0,profile_only
L2_final_branch_th0,ad6bb15,W2,0,12,1,0.838058,-2,6.82,-3.02553,-2,6.82,-3.02553,0,0,0,54621,2.08665e+08,1.64827e+14,0,profile_only
L2_final_branch_th0,ad6bb15,W2,0,13,1,0.857118,-2.05,6.82,-3.02553,-2.05,6.82,-3.02553,0,0,0,54621,2.68683e+08,1.6487e+14,0,profile_only
L2_final_branch_th0,ad6bb15,W2,0,14,1,0.833854,-2.2,6.82,-3.02553,-2.2,6.82,-3.02553,0,0,0,54621,2.0267e+08,1.64995e+14,0,profile_only
L2_final_branch_th0,ad6bb15,W2,0,15,1,0.794199,-2.4,6.82,-3.02553,-2.4,6.82,-3.02553,0,0,0,54621,5.06834e+08,1.65167e+14,0,profile_only
L2_final_branch_th0,ad6bb15,W2,0,16,1,0.849606,-2.95,6.72,-3.02553,-2.95,6.72,-3.02553,0,0,0,54621,5.63359e+08,1.6603e+14,0,profile_only
L2_final_branch_th0,ad6bb15,W2,0,17,1,0.917792,-3.4,6.67,-2.97553,-3.4,6.67,-2.97553,0,0,0,54621,5.98385e+08,1.67242e+14,0,profile_only
L2_final_branch_th0,ad6bb15,W2,0,18,1,0.923952,-3.7,6.62,-2.92553,-3.7,6.62,-2.92553,0,0,0,54621,6.10428e+08,1.65921e+14,0,profile_only
L2_final_branch_th0,ad6bb15,W2,0,19,1,0.816916,-4.1,6.52,-2.92553,-4.1,6.52,-2.92553,0,0,0,54621,6.7227e+08,1.61235e+14,0,profile_only
L2_final_branch_th0,ad6bb15,W2,0,20,1,0.817533,-4.6,6.47,-3.12553,-4.6,6.47,-3.12553,0,0,0,54621,3.82418e+08,1.56869e+14,0,profile_only
L2_final_branch_th0,ad6bb15,W2,0,21,1,0.829976,-4.95,6.57,2.95766,-4.95,6.57,2.95766,0,0,0,54621,3.58139e+08,1.48222e+14,0,profile_only
L2_final_branch_th0,ad6bb15,W2,0,22,1,0.864537,-5.35,6.82,2.65766,-5.35,6.82,2.65766,0,0,0,54621,3.95629e+08,1.38012e+14,0,profile_only
L2_final_branch_th0,ad6bb15,W2,0,23,1,0.88819,-5.6,7.02,2.35766,-5.6,7.02,2.35766,0,0,0,54621,4.34001e+08,1.25367e+14,0,profile_only
L2_final_branch_th0,ad6bb15,W2,0,24,1,0.869177,-5.8,7.37,2.15766,-5.8,7.37,2.15766,0,0,0,54621,3.76713e+08,1.18171e+14,0,profile_only
L2_final_branch_th0,ad6bb15,W2,0,25,1,0.919602,-6.05,7.77,2.10766,-6.05,7.77,2.10766,0,0,0,54621,5.92383e+08,1.11276e+14,0,profile_only
L2_final_branch_th0,ad6bb15,W2,0,26,1,0.900365,-6.2,8.02,2.10766,-6.2,8.02,2.10766,0,0,0,54621,4.59472e+08,1.02815e+14,0,profile_only
L2_final_branch_th0,ad6bb15,W2,0,27,1,0.918227,-6.3,8.22,2.10766,-6.3,8.22,2.10766,0,0,0,54621,4.60191e+08,9.75232e+13,0,profile_only
L2_final_branch_th0,ad6bb15,W2,0,28,1,0.92421,-6.5,8.47,2.20766,-6.5,8.47,2.20766,0,0,0,54621,5.61967e+08,9.33892e+13,0,profile_only
L2_final_branch_th0,ad6bb15,W2,0,29,1,0.927783,-6.65,8.62,2.30766,-6.65,8.62,2.30766,0,0,0,54621,8.21121e+08,8.77843e+13,0,profile_only
L2_final_branch_th0,ad6bb15,W2,0,30,1,0.868034,-6.8,8.72,2.45766,-6.8,8.72,2.45766,0,0,0,54621,8.51269e+08,8.45257e+13,0,profile_only
L2_final_branch_th0,ad6bb15,W2,0,31,1,0.914364,-7,8.82,2.60766,-7,8.82,2.60766,0,0,0,54621,8.39571e+08,8.26267e+13,0,profile_only
L2_final_branch_th0,ad6bb15,W2,0,32,1,0.875261,-7.25,8.92,2.75766,-7.25,8.92,2.75766,0,0,0,54621,7.06191e+08,8.04721e+13,0,profile_only
L2_final_branch_th0,ad6bb15,W2,0,33,1,0.812679,-7.5,8.97,2.95766,-7.5,8.97,2.95766,0,0,0,54621,5.89629e+08,7.80368e+13,0,profile_only
L2_final_branch_th0,ad6bb15,W2,0,34,1,0.78418,-7.75,8.92,3.10766,-7.75,8.92,3.10766,0,0,0,54621,6.96379e+08,7.68534e+13,0,profile_only
L2_final_branch_th0,ad6bb15,W2,0,35,1,0.797,-8,8.87,-3.02553,-8,8.87,-3.02553,0,0,0,54621,6.56269e+08,7.63032e+13,0,profile_only
L2_final_branch_th0,ad6bb15,W2,0,36,1,0.779231,-8.2,8.82,-2.92553,-8.2,8.82,-2.92553,0,0,0,54621,6.44358e+08,7.46247e+13,0,profile_only
L2_final_branch_th0,ad6bb15,W2,0,37,1,0.807589,-8.45,8.72,-2.87553,-8.45,8.72,-2.87553,0,0,0,54621,6.63636e+08,7.37054e+13,0,profile_only
L2_final_branch_th0,ad6bb15,W2,0,38,1,0.816804,-8.8,8.62,-2.82553,-8.8,8.62,-2.82553,0,0,0,54621,6.03804e+08,7.37386e+13,0,profile_only
L2_final_branch_th0,ad6bb15,W2,0,39,1,0.807103,-9.1,8.52,-2.82553,-9.1,8.52,-2.82553,0,0,0,54621,5.79136e+08,7.39823e+13,0,profile_only
L2_final_branch_th0,ad6bb15,W2,0,40,1,0.770456,-9.35,8.47,-2.82553,-9.35,8.47,-2.82553,0,0,0,54621,5.7933e+08,7.51353e+13,0,profile_only
L2_final_branch_th0,ad6bb15,W2,0,41,1,0.764924,-9.6,8.37,-2.77553,-9.6,8.37,-2.77553,0,0,0,54621,5.68542e+08,7.74118e+13,0,profile_only
L2_final_branch_th0,ad6bb15,W2,0,42,1,0.847857,-9.8,8.27,-2.77553,-9.8,8.27,-2.77553,0,0,0,54621,5.78864e+08,8.09427e+13,0,profile_only
L2_final_branch_th0,ad6bb15,W2,0,43,1,0.766256,-10.15,8.12,-2.72553,-10.15,8.12,-2.72553,0,0,0,54621,6.56335e+08,8.28159e+13,0,profile_only
L2_final_branch_th0,ad6bb15,W2,0,44,1,0.847066,-10.2,8.12,-2.72553,-10.2,8.12,-2.72553,0,0,0,54621,6.15863e+08,8.17698e+13,0,profile_only
L2_final_branch_th0,ad6bb15,W2,0,45,1,0.861181,-10.4,8.02,-2.67553,-10.4,8.02,-2.67553,0,0,0,54621,7.21504e+08,8.192e+13,0,profile_only
L2_final_branch_th0,ad6bb15,W2,0,46,1,0.861083,-10.65,7.82,-2.57553,-10.65,7.82,-2.57553,0,0,0,54621,6.98263e+08,8.15981e+13,0,profile_only
L2_final_branch_th0,ad6bb15,W2,0,47,1,0.899563,-10.8,7.72,-2.52553,-10.8,7.72,-2.52553,0,0,0,54621,6.13226e+08,8.10423e+13,0,profile_only
L2_final_branch_th0,ad6bb15,W2,0,48,1,0.915629,-10.95,7.57,-2.47553,-10.95,7.57,-2.47553,0,0,0,54621,6.61215e+08,7.99538e+13,0,profile_only
L2_final_branch_th0,ad6bb15,W2,0,49,1,0.927196,-11.05,7.47,-2.42553,-11.05,7.47,-2.42553,0,0,0,54621,6.49607e+08,7.93607e+13,0,profile_only
L2_final_branch_th0,ad6bb15,W2,0,50,1,0.916367,-11.2,7.32,-2.32553,-11.2,7.32,-2.32553,0,0,0,54621,6.84579e+08,7.88333e+13,0,profile_only
L2_final_branch_th0,ad6bb15,W2,0,51,1,0.879324,-11.25,7.22,-2.27553,-11.25,7.22,-2.27553,0,0,0,54621,7.16787e+08,7.80883e+13,0,profile_only
L2_final_branch_th0,ad6bb15,W2,0,52,1,0.857795,-11.4,7.02,-2.17553,-11.4,7.02,-2.17553,0,0,0,54621,7.16436e+08,7.67632e+13,0,profile_only
L2_final_branch_th0,ad6bb15,W2,0,53,1,0.806116,-11.45,6.87,-2.07553,-11.45,6.87,-2.07553,0,0,0,54621,8.00866e+08,7.48194e+13,0,profile_only
L2_final_branch_th0,ad6bb15,W2,0,54,1,0.784764,-11.55,6.62,-1.97553,-11.55,6.62,-1.97553,0,0,0,54621,7.97029e+08,7.38914e+13,0,profile_only
L2_final_branch_th0,ad6bb15,W2,0,55,1,0.7878,-11.6,6.37,-1.82553,-11.6,6.37,-1.82553,0,0,0,54621,7.39298e+08,7.49173e+13,0,profile_only
L2_final_branch_th0,ad6bb15,W2,0,56,1,0.802463,-11.6,6.17,-1.72553,-11.6,6.17,-1.72553,0,0,0,54621,6.14563e+08,7.54619e+13,0,profile_only
L2_final_branch_th0,ad6bb15,W2,0,57,1,0.75671,-11.6,5.97,-1.62553,-11.6,5.97,-1.62553,0,0,0,54621,5.67496e+08,7.68926e+13,0,profile_only
L2_final_branch_th0,ad6bb15,W2,0,58,1,0.764031,-11.6,5.67,-1.52553,-11.6,5.67,-1.52553,0,0,0,54621,6.45519e+08,7.63869e+13,0,profile_only
L2_final_branch_th0,ad6bb15,W2,0,59,1,0.803524,-11.5,5.37,-1.37553,-11.5,5.37,-1.37553,0,0,0,54621,7.44872e+08,7.90227e+13,0,profile_only
L2_final_branch_th0,ad6bb15,W2,0,60,1,0.761528,-11.45,5.17,-1.27553,-11.45,5.17,-1.27553,0,0,0,54621,6.61301e+08,8.43447e+13,0,profile_only
L2_final_branch_th0,ad6bb15,W2,0,61,1,0.716254,-11.3,4.92,-1.17553,-11.3,4.92,-1.17553,0,0,0,54621,6.67228e+08,8.58942e+13,0,profile_only
L2_final_branch_th0,ad6bb15,W2,0,62,1,0.779246,-10.95,4.52,-0.825528,-10.95,4.52,-0.825528,0,0,0,54621,1.00519e+09,8.92015e+13,0,profile_only
L2_final_branch_th0,ad6bb15,W2,0,63,1,0.708245,-10.65,4.32,-0.575528,-10.65,4.32,-0.575528,0,0,0,54621,6.96604e+08,9.60605e+13,0,profile_only
L2_final_branch_th0,ad6bb15,W2,0,64,1,0.75197,-9.65,4.17,-0.125528,-9.65,4.17,-0.125528,0,0,0,54621,9.80039e+08,1.00102e+14,0,profile_only
L2_final_branch_th0,ad6bb15,W2,0,65,1,0.665142,-9,4.12,-0.125528,-9,4.12,-0.125528,0,0,0,54621,5.34096e+08,1.1669e+14,0,profile_only
L2_final_branch_th0,ad6bb15,W2,0,66,1,0.795091,-7.95,3.72,-0.425528,-7.95,3.72,-0.425528,0,0,0,54621,2.97305e+08,1.2806e+14,0,profile_only
L2_final_branch_th0,ad6bb15,W2,0,67,1,0.802322,-7.45,3.42,-0.425528,-7.45,3.42,-0.425528,0,0,0,54621,6.02689e+08,1.43023e+14,0,profile_only
L2_final_branch_th0,ad6bb15,W2,0,68,1,0.888188,-7.2,3.32,-0.475528,-7.2,3.32,-0.475528,0,0,0,54621,5.7355e+08,1.49923e+14,0,profile_only
L2_final_branch_th0,ad6bb15,W2,0,69,1,0.873927,-7.05,3.22,-0.475528,-7.05,3.22,-0.475528,0,0,0,54621,5.54365e+08,1.53407e+14,0,profile_only
L2_final_branch_th0,ad6bb15,W2,0,70,1,0.846714,-6.9,3.12,-0.475528,-6.9,3.12,-0.475528,0,0,0,54621,4.7731e+08,1.55958e+14,0,profile_only
L2_final_branch_th0,ad6bb15,W2,0,71,1,0.859849,-6.65,3.02,-0.525528,-6.65,3.02,-0.525528,0,0,0,54621,5.56347e+08,1.58739e+14,0,profile_only
L2_final_branch_th0,ad6bb15,W2,0,72,1,0.86008,-6.45,2.87,-0.525528,-6.45,2.87,-0.525528,0,0,0,54621,5.59415e+08,1.62402e+14,0,profile_only
L2_final_branch_th0,ad6bb15,W2,0,73,1,0.804919,-6.25,2.77,-0.575528,-6.25,2.77,-0.575528,0,0,0,54621,5.79519e+08,1.6616e+14,0,profile_only
L2_final_branch_th0,ad6bb15,W2,0,74,1,0.848243,-5.95,2.57,-0.575528,-5.95,2.57,-0.575528,0,0,0,54621,5.94604e+08,1.6915e+14,0,profile_only
L2_final_branch_th0,ad6bb15,W2,0,75,1,0.797986,-5.75,2.42,-0.575528,-5.75,2.42,-0.575528,0,0,0,54621,5.94337e+08,1.73165e+14,0,profile_only
L2_final_branch_th0,ad6bb15,W2,0,76,1,0.866917,-5.35,2.12,-0.625528,-5.35,2.12,-0.625528,0,0,0,54621,5.62276e+08,1.75182e+14,0,profile_only
L2_final_branch_th0,ad6bb15,W2,0,77,1,0.856264,-5.2,2.02,-0.625528,-5.2,2.02,-0.625528,0,0,0,54621,6.37688e+08,1.7928e+14,0,profile_only
L2_final_branch_th0,ad6bb15,W2,0,78,1,0.824594,-5,1.87,-0.625528,-5,1.87,-0.625528,0,0,0,54621,6.0791e+08,1.80527e+14,0,profile_only
L2_final_branch_th0,ad6bb15,W2,0,79,1,0.865705,-4.65,1.62,-0.625528,-4.65,1.62,-0.625528,0,0,0,54621,6.23115e+08,1.82626e+14,0,profile_only
L2_final_branch_th0,ad6bb15,W2,0,80,1,0.803094,-4.5,1.52,-0.575528,-4.5,1.52,-0.575528,0,0,0,54621,6.60139e+08,1.8621e+14,0,profile_only
L2_final_branch_th0,ad6bb15,W2,0,81,1,0.808884,-4.05,1.27,-0.525528,-4.05,1.27,-0.525528,0,0,0,54621,6.38302e+08,1.88101e+14,0,profile_only
L2_final_branch_th0,ad6bb15,W2,0,82,1,0.778908,-3.95,1.22,-0.475528,-3.95,1.22,-0.475528,0,0,0,54621,6.40467e+08,1.91506e+14,0,profile_only
L2_final_branch_th0,ad6bb15,W2,0,83,1,0.834068,-3.9,1.22,-0.425528,-3.9,1.22,-0.425528,0,0,0,54621,6.74084e+08,1.91317e+14,0,profile_only
L2_final_branch_th0,ad6bb15,W2,0,84,1,0.799086,-3.75,1.17,-0.425528,-3.75,1.17,-0.425528,0,0,0,54621,6.2316e+08,1.90444e+14,0,profile_only
L2_final_branch_th0,ad6bb15,W2,0,85,1,0.870958,-3.45,1.02,-0.425528,-3.45,1.02,-0.425528,0,0,0,54621,5.6173e+08,1.88071e+14,0,profile_only
L2_final_branch_th0,ad6bb15,W2,0,86,1,0.908658,-3.25,0.92,-0.475528,-3.25,0.92,-0.475528,0,0,0,54621,4.63017e+08,1.85989e+14,0,profile_only
L2_final_branch_th0,ad6bb15,W2,0,87,1,0.908077,-3.05,0.82,-0.525528,-3.05,0.82,-0.525528,0,0,0,54621,4.88475e+08,1.84854e+14,0,profile_only
L2_final_branch_th0,ad6bb15,W2,0,88,1,0.841342,-2.9,0.72,-0.575528,-2.9,0.72,-0.575528,0,0,0,54621,5.24953e+08,1.82998e+14,0,profile_only
L2_final_branch_th0,ad6bb15,W2,0,89,1,0.812632,-2.7,0.57,-0.575528,-2.7,0.57,-0.575528,0,0,0,54621,5.5058e+08,1.82837e+14,0,profile_only
L2_final_branch_th0,ad6bb15,W2,0,90,1,0.789705,-2.5,0.42,-0.625528,-2.5,0.42,-0.625528,0,0,0,54621,5.55163e+08,1.81349e+14,0,profile_only
L2_final_branch_th0,ad6bb15,W2,0,91,1,0.777552,-2.3,0.27,-0.625528,-2.3,0.27,-0.625528,0,0,0,54621,5.89651e+08,1.76701e+14,0,profile_only
L2_final_branch_th0,ad6bb15,W2,0,92,1,0.914041,-1.95,0.02,-0.575528,-1.95,0.02,-0.575528,0,0,0,54621,5.9778e+08,1.72452e+14,0,profile_only
L2_final_branch_th0,ad6bb15,W2,0,93,1,0.806827,-1.7,-0.13,-0.525528,-1.7,-0.13,-0.525528,0,0,0,54621,6.25583e+08,1.66817e+14,0,profile_only
L2_final_branch_th0,ad6bb15,W2,0,94,1,0.826548,-1.2,-0.33,-0.375528,-1.2,-0.33,-0.375528,0,0,0,54621,6.62278e+08,1.63898e+14,0,profile_only
L2_final_branch_th0,ad6bb15,W2,0,95,1,0.807843,-0.8,-0.43,-0.275528,-0.8,-0.43,-0.275528,0,0,0,54621,6.87951e+08,1.61316e+14,0,profile_only
L2_final_branch_th0,ad6bb15,W2,0,96,1,0.786654,-0.4,-0.48,-0.175528,-0.4,-0.48,-0.175528,0,0,0,54621,7.62614e+08,1.59219e+14,0,profile_only
L2_final_branch_th0,ad6bb15,W2,0,97,1,0.86153,-0.05,-0.53,-0.0755283,-0.05,-0.53,-0.0755283,0,0,0,54621,6.38685e+08,1.57781e+14,0,profile_only
L2_final_branch_th0,ad6bb15,W2,0,98,1,0.721547,0.3,-0.53,0.0244717,0.3,-0.53,0.0244717,0,0,0,54621,4.62313e+08,1.55788e+14,0,profile_only
L2_final_branch_th0,ad6bb15,W2,0,99,1,0.74549,0.6,-0.48,0.0744717,0.6,-0.48,0.0744717,0,0,0,54621,6.73407e+08,1.54181e+14,0,profile_only
L2_final_branch_th0,ad6bb15,W2,0,100,1,0.879055,0.9,-0.43,0.174472,0.9,-0.43,0.174472,0,0,0,54621,7.31779e+08,1.52939e+14,0,profile_only
L2_final_branch_th0,ad6bb15,W2,0,101,1,0.747641,1.05,-0.38,0.224472,1.05,-0.38,0.224472,0,0,0,54621,6.05133e+08,1.52183e+14,0,profile_only
L2_final_branch_th0,ad6bb15,W2,0,102,1,0.779754,1.35,-0.28,0.274472,1.35,-0.28,0.274472,0,0,0,54621,6.19379e+08,1.53041e+14,0,profile_only
L2_final_branch_th0,ad6bb15,W2,0,103,1,0.790245,1.6,-0.18,0.324472,1.6,-0.18,0.324472,0,0,0,54621,5.84104e+08,1.52135e+14,0,profile_only
L2_final_branch_th0,ad6bb15,W2,0,104,1,0.778937,1.8,-0.13,0.324472,1.8,-0.13,0.324472,0,0,0,54621,5.89797e+08,1.51568e+14,0,profile_only
L2_final_branch_th0,ad6bb15,W2,0,105,1,0.871118,1.95,-0.08,0.374472,1.95,-0.08,0.374472,0,0,0,54621,6.52084e+08,1.49827e+14,0,profile_only
L2_final_branch_th0,ad6bb15,W2,0,106,1,0.838334,2.2,0.02,0.424472,2.2,0.02,0.424472,0,0,0,54621,7.13354e+08,1.49873e+14,0,profile_only
L2_final_branch_th0,ad6bb15,W2,0,107,1,0.848307,2.4,0.17,0.474472,2.4,0.17,0.474472,0,0,0,54621,7.36953e+08,1.485e+14,0,profile_only
L2_final_branch_th0,ad6bb15,W2,0,108,1,0.857394,2.65,0.37,0.574472,2.65,0.37,0.574472,0,0,0,54621,7.13725e+08,1.47936e+14,0,profile_only
L2_final_branch_th0,ad6bb15,W2,0,109,1,0.851379,2.8,0.47,0.624472,2.8,0.47,0.624472,0,0,0,54621,6.41973e+08,1.46251e+14,0,profile_only
L2_final_branch_th0,ad6bb15,W2,0,110,1,0.858493,2.95,0.57,0.674472,2.95,0.57,0.674472,0,0,0,54621,6.58034e+08,1.43806e+14,0,profile_only
L2_final_branch_th0,ad6bb15,W2,0,111,1,0.902839,3.1,0.77,0.824472,3.1,0.77,0.824472,0,0,0,54621,6.86854e+08,1.41304e+14,0,profile_only
L2_final_branch_th0,ad6bb15,W2,0,112,1,0.848231,3.2,0.92,0.924472,3.2,0.92,0.924472,0,0,0,54621,6.44324e+08,1.41205e+14,0,profile_only
L2_final_branch_th0,ad6bb15,W2,0,113,1,0.900383,3.3,1.07,1.02447,3.3,1.07,1.02447,0,0,0,54621,6.79431e+08,1.42035e+14,0,profile_only
L2_final_branch_th0,ad6bb15,W2,0,114,1,0.853469,3.35,1.22,1.12447,3.35,1.22,1.12447,0,0,0,54621,6.83908e+08,1.4229e+14,0,profile_only
L2_final_branch_th0,ad6bb15,W2,0,115,1,0.842698,3.45,1.52,1.27447,3.45,1.52,1.27447,0,0,0,54621,7.76709e+08,1.42979e+14,0,profile_only
L2_final_branch_th0,ad6bb15,W2,0,116,1,0.802253,3.45,1.72,1.37447,3.45,1.72,1.37447,0,0,0,54621,7.24598e+08,1.43553e+14,0,profile_only
L2_final_branch_th0,ad6bb15,W2,0,117,1,0.862001,3.45,1.97,1.52447,3.45,1.97,1.52447,0,0,0,54621,7.40239e+08,1.44725e+14,0,profile_only
L2_final_branch_th0,ad6bb15,W2,0,118,1,0.832838,3.45,2.27,1.67447,3.45,2.27,1.67447,0,0,0,54621,7.28234e+08,1.45517e+14,0,profile_only
L2_final_branch_th0,ad6bb15,W2,0,119,1,0.722958,3.4,2.47,1.77447,3.4,2.47,1.77447,0,0,0,54621,6.49301e+08,1.46214e+14,0,profile_only
L2_final_branch_th0,ad6bb15,W2,0,120,1,0.747079,3.25,2.72,1.87447,3.25,2.72,1.87447,0,0,0,54621,6.46208e+08,1.4593e+14,0,profile_only
L2_final_branch_th0,ad6bb15,W2,0,121,1,0.830219,3.2,2.92,1.97447,3.2,2.92,1.97447,0,0,0,54621,6.75719e+08,1.47621e+14,0,profile_only
L2_final_branch_th0,ad6bb15,W2,0,122,1,0.859382,3.1,3.07,2.02447,3.1,3.07,2.02447,0,0,0,54621,6.38692e+08,1.47904e+14,0,profile_only
L2_final_branch_th0,ad6bb15,W2,0,123,1,0.801056,3,3.22,2.07447,3,3.22,2.07447,0,0,0,54621,6.87795e+08,1.4869e+14,0,profile_only
L2_final_branch_th0,ad6bb15,W2,0,124,1,0.879175,2.8,3.47,2.17447,2.8,3.47,2.17447,0,0,0,54621,7.33668e+08,1.4918e+14,0,profile_only
L2_final_branch_th0,ad6bb15,W2,0,125,1,0.908208,2.7,3.57,2.22447,2.7,3.57,2.22447,0,0,0,54621,6.73133e+08,1.51608e+14,0,profile_only
L2_final_branch_th0,ad6bb15,W2,0,126,1,0.893624,2.65,3.67,2.27447,2.65,3.67,2.27447,0,0,0,54621,6.72292e+08,1.52021e+14,0,profile_only
L2_final_branch_th0,ad6bb15,W2,0,127,1,0.80945,2.35,3.92,2.37447,2.35,3.92,2.37447,0,0,0,54621,7.05767e+08,1.49868e+14,0,profile_only
L2_final_branch_th0,ad6bb15,W2,0,128,1,0.819811,2.2,4.07,2.42447,2.2,4.07,2.42447,0,0,0,54621,6.453e+08,1.50289e+14,0,profile_only
L2_final_branch_th0,ad6bb15,W2,0,129,1,0.898025,2.1,4.17,2.42447,2.1,4.17,2.42447,0,0,0,54621,6.25872e+08,1.4984e+14,0,profile_only
L2_final_branch_th0,ad6bb15,W2,0,130,1,0.939827,1.7,4.47,2.47447,1.7,4.47,2.47447,0,0,0,54621,6.48302e+08,1.51076e+14,0,profile_only
L2_final_branch_th0,ad6bb15,W2,0,131,1,0.914981,1.55,4.57,2.47447,1.55,4.57,2.47447,0,0,0,54621,6.22317e+08,1.54059e+14,0,profile_only
L2_final_branch_th0,ad6bb15,W2,0,132,1,0.848557,1.55,4.62,2.47447,1.55,4.62,2.47447,0,0,0,54621,6.57277e+08,1.55662e+14,0,profile_only
L2_final_branch_th0,ad6bb15,W2,0,133,1,0.842767,0.95,5.02,2.52447,0.95,5.02,2.52447,0,0,0,54621,6.56053e+08,1.55184e+14,0,profile_only
L2_final_branch_th0,ad6bb15,W2,0,134,1,0.875228,0.4,5.37,2.57447,0.4,5.37,2.57447,0,0,0,54621,6.81516e+08,1.59245e+14,0,profile_only
L2_final_branch_th0,ad6bb15,W2,0,135,1,0.950369,0.05,5.57,2.62447,0.05,5.57,2.62447,0,0,0,54621,6.63085e+08,1.6226e+14,0,profile_only
L2_final_branch_th0,ad6bb15,W2,0,136,1,0.930935,-0.2,5.72,2.62447,-0.2,5.72,2.62447,0,0,0,54621,6.10847e+08,1.62779e+14,0,profile_only
L2_final_branch_th0,ad6bb15,W2,0,137,1,0.929644,-0.4,5.82,2.67447,-0.4,5.82,2.67447,0,0,0,54621,5.84485e+08,1.6264e+14,0,profile_only
L2_final_branch_th0,ad6bb15,W2,0,138,1,0.980519,-0.6,5.92,2.67447,-0.6,5.92,2.67447,0,0,0,54621,5.95505e+08,1.62976e+14,0,profile_only
L2_final_branch_th0,ad6bb15,W2,0,139,1,0.946052,-0.8,6.02,2.72447,-0.8,6.02,2.72447,0,0,0,54621,6.79276e+08,1.61642e+14,0,profile_only
L2_final_branch_th0,ad6bb15,W2,0,140,1,0.933653,-1.05,6.12,2.77447,-1.05,6.12,2.77447,0,0,0,54621,5.94114e+08,1.60461e+14,0,profile_only
L2_final_branch_th0,ad6bb15,W2,0,141,1,0.895369,-1.25,6.17,2.82447,-1.25,6.17,2.82447,0,0,0,54621,7.03841e+08,1.59867e+14,0,profile_only
L2_final_branch_th0,ad6bb15,W2,0,142,1,0.895547,-1.45,6.22,2.87447,-1.45,6.22,2.87447,0,0,0,54621,5.4665e+08,1.59538e+14,0,profile_only
L2_final_branch_th0,ad6bb15,W2,0,143,1,0.84831,-1.55,6.22,2.92447,-1.55,6.22,2.92447,0,0,0,54621,5.4557e+08,1.59441e+14,0,profile_only
L2_final_branch_th0,ad6bb15,W2,0,144,1,0.81737,-1.9,6.27,2.97447,-1.9,6.27,2.97447,0,0,0,54621,6.94387e+08,1.60288e+14,0,profile_only
L2_final_branch_th0,ad6bb15,W2,0,145,1,0.843086,-2.3,6.32,3.12447,-2.3,6.32,3.12447,0,0,0,54621,3.69995e+08,1.60367e+14,0,profile_only
L2_final_branch_th0,ad6bb15,W2,0,146,1,0.831253,-2.5,6.32,-3.10871,-2.5,6.32,-3.10871,0,0,0,54621,4.84395e+08,1.63204e+14,0,profile_only
L2_final_branch_th0,ad6bb15,W2,0,147,1,0.861889,-2.85,6.27,-3.00871,-2.85,6.27,-3.00871,0,0,0,54621,6.10187e+08,1.64536e+14,0,profile_only
L2_final_branch_th0,ad6bb15,W2,0,148,1,0.875322,-3.1,6.22,-3.00871,-3.1,6.22,-3.00871,0,0,0,54621,5.56849e+08,1.66951e+14,0,profile_only
L2_final_branch_th0,ad6bb15,W2,0,149,1,0.863862,-3.35,6.17,-2.95871,-3.35,6.17,-2.95871,0,0,0,54621,6.23332e+08,1.67367e+14,0,profile_only
L2_final_branch_th0,ad6bb15,W2,0,150,1,0.821396,-3.6,6.12,-2.95871,-3.6,6.12,-2.95871,0,0,0,54621,5.21701e+08,1.67465e+14,0,profile_only
L2_final_branch_th0,ad6bb15,W2,0,151,1,0.812117,-3.75,6.12,-2.95871,-3.75,6.12,-2.95871,0,0,0,54621,4.88219e+08,1.66164e+14,0,profile_only
L2_final_branch_th0,ad6bb15,W2,0,152,1,0.816775,-4.1,6.07,-3.05871,-4.1,6.07,-3.05871,0,0,0,54621,4.82207e+08,1.64932e+14,0,profile_only
L2_final_branch_th0,ad6bb15,W2,0,153,1,0.837558,-4.2,6.12,-3.10871,-4.2,6.12,-3.10871,0,0,0,54621,6.82236e+08,1.60117e+14,0,profile_only
L2_final_branch_th0,ad6bb15,W2,0,154,1,0.877572,-4.35,6.12,3.12447,-4.35,6.12,3.12447,0,0,0,54621,7.10895e+08,1.57674e+14,0,profile_only
L2_final_branch_th0,ad6bb15,W2,0,155,1,0.858091,-4.5,6.17,3.07447,-4.5,6.17,3.07447,0,0,0,54621,7.8565e+08,1.55261e+14,0,profile_only
L2_final_branch_th0,ad6bb15,W2,0,156,1,0.77272,-4.7,6.17,2.97447,-4.7,6.17,2.97447,0,0,0,54621,5.02447e+08,1.51412e+14,0,profile_only
L2_final_branch_th0,ad6bb15,W2,0,157,1,0.822053,-4.85,6.27,2.87447,-4.85,6.27,2.87447,0,0,0,54621,5.30185e+08,1.47831e+14,0,profile_only
L2_final_branch_th0,ad6bb15,W2,0,158,1,0.880543,-5.05,6.37,2.77447,-5.05,6.37,2.77447,0,0,0,54621,7.18359e+08,1.43392e+14,0,profile_only
L2_final_branch_th0,ad6bb15,W2,0,159,1,0.888223,-5.2,6.47,2.67447,-5.2,6.47,2.67447,0,0,0,54621,8.1832e+08,1.38826e+14,0,profile_only
L2_final_branch_th0,ad6bb15,W2,0,160,1,0.890744,-5.3,6.57,2.57447,-5.3,6.57,2.57447,0,0,0,54621,7.84097e+08,1.34994e+14,0,profile_only
L2_final_branch_th0,ad6bb15,W2,0,161,1,0.892554,-5.45,6.72,2.47447,-5.45,6.72,2.47447,0,0,0,54621,8.59943e+08,1.31729e+14,0,profile_only
L2_final_branch_th0,ad6bb15,W2,0,162,1,0.879621,-5.55,6.82,2.37447,-5.55,6.82,2.37447,0,0,0,54621,7.10868e+08,1.26987e+14,0,profile_only
L2_final_branch_th0,ad6bb15,W2,0,163,1,0.839031,-5.7,6.97,2.22447,-5.7,6.97,2.22447,0,0,0,54621,5.85192e+08,1.23177e+14,0,profile_only
L2_final_branch_th0,ad6bb15,W2,0,164,1,0.894139,-5.85,7.27,2.12447,-5.85,7.27,2.12447,0,0,0,54621,5.62335e+08,1.18437e+14,0,profile_only
L2_final_branch_th0,ad6bb15,W2,0,165,1,0.876117,-5.95,7.47,2.12447,-5.95,7.47,2.12447,0,0,0,54621,5.93552e+08,1.1249e+14,0,profile_only
L2_final_branch_th0,ad6bb15,W2,0,166,1,0.890729,-6.1,7.72,2.07447,-6.1,7.72,2.07447,0,0,0,54621,4.80097e+08,1.08142e+14,0,profile_only
L2_final_branch_th0,ad6bb15,W2,0,167,1,0.88187,-6.2,7.92,2.07447,-6.2,7.92,2.07447,0,0,0,54621,4.94252e+08,1.0319e+14,0,profile_only
L2_final_branch_th0,ad6bb15,W2,0,168,1,0.910631,-6.3,8.12,2.07447,-6.3,8.12,2.07447,0,0,0,54621,4.86695e+08,9.91885e+13,0,profile_only
L2_final_branch_th0,ad6bb15,W2,0,169,1,0.905926,-6.35,8.22,2.07447,-6.35,8.22,2.07447,0,0,0,54621,5.13701e+08,9.53739e+13,0,profile_only
L2_final_branch_th0,ad6bb15,W2,0,170,1,0.837979,-6.45,8.37,2.07447,-6.45,8.37,2.07447,0,0,0,54621,5.5614e+08,9.32885e+13,0,profile_only
L2_final_branch_th0,ad6bb15,W2,0,171,1,0.908092,-6.55,8.52,2.12447,-6.55,8.52,2.12447,0,0,0,54621,6.69555e+08,8.98485e+13,0,profile_only
L2_final_branch_th0,ad6bb15,W2,0,172,1,0.916805,-6.6,8.62,2.17447,-6.6,8.62,2.17447,0,0,0,54621,6.91979e+08,8.68443e+13,0,profile_only
L2_final_branch_th0,ad6bb15,W2,0,173,1,0.894658,-6.75,8.77,2.27447,-6.75,8.77,2.27447,0,0,0,54621,8.02237e+08,8.4894e+13,0,profile_only
L2_final_branch_th0,ad6bb15,W2,0,174,1,0.89563,-6.8,8.82,2.32447,-6.8,8.82,2.32447,0,0,0,54621,5.86801e+08,8.15993e+13,0,profile_only
L2_final_branch_th0,ad6bb15,W2,0,175,1,0.896581,-6.95,8.87,2.47447,-6.95,8.87,2.47447,0,0,0,54621,7.14247e+08,8.03602e+13,0,profile_only
L2_final_branch_th0,ad6bb15,W2,0,176,1,0.930725,-7.05,8.92,2.57447,-7.05,8.92,2.57447,0,0,0,54621,4.61188e+08,7.94119e+13,0,profile_only
L2_final_branch_th0,ad6bb15,W2,0,177,1,0.89883,-7.2,8.97,2.67447,-7.2,8.97,2.67447,0,0,0,54621,4.48279e+08,7.86164e+13,0,profile_only
L2_final_branch_th0,ad6bb15,W2,0,178,1,0.852352,-7.25,8.97,2.72447,-7.25,8.97,2.72447,0,0,0,54621,5.55181e+08,7.74091e+13,0,profile_only
L2_final_branch_th0,ad6bb15,W2,0,179,1,0.879302,-7.35,9.02,2.82447,-7.35,9.02,2.82447,0,0,0,54621,6.7188e+08,7.7237e+13,0,profile_only
L2_final_branch_th0,ad6bb15,W2,0,180,1,0.843105,-7.45,9.02,2.87447,-7.45,9.02,2.87447,0,0,0,54621,5.64946e+08,7.66039e+13,0,profile_only
L2_final_branch_th0,ad6bb15,W2,0,181,1,0.799358,-7.6,9.02,2.97447,-7.6,9.02,2.97447,0,0,0,54621,6.8252e+08,7.63282e+13,0,profile_only
L2_final_branch_th0,ad6bb15,W2,0,182,1,0.788268,-7.6,9.02,2.97447,-7.6,9.02,2.97447,0,0,0,54621,5.81242e+08,7.62911e+13,0,profile_only
L2_final_branch_th0,ad6bb15,W2,0,183,1,0.820504,-7.8,9.02,3.07447,-7.8,9.02,3.07447,0,0,0,54621,6.74488e+08,7.58256e+13,0,profile_only
L2_final_branch_th0,ad6bb15,W2,0,184,1,0.846061,-7.95,9.02,3.12447,-7.95,9.02,3.12447,0,0,0,54621,5.85323e+08,7.49211e+13,0,profile_only
L2_final_branch_th0,ad6bb15,W2,0,185,1,0.940814,-8.1,9.02,-3.10871,-8.1,9.02,-3.10871,0,0,0,54621,5.61551e+08,7.38471e+13,0,profile_only
L2_final_branch_th0,ad6bb15,W2,0,186,1,0.817725,-8.15,9.02,-3.10871,-8.15,9.02,-3.10871,0,0,0,54621,5.2719e+08,7.28895e+13,0,profile_only
L2_final_branch_th0,ad6bb15,W2,0,187,1,0.854858,-8.3,8.97,-3.05871,-8.3,8.97,-3.05871,0,0,0,54621,5.47014e+08,7.26417e+13,0,profile_only
L2_final_branch_th0,ad6bb15,W2,0,188,1,0.817453,-8.5,8.92,-3.00871,-8.5,8.92,-3.00871,0,0,0,54621,6.3144e+08,7.2763e+13,0,profile_only
L2_final_branch_th0,ad6bb15,W2,0,189,1,0.89246,-8.65,8.92,-2.95871,-8.65,8.92,-2.95871,0,0,0,54621,6.09962e+08,7.23519e+13,0,profile_only
L2_final_branch_th0,ad6bb15,W2,0,190,1,0.820167,-8.8,8.87,-2.95871,-8.8,8.87,-2.95871,0,0,0,54621,5.9666e+08,7.24278e+13,0,profile_only
L2_final_branch_th0,ad6bb15,W2,0,191,1,0.838624,-8.95,8.87,-2.90871,-8.95,8.87,-2.90871,0,0,0,54621,5.68055e+08,7.20158e+13,0,profile_only
L2_final_branch_th0,ad6bb15,W2,0,192,1,0.880093,-9.05,8.82,-2.90871,-9.05,8.82,-2.90871,0,0,0,54621,5.53108e+08,7.2056e+13,0,profile_only
L2_final_branch_th0,ad6bb15,W2,0,193,1,0.801506,-9.2,8.77,-2.85871,-9.2,8.77,-2.85871,0,0,0,54621,5.27582e+08,7.21744e+13,0,profile_only
L2_final_branch_th0,ad6bb15,W2,0,194,1,0.817206,-9.35,8.72,-2.85871,-9.35,8.72,-2.85871,0,0,0,54621,5.39024e+08,7.29992e+13,0,profile_only
L2_final_branch_th0,ad6bb15,W2,0,195,1,0.888353,-9.5,8.67,-2.80871,-9.5,8.67,-2.80871,0,0,0,54621,5.97139e+08,7.29921e+13,0,profile_only
L2_final_branch_th0,ad6bb15,W2,0,196,1,0.822314,-9.65,8.62,-2.75871,-9.65,8.62,-2.75871,0,0,0,54621,6.11737e+08,7.3946e+13,0,profile_only
L2_final_branch_th0,ad6bb15,W2,0,197,1,0.768051,-9.8,8.52,-2.70871,-9.8,8.52,-2.70871,0,0,0,54621,6.13471e+08,7.54502e+13,0,profile_only
L2_final_branch_th0,ad6bb15,W2,0,198,1,0.793169,-9.85,8.52,-2.70871,-9.85,8.52,-2.70871,0,0,0,54621,5.55944e+08,7.72119e+13,0,profile_only
L2_final_branch_th0,ad6bb15,W2,0,199,1,0.83853,-10,8.42,-2.65871,-10,8.42,-2.65871,0,0,0,54621,7.3086e+08,7.8402e+13,0,profile_only
L2_final_branch_th0,ad6bb15,W2,0,200,1,0.85418,-10.1,8.37,-2.60871,-10.1,8.37,-2.60871,0,0,0,54621,6.98538e+08,7.9806e+13,0,profile_only
L2_final_branch_th0,ad6bb15,W2,0,201,1,0.887801,-10.2,8.27,-2.55871,-10.2,8.27,-2.55871,0,0,0,54621,6.74184e+08,8.06339e+13,0,profile_only
L2_final_branch_th0,ad6bb15,W2,0,202,1,0.819403,-10.3,8.17,-2.50871,-10.3,8.17,-2.50871,0,0,0,54621,6.75735e+08,8.1759e+13,0,profile_only
L2_final_branch_th0,ad6bb15,W2,0,203,1,0.878899,-10.4,8.07,-2.45871,-10.4,8.07,-2.45871,0,0,0,54621,6.40133e+08,8.20997e+13,0,profile_only
L2_final_branch_th0,ad6bb15,W2,0,204,1,0.859718,-10.5,7.97,-2.40871,-10.5,7.97,-2.40871,0,0,0,54621,6.27991e+08,8.26261e+13,0,profile_only
L2_final_branch_th0,ad6bb15,W2,0,205,1,0.85025,-10.6,7.92,-2.35871,-10.6,7.92,-2.35871,0,0,0,54621,6.63099e+08,8.27242e+13,0,profile_only
L2_final_branch_th0,ad6bb15,W2,0,206,1,0.879496,-10.65,7.82,-2.30871,-10.65,7.82,-2.30871,0,0,0,54621,6.28794e+08,8.22308e+13,0,profile_only
L2_final_branch_th0,ad6bb15,W2,0,207,1,0.892342,-10.75,7.67,-2.25871,-10.75,7.67,-2.25871,0,0,0,54621,6.32828e+08,8.2739e+13,0,profile_only
L2_final_branch_th0,ad6bb15,W2,0,208,1,0.843378,-10.8,7.62,-2.20871,-10.8,7.62,-2.20871,0,0,0,54621,6.44651e+08,8.28296e+13,0,profile_only
L2_final_branch_th0,ad6bb15,W2,0,209,1,0.866774,-10.9,7.47,-2.15871,-10.9,7.47,-2.15871,0,0,0,54621,6.16367e+08,8.25544e+13,0,profile_only
L2_final_branch_th0,ad6bb15,W2,0,210,1,0.862448,-10.95,7.37,-2.10871,-10.95,7.37,-2.10871,0,0,0,54621,6.34592e+08,8.22709e+13,0,profile_only
L2_final_branch_th0,ad6bb15,W2,0,211,1,0.883627,-11,7.22,-2.05871,-11,7.22,-2.05871,0,0,0,54621,6.51119e+08,8.19088e+13,0,profile_only
L2_final_branch_th0,ad6bb15,W2,0,212,1,0.796645,-11.05,7.07,-2.00871,-11.05,7.07,-2.00871,0,0,0,54621,6.30422e+08,8.18655e+13,0,profile_only
L2_final_branch_th0,ad6bb15,W2,0,213,1,0.804235,-11.1,6.97,-2.00871,-11.1,6.97,-2.00871,0,0,0,54621,6.20091e+08,7.95623e+13,0,profile_only
L2_final_branch_th0,ad6bb15,W2,0,214,1,0.81331,-11.2,6.72,-1.95871,-11.2,6.72,-1.95871,0,0,0,54621,7.04479e+08,7.61849e+13,0,profile_only
L2_final_branch_th0,ad6bb15,W2,0,215,1,0.794961,-11.25,6.57,-1.95871,-11.25,6.57,-1.95871,0,0,0,54621,5.74617e+08,7.52698e+13,0,profile_only
L2_final_branch_th0,ad6bb15,W2,0,216,1,0.77991,-11.3,6.37,-1.90871,-11.3,6.37,-1.90871,0,0,0,54621,7.10219e+08,7.37115e+13,0,profile_only
L2_final_branch_th0,ad6bb15,W2,0,217,1,0.797323,-11.35,6.22,-1.90871,-11.35,6.22,-1.90871,0,0,0,54621,5.58601e+08,7.50292e+13,0,profile_only
L2_final_branch_th0,ad6bb15,W2,0,218,1,0.847198,-11.4,6.02,-1.85871,-11.4,6.02,-1.85871,0,0,0,54621,5.93928e+08,7.61397e+13,0,profile_only
L2_final_branch_th0,ad6bb15,W2,0,219,1,0.832802,-11.45,5.82,-1.80871,-11.45,5.82,-1.80871,0,0,0,54621,5.88638e+08,7.754e+13,0,profile_only
L2_final_branch_th0,ad6bb15,W2,0,220,1,0.772043,-11.5,5.67,-1.75871,-11.5,5.67,-1.75871,0,0,0,54621,5.82606e+08,7.76653e+13,0,profile_only
L2_final_branch_th0,ad6bb15,W2,0,221,1,0.869,-11.5,5.42,-1.70871,-11.5,5.42,-1.70871,0,0,0,54621,5.74897e+08,7.97595e+13,0,profile_only
L2_final_branch_th0,ad6bb15,W2,0,222,1,0.844667,-11.5,5.27,-1.65871,-11.5,5.27,-1.65871,0,0,0,54621,6.31243e+08,8.26308e+13,0,profile_only
L2_final_branch_th0,ad6bb15,W2,0,223,1,0.791107,-11.55,5.02,-1.55871,-11.55,5.02,-1.55871,0,0,0,54621,6.60956e+08,8.36294e+13,0,profile_only
L2_final_branch_th0,ad6bb15,W2,0,224,1,0.775486,-11.5,4.82,-1.40871,-11.5,4.82,-1.40871,0,0,0,54621,6.66968e+08,8.39724e+13,0,profile_only
L2_final_branch_th0,ad6bb15,W2,0,225,1,0.788455,-11.4,4.72,-1.30871,-11.4,4.72,-1.30871,0,0,0,54621,6.52166e+08,8.57356e+13,0,profile_only
L2_final_branch_th0,ad6bb15,W2,0,226,1,0.807715,-11.25,4.52,-1.05871,-11.25,4.52,-1.05871,0,0,0,54621,9.14854e+08,8.91206e+13,0,profile_only
L2_final_branch_th0,ad6bb15,W2,0,227,1,0.809301,-11,4.32,-0.758714,-11,4.32,-0.758714,0,0,0,54621,8.33159e+08,9.17483e+13,0,profile_only
L2_final_branch_th0,ad6bb15,W2,0,228,1,0.730386,-10.85,4.27,-0.558714,-10.85,4.27,-0.558714,0,0,0,54621,8.15161e+08,9.5211e+13,0,profile_only
L2_final_branch_th0,ad6bb15,W2,0,229,1,0.745599,-10.15,4.12,-0.108714,-10.15,4.12,-0.108714,0,0,0,54621,8.90063e+08,9.84352e+13,0,profile_only
L2_final_branch_th0,ad6bb15,W2,0,230,1,0.766864,-9.8,4.07,-0.108714,-9.8,4.07,-0.108714,0,0,0,54621,8.89109e+08,1.10198e+14,0,profile_only
L2_final_branch_th0,ad6bb15,W2,0,231,1,0.74318,-9.4,4.02,-0.108714,-9.4,4.02,-0.108714,0,0,0,54621,9.21941e+08,1.16287e+14,0,profile_only
L2_final_branch_th0,ad6bb15,W2,0,232,1,0.746035,-8.95,3.92,-0.208714,-8.95,3.92,-0.208714,0,0,0,54621,5.15438e+08,1.21787e+14,0,profile_only
L2_final_branch_th0,ad6bb15,W2,0,233,1,0.755698,-8.45,3.77,-0.358714,-8.45,3.77,-0.358714,0,0,0,54621,4.8148e+08,1.30138e+14,0,profile_only
L2_final_branch_th0,ad6bb15,W2,0,234,1,0.824452,-7.75,3.37,-0.458714,-7.75,3.37,-0.458714,0,0,0,54621,4.93886e+08,1.37177e+14,0,profile_only
L2_final_branch_th0,ad6bb15,W2,0,235,1,0.816694,-7.4,3.17,-0.458714,-7.4,3.17,-0.458714,0,0,0,54621,5.42912e+08,1.46406e+14,0,profile_only
L2_final_branch_th0,ad6bb15,W2,0,236,1,0.838035,-7.1,3.02,-0.458714,-7.1,3.02,-0.458714,0,0,0,54621,5.9802e+08,1.51951e+14,0,profile_only
L2_final_branch_th0,ad6bb15,W2,0,237,1,0.847942,-6.8,2.87,-0.458714,-6.8,2.87,-0.458714,0,0,0,54621,5.73414e+08,1.56616e+14,0,profile_only
L2_final_branch_th0,ad6bb15,W2,0,238,1,0.88229,-6.45,2.72,-0.458714,-6.45,2.72,-0.458714,0,0,0,54621,6.03845e+08,1.61295e+14,0,profile_only
L2_final_branch_th0,ad6bb15,W2,0,239,1,0.794955,-6.3,2.62,-0.408714,-6.3,2.62,-0.408714,0,0,0,54621,5.30458e+08,1.67013e+14,0,profile_only
L2_final_branch_th0,ad6bb15,W2,0,240,1,0.808641,-5.9,2.47,-0.358714,-5.9,2.47,-0.358714,0,0,0,54621,6.70613e+08,1.68946e+14,0,profile_only
L2_final_branch_th0,ad6bb15,W2,0,241,1,0.777055,-5.6,2.37,-0.308714,-5.6,2.37,-0.308714,0,0,0,54621,6.73235e+08,1.73218e+14,0,profile_only
L2_final_branch_th0,ad6bb15,W2,0,242,1,0.788061,-4.95,2.17,-0.358714,-4.95,2.17,-0.358714,0,0,0,54621,5.93955e+08,1.76767e+14,0,profile_only
L2_final_branch_th0,ad6bb15,W2,0,243,1,0.840972,-4.5,1.97,-0.408714,-4.5,1.97,-0.408714,0,0,0,54621,5.8139e+08,1.83971e+14,0,profile_only
L2_final_branch_th0,ad6bb15,W2,0,244,1,0.854438,-4.2,1.82,-0.458714,-4.2,1.82,-0.458714,0,0,0,54621,5.85181e+08,1.88145e+14,0,profile_only
L2_final_branch_th0,ad6bb15,W2,0,245,1,0.823856,-3.75,1.57,-0.458714,-3.75,1.57,-0.458714,0,0,0,54621,6.03259e+08,1.9001e+14,0,profile_only
L2_final_branch_th0,ad6bb15,W2,0,246,1,0.798636,-3.5,1.42,-0.508714,-3.5,1.42,-0.508714,0,0,0,54621,4.74709e+08,1.91396e+14,0,profile_only
L2_final_branch_th0,ad6bb15,W2,0,247,1,0.778995,-3.25,1.27,-0.558714,-3.25,1.27,-0.558714,0,0,0,54621,4.83386e+08,1.9037e+14,0,profile_only
L2_final_branch_th0,ad6bb15,W2,0,248,1,0.792066,-3.2,1.17,-0.608714,-3.2,1.17,-0.608714,0,0,0,54621,5.02054e+08,1.88916e+14,0,profile_only
L2_final_branch_th0,ad6bb15,W2,0,249,1,0.879251,-2.9,0.92,-0.658714,-2.9,0.92,-0.658714,0,0,0,54621,4.63303e+08,1.87129e+14,0,profile_only
L2_final_branch_th0,ad6bb15,W2,0,250,1,0.785602,-2.7,0.77,-0.708714,-2.7,0.77,-0.708714,0,0,0,54621,5.45133e+08,1.82792e+14,0,profile_only
L2_final_branch_th0,ad6bb15,W2,0,251,1,0.774316,-2.45,0.57,-0.708714,-2.45,0.57,-0.708714,0,0,0,54621,5.08e+08,1.81304e+14,0,profile_only
L2_final_branch_th0,ad6bb15,W2,0,252,1,0.847436,-2.2,0.37,-0.658714,-2.2,0.37,-0.658714,0,0,0,54621,6.6071e+08,1.76805e+14,0,profile_only
L2_final_branch_th0,ad6bb15,W2,0,253,1,0.806018,-1.95,0.22,-0.558714,-1.95,0.22,-0.558714,0,0,0,54621,7.04347e+08,1.71871e+14,0,profile_only
L2_final_branch_th0,ad6bb15,W2,0,254,1,0.868208,-1.75,0.12,-0.458714,-1.75,0.12,-0.458714,0,0,0,54621,7.59353e+08,1.68194e+14,0,profile_only
L2_final_branch_th0,ad6bb15,W2,0,255,1,0.843475,-1.55,0.07,-0.358714,-1.55,0.07,-0.358714,0,0,0,54621,7.58874e+08,1.65982e+14,0,profile_only
L2_final_branch_th0,ad6bb15,W2,0,256,1,0.766523,-1.3,0.02,-0.258714,-1.3,0.02,-0.258714,0,0,0,54621,6.787e+08,1.65094e+14,0,profile_only
L2_final_branch_th0,ad6bb15,W2,0,257,1,0.80427,-0.7,-0.08,-0.158714,-0.7,-0.08,-0.158714,0,0,0,54621,7.47072e+08,1.65637e+14,0,profile_only
L2_final_branch_th0,ad6bb15,W2,0,258,1,0.705171,-0.45,-0.13,-0.158714,-0.45,-0.13,-0.158714,0,0,0,54621,4.24247e+08,1.62e+14,0,profile_only
L2_final_branch_th0,ad6bb15,W2,0,259,1,0.737251,0.35,-0.18,-0.108714,0.35,-0.18,-0.108714,0,0,0,54621,6.52928e+08,1.62919e+14,0,profile_only
L2_final_branch_th0,ad6bb15,W2,0,260,1,0.680764,0.6,-0.23,-0.0587136,0.6,-0.23,-0.0587136,0,0,0,54621,5.94026e+08,1.55092e+14,0,profile_only
L2_final_branch_th0,ad6bb15,W2,0,261,1,0.702135,1,-0.23,-0.0587136,1,-0.23,-0.0587136,0,0,0,54621,6.45434e+08,1.54645e+14,0,profile_only
L2_final_branch_th0,ad6bb15,W2,0,262,1,0.847886,1.3,-0.23,0.0412864,1.3,-0.23,0.0412864,0,0,0,54621,6.95605e+08,1.50596e+14,0,profile_only
L2_final_branch_th0,ad6bb15,W2,0,263,1,0.808297,1.45,-0.23,0.0912864,1.45,-0.23,0.0912864,0,0,0,54621,6.6248e+08,1.48898e+14,0,profile_only
L2_final_branch_th0,ad6bb15,W2,0,264,1,0.876211,1.6,-0.18,0.141286,1.6,-0.18,0.141286,0,0,0,54621,6.52109e+08,1.48206e+14,0,profile_only
L2_final_branch_th0,ad6bb15,W2,0,265,1,0.789723,1.75,-0.13,0.191286,1.75,-0.13,0.191286,0,0,0,54621,6.47655e+08,1.48147e+14,0,profile_only
L2_final_branch_th0,ad6bb15,W2,0,266,1,0.832791,1.95,-0.03,0.341286,1.95,-0.03,0.341286,0,0,0,54621,6.90862e+08,1.47892e+14,0,profile_only
L2_final_branch_th0,ad6bb15,W2,0,267,1,0.799209,2.1,0.07,0.441286,2.1,0.07,0.441286,0,0,0,54621,7.14656e+08,1.48642e+14,0,profile_only
L2_final_branch_th0,ad6bb15,W2,0,268,1,0.809574,2.2,0.12,0.541286,2.2,0.12,0.541286,0,0,0,54621,7.36443e+08,1.49075e+14,0,profile_only
L2_final_branch_th0,ad6bb15,W2,0,269,1,0.81655,2.3,0.22,0.691286,2.3,0.22,0.691286,0,0,0,54621,7.45082e+08,1.49518e+14,0,profile_only
L2_final_branch_th0,ad6bb15,W2,0,270,1,0.839626,2.45,0.42,0.841286,2.45,0.42,0.841286,0,0,0,54621,8.00471e+08,1.51206e+14,0,profile_only
L2_final_branch_th0,ad6bb15,W2,0,271,1,0.826486,2.55,0.57,0.941286,2.55,0.57,0.941286,0,0,0,54621,6.49014e+08,1.51948e+14,0,profile_only
L2_final_branch_th0,ad6bb15,W2,0,272,1,0.854677,2.6,0.67,0.991286,2.6,0.67,0.991286,0,0,0,54621,6.26781e+08,1.52033e+14,0,profile_only
L2_final_branch_th0,ad6bb15,W2,0,273,1,0.877231,2.7,0.87,1.09129,2.7,0.87,1.09129,0,0,0,54621,7.16018e+08,1.51446e+14,0,profile_only
L2_final_branch_th0,ad6bb15,W2,0,274,1,0.828329,2.75,1.02,1.14129,2.75,1.02,1.14129,0,0,0,54621,6.75264e+08,1.51067e+14,0,profile_only
L2_final_branch_th0,ad6bb15,W2,0,275,1,0.819129,2.8,1.22,1.24129,2.8,1.22,1.24129,0,0,0,54621,7.07368e+08,1.49942e+14,0,profile_only
L2_final_branch_th0,ad6bb15,W2,0,276,1,0.820696,2.85,1.42,1.34129,2.85,1.42,1.34129,0,0,0,54621,7.0443e+08,1.49311e+14,0,profile_only
L2_final_branch_th0,ad6bb15,W2,0,277,1,0.787103,2.9,1.67,1.44129,2.9,1.67,1.44129,0,0,0,54621,6.72738e+08,1.48135e+14,0,profile_only
L2_final_branch_th0,ad6bb15,W2,0,278,1,0.81302,2.85,1.82,1.49129,2.85,1.82,1.49129,0,0,0,54621,6.02348e+08,1.46735e+14,0,profile_only
L2_final_branch_th0,ad6bb15,W2,0,279,1,0.78801,2.85,2.07,1.59129,2.85,2.07,1.59129,0,0,0,54621,6.69494e+08,1.45239e+14,0,profile_only
L2_final_branch_th0,ad6bb15,W2,0,280,1,0.747851,2.85,2.27,1.64129,2.85,2.27,1.64129,0,0,0,54621,5.92213e+08,1.43906e+14,0,profile_only
L2_final_branch_th0,ad6bb15,W2,0,281,1,0.807618,2.8,2.57,1.69129,2.8,2.57,1.69129,0,0,0,54621,5.55855e+08,1.40612e+14,0,profile_only
L2_final_branch_th0,ad6bb15,W2,0,282,1,0.832613,2.75,2.82,1.69129,2.75,2.82,1.69129,0,0,0,54621,5.48794e+08,1.40112e+14,0,profile_only
L2_final_branch_th0,ad6bb15,W2,0,283,1,0.844897,2.75,3.02,1.69129,2.75,3.02,1.69129,0,0,0,54621,6.45627e+08,1.4121e+14,0,profile_only
L2_final_branch_th0,ad6bb15,W2,0,284,1,0.797903,2.7,3.22,1.69129,2.7,3.22,1.69129,0,0,0,54621,6.6328e+08,1.4217e+14,0,profile_only
L2_final_branch_th0,ad6bb15,W2,0,285,1,0.826152,2.6,3.52,1.74129,2.6,3.52,1.74129,0,0,0,54621,6.89611e+08,1.43672e+14,0,profile_only
L2_final_branch_th0,ad6bb15,W2,0,286,1,0.805652,2.55,3.72,1.79129,2.55,3.72,1.79129,0,0,0,54621,6.54783e+08,1.45297e+14,0,profile_only
L2_final_branch_th0,ad6bb15,W2,0,287,1,0.835686,2.6,3.77,1.79129,2.6,3.77,1.79129,0,0,0,54621,6.52823e+08,1.45474e+14,0,profile_only
L2_final_branch_th0,ad6bb15,W2,0,288,1,0.787738,2.4,4.12,1.89129,2.4,4.12,1.89129,0,0,0,54621,7.54651e+08,1.44803e+14,0,profile_only
L2_final_branch_th0,ad6bb15,W2,0,289,1,0.8391,2.45,4.27,1.94129,2.45,4.27,1.94129,0,0,0,54621,6.93473e+08,1.48665e+14,0,profile_only
L2_final_branch_th0,ad6bb15,W2,0,290,1,0.96214,2.25,4.57,2.04129,2.25,4.57,2.04129,0,0,0,54621,6.82317e+08,1.48026e+14,0,profile_only
L2_final_branch_th0,ad6bb15,W2,0,291,1,0.962102,2.2,4.67,2.09129,2.2,4.67,2.09129,0,0,0,54621,6.4168e+08,1.50138e+14,0,profile_only
L2_final_branch_th0,ad6bb15,W2,0,292,1,0.891219,2.2,4.72,2.14129,2.2,4.72,2.14129,0,0,0,54621,6.91518e+08,1.50668e+14,0,profile_only
L2_final_branch_th0,ad6bb15,W2,0,293,1,0.917614,1.9,5.02,2.29129,1.9,5.02,2.29129,0,0,0,54621,7.69114e+08,1.50703e+14,0,profile_only
L2_final_branch_th0,ad6bb15,W2,0,294,1,0.877702,1.8,5.12,2.39129,1.8,5.12,2.39129,0,0,0,54621,7.18562e+08,1.5203e+14,0,profile_only
L2_final_branch_th0,ad6bb15,W2,0,295,1,0.849979,1.65,5.22,2.49129,1.65,5.22,2.49129,0,0,0,54621,7.12734e+08,1.52711e+14,0,profile_only
L2_final_branch_th0,ad6bb15,W2,0,296,1,0.854307,1.25,5.42,2.64129,1.25,5.42,2.64129,0,0,0,54621,7.81417e+08,1.5385e+14,0,profile_only
L2_final_branch_th0,ad6bb15,W2,0,297,1,0.832178,0.8,5.62,2.79129,0.8,5.62,2.79129,0,0,0,54621,7.13574e+08,1.56808e+14,0,profile_only
L2_final_branch_th0,ad6bb15,W2,0,298,1,0.894368,0.5,5.67,2.84129,0.5,5.67,2.84129,0,0,0,54621,6.32993e+08,1.60133e+14,0,profile_only
L2_final_branch_th0,ad6bb15,W2,0,299,1,0.850545,0.1,5.82,2.89129,0.1,5.82,2.89129,0,0,0,54621,6.27521e+08,1.62566e+14,0,profile_only
L2_final_branch_th0,ad6bb15,W2,0,300,1,0.946796,-0.35,5.92,2.89129,-0.35,5.92,2.89129,0,0,0,54621,6.14972e+08,1.63283e+14,0,profile_only
L2_final_branch_th0,ad6bb15,W2,0,301,1,0.95884,-0.55,5.97,2.89129,-0.55,5.97,2.89129,0,0,0,54621,5.98494e+08,1.64321e+14,0,profile_only
L2_final_branch_th0,ad6bb15,W2,0,302,1,0.944855,-0.75,6.02,2.89129,-0.75,6.02,2.89129,0,0,0,54621,6.51052e+08,1.63113e+14,0,profile_only
L2_final_branch_th0,ad6bb15,W2,0,303,1,0.900753,-1,6.07,2.89129,-1,6.07,2.89129,0,0,0,54621,5.93512e+08,1.61557e+14,0,profile_only
L2_final_branch_th0,ad6bb15,W2,0,304,1,0.87833,-1.35,6.17,2.94129,-1.35,6.17,2.94129,0,0,0,54621,6.90427e+08,1.60518e+14,0,profile_only
L2_final_branch_th0,ad6bb15,W2,0,305,1,0.915351,-1.6,6.22,2.94129,-1.6,6.22,2.94129,0,0,0,54621,5.98291e+08,1.60453e+14,0,profile_only
L2_final_branch_th0,ad6bb15,W2,0,306,1,0.850716,-1.85,6.27,2.94129,-1.85,6.27,2.94129,0,0,0,54621,2.62055e+08,1.60817e+14,0,profile_only
L2_final_branch_th0,ad6bb15,W2,0,307,1,0.813241,-2.1,6.32,2.99129,-2.1,6.32,2.99129,0,0,0,54621,1.65081e+08,1.61158e+14,0,profile_only
L2_final_branch_th0,ad6bb15,W2,0,308,1,0.835359,-2.4,6.37,3.04129,-2.4,6.37,3.04129,0,0,0,54621,3.47399e+08,1.63219e+14,0,profile_only
L2_final_branch_th0,ad6bb15,W2,0,309,1,0.914817,-2.7,6.37,3.09129,-2.7,6.37,3.09129,0,0,0,54621,3.61484e+08,1.64735e+14,0,profile_only
L2_final_branch_th0,ad6bb15,W2,0,310,1,0.900201,-2.8,6.37,3.09129,-2.8,6.37,3.09129,0,0,0,54621,4.70358e+08,1.66005e+14,0,profile_only
L2_final_branch_th0,ad6bb15,W2,0,311,1,0.897535,-3.05,6.37,3.14129,-3.05,6.37,3.14129,0,0,0,54621,6.24634e+08,1.67272e+14,0,profile_only
L2_final_branch_th0,ad6bb15,W2,0,312,1,0.871038,-3.3,6.37,3.14129,-3.3,6.37,3.14129,0,0,0,54621,4.90087e+08,1.68386e+14,0,profile_only
L2_final_branch_th0,ad6bb15,W2,0,313,1,0.85607,-3.5,6.37,-3.0919,-3.5,6.37,-3.0919,0,0,0,54621,4.55483e+08,1.67086e+14,0,profile_only
L2_final_branch_th0,ad6bb15,W2,0,314,1,0.827549,-3.8,6.37,3.14129,-3.8,6.37,3.14129,0,0,0,54621,5.07365e+08,1.66361e+14,0,profile_only
L2_final_branch_th0,ad6bb15,W2,0,315,1,0.805159,-4.05,6.42,3.14129,-4.05,6.42,3.14129,0,0,0,54621,5.64363e+08,1.6229e+14,0,profile_only
L2_final_branch_th0,ad6bb15,W2,0,316,1,0.863358,-4.4,6.42,3.09129,-4.4,6.42,3.09129,0,0,0,54621,5.85921e+08,1.57098e+14,0,profile_only
L2_final_branch_th0,ad6bb15,W2,0,317,1,0.763897,-4.6,6.37,3.04129,-4.6,6.37,3.04129,0,0,0,54621,5.80647e+08,1.50701e+14,0,profile_only
L2_final_branch_th0,ad6bb15,W2,0,318,1,0.856346,-4.95,6.47,2.99129,-4.95,6.47,2.99129,0,0,0,54621,5.82066e+08,1.48862e+14,0,profile_only
L2_final_branch_th0,ad6bb15,W2,0,319,1,0.85151,-5.15,6.57,2.94129,-5.15,6.57,2.94129,0,0,0,54621,5.29379e+08,1.41525e+14,0,profile_only
L2_final_branch_th0,ad6bb15,W2,0,320,1,0.879654,-5.35,6.62,2.84129,-5.35,6.62,2.84129,0,0,0,54621,5.48813e+08,1.36078e+14,0,profile_only
L2_final_branch_th0,ad6bb15,W2,0,321,1,0.890664,-5.55,6.72,2.64129,-5.55,6.72,2.64129,0,0,0,54621,5.19553e+08,1.30503e+14,0,profile_only
L2_final_branch_th0,ad6bb15,W2,0,322,1,0.885767,-5.7,6.82,2.49129,-5.7,6.82,2.49129,0,0,0,54621,4.9055e+08,1.25389e+14,0,profile_only
L2_final_branch_th0,ad6bb15,W2,0,323,1,0.866997,-5.85,7.02,2.34129,-5.85,7.02,2.34129,0,0,0,54621,4.72371e+08,1.20082e+14,0,profile_only
L2_final_branch_th0,ad6bb15,W2,0,324,1,0.864037,-6.05,7.42,2.19129,-6.05,7.42,2.19129,0,0,0,54621,4.42847e+08,1.14061e+14,0,profile_only
L2_final_branch_th0,ad6bb15,W2,0,325,1,0.922301,-6.2,7.67,2.09129,-6.2,7.67,2.09129,0,0,0,54621,4.17163e+08,1.0723e+14,0,profile_only
L2_final_branch_th0,ad6bb15,W2,0,326,1,0.921913,-6.25,7.77,2.09129,-6.25,7.77,2.09129,0,0,0,54621,5.10314e+08,1.02672e+14,0,profile_only
L2_final_branch_th0,ad6bb15,W2,0,327,1,0.932357,-6.35,7.92,2.09129,-6.35,7.92,2.09129,0,0,0,54621,5.53692e+08,1.00766e+14,0,profile_only
L2_final_branch_th0,ad6bb15,W2,0,328,1,0.939294,-6.45,8.07,2.14129,-6.45,8.07,2.14129,0,0,0,54621,5.83872e+08,9.77483e+13,0,profile_only
L2_final_branch_th0,ad6bb15,W2,0,329,1,0.886561,-6.55,8.17,2.19129,-6.55,8.17,2.19129,0,0,0,54621,6.15278e+08,9.43291e+13,0,profile_only
L2_final_branch_th0,ad6bb15,W2,0,330,1,0.91797,-6.6,8.27,2.19129,-6.6,8.27,2.19129,0,0,0,54621,5.29224e+08,9.17864e+13,0,profile_only
L2_final_branch_th0,ad6bb15,W2,0,331,1,0.871865,-6.7,8.37,2.29129,-6.7,8.37,2.29129,0,0,0,54621,7.55283e+08,8.98129e+13,0,profile_only
L2_final_branch_th0,ad6bb15,W2,0,332,1,0.922399,-6.9,8.52,2.39129,-6.9,8.52,2.39129,0,0,0,54621,8.06189e+08,8.72966e+13,0,profile_only
L2_final_branch_th0,ad6bb15,W2,0,333,1,0.904036,-7,8.57,2.49129,-7,8.57,2.49129,0,0,0,54621,6.30486e+08,8.34593e+13,0,profile_only
L2_final_branch_th0,ad6bb15,W2,0,334,1,0.888451,-7.15,8.67,2.59129,-7.15,8.67,2.59129,0,0,0,54621,6.98293e+08,8.23153e+13,0,profile_only
L2_final_branch_th0,ad6bb15,W2,0,335,1,0.868778,-7.3,8.72,2.69129,-7.3,8.72,2.69129,0,0,0,54621,4.97038e+08,7.99698e+13,0,profile_only
L2_final_branch_th0,ad6bb15,W2,0,336,1,0.818469,-7.4,8.72,2.79129,-7.4,8.72,2.79129,0,0,0,54621,4.24998e+08,7.8034e+13,0,profile_only
L2_final_branch_th0,ad6bb15,W2,0,337,1,0.912311,-7.65,8.77,2.94129,-7.65,8.77,2.94129,0,0,0,54621,7.38111e+08,7.70716e+13,0,profile_only
L2_final_branch_th0,ad6bb15,W2,0,338,1,0.884765,-7.75,8.77,2.99129,-7.75,8.77,2.99129,0,0,0,54621,4.84739e+08,7.51509e+13,0,profile_only
L2_final_branch_th0,ad6bb15,W2,0,339,1,0.828764,-7.95,8.77,3.09129,-7.95,8.77,3.09129,0,0,0,54621,6.68743e+08,7.45408e+13,0,profile_only
L2_final_branch_th0,ad6bb15,W2,0,340,1,0.8718,-8.1,8.77,3.14129,-8.1,8.77,3.14129,0,0,0,54621,6.20809e+08,7.40057e+13,0,profile_only
L2_final_branch_th0,ad6bb15,W2,0,341,1,0.833244,-8.25,8.77,-3.0919,-8.25,8.77,-3.0919,0,0,0,54621,6.06129e+08,7.33178e+13,0,profile_only
L2_final_branch_th0,ad6bb15,W2,0,342,1,0.78722,-8.35,8.72,-3.0919,-8.35,8.72,-3.0919,0,0,0,54621,4.83153e+08,7.27889e+13,0,profile_only
L2_final_branch_th0,ad6bb15,W2,0,343,1,0.770862,-8.6,8.67,-3.0419,-8.6,8.67,-3.0419,0,0,0,54621,7.37716e+08,7.26702e+13,0,profile_only
L2_final_branch_th0,ad6bb15,W2,0,344,1,0.868245,-8.8,8.67,-2.9919,-8.8,8.67,-2.9919,0,0,0,54621,6.11644e+08,7.20551e+13,0,profile_only
L2_final_branch_th0,ad6bb15,W2,0,345,1,0.877829,-8.95,8.62,-2.9419,-8.95,8.62,-2.9419,0,0,0,54621,5.47999e+08,7.16539e+13,0,profile_only
L2_final_branch_th0,ad6bb15,W2,0,346,1,0.746934,-9.1,8.57,-2.8919,-9.1,8.57,-2.8919,0,0,0,54621,5.41353e+08,7.20999e+13,0,profile_only
L2_final_branch_th0,ad6bb15,W2,0,347,1,0.808833,-9.2,8.57,-2.8919,-9.2,8.57,-2.8919,0,0,0,54621,4.81518e+08,7.27625e+13,0,profile_only
L2_final_branch_th0,ad6bb15,W2,0,348,1,0.76098,-9.35,8.47,-2.8419,-9.35,8.47,-2.8419,0,0,0,54621,5.88065e+08,7.28564e+13,0,profile_only
L2_final_branch_th0,ad6bb15,W2,0,349,1,0.761771,-9.5,8.42,-2.7919,-9.5,8.42,-2.7919,0,0,0,54621,5.97661e+08,7.4861e+13,0,profile_only
L2_final_branch_th0,ad6bb15,W2,0,350,1,0.781528,-9.65,8.37,-2.7419,-9.65,8.37,-2.7419,0,0,0,54621,5.86984e+08,7.69339e+13,0,profile_only
L2_final_branch_th0,ad6bb15,W2,0,351,1,0.840518,-9.9,8.22,-2.6419,-9.9,8.22,-2.6419,0,0,0,54621,7.42327e+08,8.13267e+13,0,profile_only
L2_final_branch_th0,ad6bb15,W2,0,352,1,0.787182,-10.15,8.02,-2.5419,-10.15,8.02,-2.5419,0,0,0,54621,6.77051e+08,8.31269e+13,0,profile_only
L2_final_branch_th0,ad6bb15,W2,0,353,1,0.847959,-10.25,7.92,-2.4919,-10.25,7.92,-2.4919,0,0,0,54621,6.39179e+08,8.39896e+13,0,profile_only
L2_final_branch_th0,ad6bb15,W2,0,354,1,0.867419,-10.35,7.87,-2.4419,-10.35,7.87,-2.4419,0,0,0,54621,6.82435e+08,8.45855e+13,0,profile_only
L2_final_branch_th0,ad6bb15,W2,0,355,1,0.886227,-10.6,7.62,-2.3419,-10.6,7.62,-2.3419,0,0,0,54621,7.45236e+08,8.46159e+13,0,profile_only
L2_final_branch_th0,ad6bb15,W2,0,356,1,0.912338,-10.65,7.52,-2.2919,-10.65,7.52,-2.2919,0,0,0,54621,6.72535e+08,8.33853e+13,0,profile_only
L2_final_branch_th0,ad6bb15,W2,0,357,1,0.914458,-10.75,7.37,-2.2419,-10.75,7.37,-2.2419,0,0,0,54621,7.51088e+08,8.32007e+13,0,profile_only
L2_final_branch_th0,ad6bb15,W2,0,358,1,0.834587,-10.95,7.12,-2.1419,-10.95,7.12,-2.1419,0,0,0,54621,7.88086e+08,8.23221e+13,0,profile_only
L2_final_branch_th0,ad6bb15,W2,0,359,1,0.841154,-11,6.97,-2.0919,-11,6.97,-2.0919,0,0,0,54621,7.28979e+08,7.82871e+13,0,profile_only
L2_final_branch_th0,ad6bb15,W2,0,360,1,0.858914,-11.1,6.72,-1.9919,-11.1,6.72,-1.9919,0,0,0,54621,7.44017e+08,7.49772e+13,0,profile_only
L2_final_branch_th0,ad6bb15,W2,0,361,1,0.806519,-11.15,6.52,-1.9419,-11.15,6.52,-1.9419,0,0,0,54621,7.19754e+08,7.35513e+13,0,profile_only
L2_final_branch_th0,ad6bb15,W2,0,362,1,0.801701,-11.2,6.27,-1.8419,-11.2,6.27,-1.8419,0,0,0,54621,7.60188e+08,7.26102e+13,0,profile_only
L2_final_branch_th0,ad6bb15,W2,0,363,1,0.835962,-11.25,5.97,-1.7419,-11.25,5.97,-1.7419,0,0,0,54621,6.59776e+08,7.5261e+13,0,profile_only
L2_final_branch_th0,ad6bb15,W2,0,364,1,0.787856,-11.3,5.72,-1.6419,-11.3,5.72,-1.6419,0,0,0,54621,6.1262e+08,7.80804e+13,0,profile_only
L2_final_branch_th0,ad6bb15,W2,0,365,1,0.744697,-11.3,5.37,-1.5419,-11.3,5.37,-1.5419,0,0,0,54621,7.26297e+08,8.13499e+13,0,profile_only
L2_final_branch_th0,ad6bb15,W2,0,366,1,0.742472,-11.2,5.02,-1.3919,-11.2,5.02,-1.3919,0,0,0,54621,7.326e+08,8.50264e+13,0,profile_only
L2_final_branch_th0,ad6bb15,W2,0,367,1,0.754548,-11,4.62,-1.1419,-11,4.62,-1.1419,0,0,0,54621,8.20064e+08,8.95698e+13,0,profile_only
L2_final_branch_th0,ad6bb15,W2,0,368,1,0.804958,-10.75,4.37,-0.841899,-10.75,4.37,-0.841899,0,0,0,54621,8.91645e+08,9.32875e+13,0,profile_only
L2_final_branch_th0,ad6bb15,W2,0,369,1,0.750497,-10.45,4.22,-0.541899,-10.45,4.22,-0.541899,0,0,0,54621,7.88438e+08,9.84181e+13,0,profile_only
L2_final_branch_th0,ad6bb15,W2,0,370,1,0.746169,-9.75,4.07,-0.141899,-9.75,4.07,-0.141899,0,0,0,54621,1.03953e+09,1.04033e+14,0,profile_only
L2_final_branch_th0,ad6bb15,W2,0,371,1,0.726818,-9.1,4.02,-0.0418989,-9.1,4.02,-0.0418989,0,0,0,54621,5.00556e+08,1.16866e+14,0,profile_only
L2_final_branch_th0,ad6bb15,W2,0,372,1,0.75414,-8.2,3.92,-0.241899,-8.2,3.92,-0.241899,0,0,0,54621,4.90923e+08,1.258e+14,0,profile_only
L2_final_branch_th0,ad6bb15,W2,0,373,1,0.799587,-7.3,3.52,-0.391899,-7.3,3.52,-0.391899,0,0,0,54621,4.63201e+08,1.38216e+14,0,profile_only
L2_final_branch_th0,ad6bb15,W2,0,374,1,0.863228,-6.9,3.32,-0.441899,-6.9,3.32,-0.441899,0,0,0,54621,5.19088e+08,1.50827e+14,0,profile_only
L2_final_branch_th0,ad6bb15,W2,0,375,1,0.80246,-6.6,3.17,-0.441899,-6.6,3.17,-0.441899,0,0,0,54621,5.54125e+08,1.56719e+14,0,profile_only
L2_final_branch_th0,ad6bb15,W2,0,376,1,0.802979,-6.05,2.92,-0.441899,-6.05,2.92,-0.441899,0,0,0,54621,5.95466e+08,1.6143e+14,0,profile_only
L2_final_branch_th0,ad6bb15,W2,0,377,1,0.774237,-5.65,2.72,-0.441899,-5.65,2.72,-0.441899,0,0,0,54621,6.17465e+08,1.69755e+14,0,profile_only
L2_final_branch_th0,ad6bb15,W2,0,378,1,0.897212,-5,2.42,-0.441899,-5,2.42,-0.441899,0,0,0,54621,5.92339e+08,1.73965e+14,0,profile_only
L2_final_branch_th0,ad6bb15,W2,0,379,1,0.747844,-4.5,2.17,-0.441899,-4.5,2.17,-0.441899,0,0,0,54621,5.9457e+08,1.81239e+14,0,profile_only
L2_final_branch_th0,ad6bb15,W2,0,380,1,0.819735,-3.9,1.82,-0.491899,-3.9,1.82,-0.491899,0,0,0,54621,5.25039e+08,1.878e+14,0,profile_only
L2_final_branch_th0,ad6bb15,W2,0,381,1,0.804683,-3.5,1.57,-0.541899,-3.5,1.57,-0.541899,0,0,0,54621,5.24624e+08,1.91043e+14,0,profile_only
L2_final_branch_th0,ad6bb15,W2,0,382,1,0.807107,-3.3,1.42,-0.591899,-3.3,1.42,-0.591899,0,0,0,54621,5.15415e+08,1.90541e+14,0,profile_only
L2_final_branch_th0,ad6bb15,W2,0,383,1,0.782028,-3.2,1.27,-0.641899,-3.2,1.27,-0.641899,0,0,0,54621,4.57186e+08,1.89682e+14,0,profile_only
L2_final_branch_th0,ad6bb15,W2,0,384,1,0.788123,-2.9,1.02,-0.741899,-2.9,1.02,-0.741899,0,0,0,54621,5.17974e+08,1.88325e+14,0,profile_only
L2_final_branch_th0,ad6bb15,W2,0,385,1,0.77794,-2.6,0.77,-0.791899,-2.6,0.77,-0.791899,0,0,0,54621,4.97972e+08,1.84127e+14,0,profile_only
L2_final_branch_th0,ad6bb15,W2,0,386,1,0.825822,-2.35,0.47,-0.791899,-2.35,0.47,-0.791899,0,0,0,54621,5.41166e+08,1.81717e+14,0,profile_only
L2_final_branch_th0,ad6bb15,W2,0,387,1,0.808478,-2.15,0.27,-0.741899,-2.15,0.27,-0.741899,0,0,0,54621,5.63088e+08,1.74842e+14,0,profile_only
L2_final_branch_th0,ad6bb15,W2,0,388,1,0.795124,-1.9,0.07,-0.641899,-1.9,0.07,-0.641899,0,0,0,54621,6.67265e+08,1.70379e+14,0,profile_only
L2_final_branch_th0,ad6bb15,W2,0,389,1,0.793231,-1.4,-0.18,-0.441899,-1.4,-0.18,-0.441899,0,0,0,54621,7.34277e+08,1.66315e+14,0,profile_only
L2_final_branch_th0,ad6bb15,W2,0,390,1,0.749763,-0.9,-0.38,-0.341899,-0.9,-0.38,-0.341899,0,0,0,54621,6.74958e+08,1.63958e+14,0,profile_only
L2_final_branch_th0,ad6bb15,W2,0,391,1,0.818628,-0.2,-0.63,-0.291899,-0.2,-0.63,-0.291899,0,0,0,54621,6.66674e+08,1.63168e+14,0,profile_only
L2_final_branch_th0,ad6bb15,W2,0,392,1,0.774265,0.2,-0.68,-0.191899,0.2,-0.68,-0.191899,0,0,0,54621,6.46024e+08,1.53981e+14,0,profile_only
L2_final_branch_th0,ad6bb15,W2,0,393,1,0.796818,0.45,-0.68,-0.0918989,0.45,-0.68,-0.0918989,0,0,0,54621,5.6529e+08,1.50796e+14,0,profile_only
L2_final_branch_th0,ad6bb15,W2,0,394,1,0.814892,0.75,-0.68,0.00810113,0.75,-0.68,0.00810113,0,0,0,54621,5.61335e+08,1.50756e+14,0,profile_only
L2_final_branch_th0,ad6bb15,W2,0,395,1,0.794199,1,-0.63,0.108101,1,-0.63,0.108101,0,0,0,54621,6.65822e+08,1.50027e+14,0,profile_only
L2_final_branch_th0,ad6bb15,W2,0,396,1,0.832011,1.3,-0.58,0.208101,1.3,-0.58,0.208101,0,0,0,54621,7.39707e+08,1.50926e+14,0,profile_only
L2_final_branch_th0,ad6bb15,W2,0,397,1,0.895061,1.6,-0.48,0.308101,1.6,-0.48,0.308101,0,0,0,54621,7.56354e+08,1.50741e+14,0,profile_only
L2_final_branch_th0,ad6bb15,W2,0,398,1,0.848339,1.8,-0.38,0.358101,1.8,-0.38,0.358101,0,0,0,54621,6.04067e+08,1.50401e+14,0,profile_only
L2_final_branch_th0,ad6bb15,W2,0,399,1,0.836604,2.05,-0.28,0.458101,2.05,-0.28,0.458101,0,0,0,54621,7.81638e+08,1.50255e+14,0,profile_only
L2_final_branch_th0,ad6bb15,W2,0,400,1,0.833292,2.35,-0.03,0.608101,2.35,-0.03,0.608101,0,0,0,54621,8.10294e+08,1.4948e+14,0,profile_only
L2_final_branch_th0,ad6bb15,W2,0,401,1,0.868751,2.55,0.12,0.658101,2.55,0.12,0.658101,0,0,0,54621,7.17295e+08,1.49875e+14,0,profile_only
L2_final_branch_th0,ad6bb15,W2,0,402,1,0.872505,2.7,0.27,0.758101,2.7,0.27,0.758101,0,0,0,54621,7.44295e+08,1.4825e+14,0,profile_only
L2_final_branch_th0,ad6bb15,W2,0,403,1,0.875406,2.9,0.52,0.858101,2.9,0.52,0.858101,0,0,0,54621,7.78093e+08,1.4746e+14,0,profile_only
L2_final_branch_th0,ad6bb15,W2,0,404,1,0.851851,3.1,0.77,0.958101,3.1,0.77,0.958101,0,0,0,54621,7.2949e+08,1.45696e+14,0,profile_only
L2_final_branch_th0,ad6bb15,W2,0,405,1,0.850766,3.15,0.92,1.0081,3.15,0.92,1.0081,0,0,0,54621,6.1565e+08,1.44155e+14,0,profile_only
L2_final_branch_th0,ad6bb15,W2,0,406,1,0.886543,3.3,1.17,1.1081,3.3,1.17,1.1081,0,0,0,54621,6.5485e+08,1.44262e+14,0,profile_only
L2_final_branch_th0,ad6bb15,W2,0,407,1,0.852381,3.4,1.47,1.2081,3.4,1.47,1.2081,0,0,0,54621,7.14781e+08,1.43394e+14,0,profile_only
L2_final_branch_th0,ad6bb15,W2,0,408,1,0.857282,3.5,1.77,1.3081,3.5,1.77,1.3081,0,0,0,54621,7.21465e+08,1.42588e+14,0,profile_only
L2_final_branch_th0,ad6bb15,W2,0,409,1,0.841472,3.55,2.07,1.4081,3.55,2.07,1.4081,0,0,0,54621,6.61699e+08,1.42266e+14,0,profile_only
L2_final_branch_th0,ad6bb15,W2,0,410,1,0.714183,3.55,2.32,1.5081,3.55,2.32,1.5081,0,0,0,54621,5.72077e+08,1.41853e+14,0,profile_only
L2_final_branch_th0,ad6bb15,W2,0,411,1,0.794192,3.55,2.72,1.6081,3.55,2.72,1.6081,0,0,0,54621,7.19074e+08,1.41758e+14,0,profile_only
L2_final_branch_th0,ad6bb15,W2,0,412,1,0.841794,3.5,3.02,1.7081,3.5,3.02,1.7081,0,0,0,54621,7.52029e+08,1.4187e+14,0,profile_only
L2_final_branch_th0,ad6bb15,W2,0,413,1,0.761904,3.45,3.22,1.7581,3.45,3.22,1.7581,0,0,0,54621,6.03057e+08,1.42444e+14,0,profile_only
L2_final_branch_th0,ad6bb15,W2,0,414,1,0.785105,3.25,3.67,1.9081,3.25,3.67,1.9081,0,0,0,54621,7.55563e+08,1.42805e+14,0,profile_only
L2_final_branch_th0,ad6bb15,W2,0,415,1,0.928268,3.15,3.92,2.0081,3.15,3.92,2.0081,0,0,0,54621,7.3305e+08,1.45521e+14,0,profile_only
L2_final_branch_th0,ad6bb15,W2,0,416,1,0.883834,2.9,4.22,2.1081,2.9,4.22,2.1081,0,0,0,54621,6.92709e+08,1.46432e+14,0,profile_only
L2_final_branch_th0,ad6bb15,W2,0,417,1,0.848634,2.85,4.32,2.1581,2.85,4.32,2.1581,0,0,0,54621,6.57034e+08,1.48977e+14,0,profile_only
L2_final_branch_th0,ad6bb15,W2,0,418,1,0.874096,2.7,4.52,2.2581,2.7,4.52,2.2581,0,0,0,54621,7.48573e+08,1.48687e+14,0,profile_only
L2_final_branch_th0,ad6bb15,W2,0,419,1,0.933082,2.5,4.72,2.3581,2.5,4.72,2.3581,0,0,0,54621,7.35678e+08,1.49685e+14,0,profile_only
L2_final_branch_th0,ad6bb15,W2,0,420,1,0.907556,2.25,4.92,2.4581,2.25,4.92,2.4581,0,0,0,54621,7.12686e+08,1.51203e+14,0,profile_only
L2_final_branch_th0,ad6bb15,W2,0,421,1,0.842009,2.15,4.97,2.5081,2.15,4.97,2.5081,0,0,0,54621,6.68309e+08,1.5223e+14,0,profile_only
L2_final_branch_th0,ad6bb15,W2,0,422,1,0.803196,1.8,5.17,2.6581,1.8,5.17,2.6581,0,0,0,54621,8.11945e+08,1.51663e+14,0,profile_only
L2_final_branch_th0,ad6bb15,W2,0,423,1,0.818792,1.15,5.42,2.8081,1.15,5.42,2.8081,0,0,0,54621,7.7585e+08,1.52964e+14,0,profile_only
L2_final_branch_th0,ad6bb15,W2,0,424,1,0.869199,0.5,5.67,2.8581,0.5,5.67,2.8581,0,0,0,54621,6.36716e+08,1.57988e+14,0,profile_only
L2_final_branch_th0,ad6bb15,W2,0,425,1,0.840373,0.25,5.72,2.8081,0.25,5.72,2.8081,0,0,0,54621,5.79907e+08,1.62664e+14,0,profile_only
L2_final_branch_th0,ad6bb15,W2,0,426,1,0.91312,-0.15,5.87,2.8081,-0.15,5.87,2.8081,0,0,0,54621,4.85421e+08,1.63297e+14,0,profile_only
L2_final_branch_th0,ad6bb15,W2,0,427,1,0.928171,-0.4,5.97,2.8081,-0.4,5.97,2.8081,0,0,0,54621,5.681e+08,1.64036e+14,0,profile_only
L2_final_branch_th0,ad6bb15,W2,0,428,1,0.919523,-0.65,6.07,2.8081,-0.65,6.07,2.8081,0,0,0,54621,6.36098e+08,1.63632e+14,0,profile_only
L2_final_branch_th0,ad6bb15,W2,0,429,1,0.912216,-0.9,6.17,2.8081,-0.9,6.17,2.8081,0,0,0,54621,6.30046e+08,1.62458e+14,0,profile_only
L2_final_branch_th0,ad6bb15,W2,0,430,1,0.893606,-0.95,6.17,2.7581,-0.95,6.17,2.7581,0,0,0,54621,6.06924e+08,1.6161e+14,0,profile_only
L2_final_branch_th0,ad6bb15,W2,0,431,1,0.872446,-1.3,6.32,2.7581,-1.3,6.32,2.7581,0,0,0,54621,6.7064e+08,1.62114e+14,0,profile_only
L2_final_branch_th0,ad6bb15,W2,0,432,1,0.907849,-1.35,6.37,2.7081,-1.35,6.37,2.7081,0,0,0,54621,5.78009e+08,1.62012e+14,0,profile_only
L2_final_branch_th0,ad6bb15,W2,0,433,1,0.851604,-1.6,6.47,2.7081,-1.6,6.47,2.7081,0,0,0,54621,5.69434e+08,1.6203e+14,0,profile_only
L2_final_branch_th0,ad6bb15,W2,0,434,1,0.821277,-1.7,6.52,2.7081,-1.7,6.52,2.7081,0,0,0,54621,6.27266e+08,1.61383e+14,0,profile_only
L2_final_branch_th0,ad6bb15,W2,0,435,1,0.782721,-1.8,6.57,2.7081,-1.8,6.57,2.7081,0,0,0,54621,3.16242e+08,1.6133e+14,0,profile_only
L2_final_branch_th0,ad6bb15,W2,0,436,1,0.780635,-1.8,6.57,2.7081,-1.8,6.57,2.7081,0,0,0,54621,1.74247e+08,1.6016e+14,0,profile_only
L2_final_branch_th0,ad6bb15,W2,0,437,1,0.78188,-1.75,6.57,2.7081,-1.75,6.57,2.7081,0,0,0,54621,1.74235e+08,1.60163e+14,0,profile_only
L2_final_branch_th0,ad6bb15,W2,0,438,1,0.784644,-1.75,6.57,2.7081,-1.75,6.57,2.7081,0,0,0,54621,2.70412e+08,1.60191e+14,0,profile_only
L2_final_branch_th0,ad6bb15,W2,0,439,1,0.765762,-1.75,6.57,2.7081,-1.75,6.57,2.7081,0,0,0,54621,2.80393e+08,1.60197e+14,0,profile_only
L2_final_branch_th0,ad6bb15,W2,0,440,1,0.782979,-1.75,6.57,2.7081,-1.75,6.57,2.7081,0,0,0,54621,2.51272e+08,1.60188e+14,0,profile_only
L2_final_branch_th0,ad6bb15,W2,0,441,1,0.780813,-1.75,6.57,2.7081,-1.75,6.57,2.7081,0,0,0,54621,2.51313e+08,1.60191e+14,0,profile_only
L2_final_branch_th0,ad6bb15,W2,0,442,1,0.79339,-1.8,6.57,2.7081,-1.8,6.57,2.7081,0,0,0,54621,2.51296e+08,1.60176e+14,0,profile_only
L2_final_branch_th0,ad6bb15,W2,0,443,1,0.77433,-1.8,6.57,2.7081,-1.8,6.57,2.7081,0,0,0,54621,1.742e+08,1.60159e+14,0,profile_only
L2_final_branch_th0,ad6bb15,W2,0,444,1,0.774541,-1.8,6.57,2.7081,-1.8,6.57,2.7081,0,0,0,54621,1.74199e+08,1.60173e+14,0,profile_only
L2_final_branch_th0,ad6bb15,W2,0,445,1,0.778049,-1.8,6.57,2.7081,-1.8,6.57,2.7081,0,0,0,54621,1.74178e+08,1.60162e+14,0,profile_only
L2_final_branch_th0,ad6bb15,W2,0,446,1,0.77462,-1.75,6.57,2.7081,-1.75,6.57,2.7081,0,0,0,54621,1.74194e+08,1.60166e+14,0,profile_only
L2_final_branch_th0,ad6bb15,W2,0,447,1,0.776594,-1.8,6.57,2.7081,-1.8,6.57,2.7081,0,0,0,54621,2.71434e+08,1.6019e+14,0,profile_only
L2_final_branch_th0,ad6bb15,W2,0,448,1,0.773764,-1.75,6.57,2.7081,-1.75,6.57,2.7081,0,0,0,54621,1.74181e+08,1.60171e+14,0,profile_only
L2_final_branch_th0,ad6bb15,W2,0,449,1,0.783011,-1.75,6.57,2.7081,-1.75,6.57,2.7081,0,0,0,54621,2.70507e+08,1.60177e+14,0,profile_only
L2_final_branch_th0,ad6bb15,W2,0,450,1,0.783011,-1.75,6.57,2.7081,-1.75,6.57,2.7081,0,0,0,54621,2.70366e+08,1.60201e+14,0,profile_only
L2_final_branch_th4,ad6bb15,W2,4,0,1,0.856585,-2,6.82,-3.02553,-2,6.82,-3.02553,0,0,0,54621,2.17758e+08,1.64836e+14,0,profile_only
L2_final_branch_th4,ad6bb15,W2,4,1,1,0.844429,-2,6.82,-3.02553,-2,6.82,-3.02553,0,0,0,54621,2.17698e+08,1.64841e+14,0,profile_only
L2_final_branch_th4,ad6bb15,W2,4,2,1,0.843975,-2,6.82,-3.02553,-2,6.82,-3.02553,0,0,0,54621,1.93074e+08,1.64831e+14,0,profile_only
L2_final_branch_th4,ad6bb15,W2,4,3,1,0.852156,-2,6.82,-3.02553,-2,6.82,-3.02553,0,0,0,54621,2.89395e+08,1.64844e+14,0,profile_only
L2_final_branch_th4,ad6bb15,W2,4,4,1,0.835537,-2,6.82,-3.02553,-2,6.82,-3.02553,0,0,0,54621,1.94969e+08,1.64848e+14,0,profile_only
L2_final_branch_th4,ad6bb15,W2,4,5,1,0.852722,-2,6.82,-3.02553,-2,6.82,-3.02553,0,0,0,54621,2.89408e+08,1.64833e+14,0,profile_only
L2_final_branch_th4,ad6bb15,W2,4,6,1,0.848405,-2,6.82,-3.02553,-2,6.82,-3.02553,0,0,0,54621,1.93103e+08,1.6484e+14,0,profile_only
L2_final_branch_th4,ad6bb15,W2,4,7,1,0.848227,-2,6.82,-3.02553,-2,6.82,-3.02553,0,0,0,54621,2.79415e+08,1.6484e+14,0,profile_only
L2_final_branch_th4,ad6bb15,W2,4,8,1,0.840112,-2,6.82,-3.02553,-2,6.82,-3.02553,0,0,0,54621,2.1668e+08,1.6484e+14,0,profile_only
L2_final_branch_th4,ad6bb15,W2,4,9,1,0.846384,-2,6.82,-3.02553,-2,6.82,-3.02553,0,0,0,54621,1.93098e+08,1.64842e+14,0,profile_only
L2_final_branch_th4,ad6bb15,W2,4,10,1,0.852689,-2,6.82,-3.02553,-2,6.82,-3.02553,0,0,0,54621,2.83615e+08,1.64837e+14,0,profile_only
L2_final_branch_th4,ad6bb15,W2,4,11,1,0.855098,-2,6.82,-3.02553,-2,6.82,-3.02553,0,0,0,54621,2.63489e+08,1.64834e+14,0,profile_only
L2_final_branch_th4,ad6bb15,W2,4,12,1,0.856164,-2,6.82,-3.02553,-2,6.82,-3.02553,0,0,0,54621,2.79385e+08,1.64843e+14,0,profile_only
L2_final_branch_th4,ad6bb15,W2,4,13,1,0.841922,-2,6.82,-3.02553,-2,6.82,-3.02553,0,0,0,54621,1.93104e+08,1.6484e+14,0,profile_only
L2_final_branch_th4,ad6bb15,W2,4,14,1,0.844752,-2,6.82,-3.02553,-2,6.82,-3.02553,0,0,0,54621,2.8943e+08,1.64842e+14,0,profile_only
L2_final_branch_th4,ad6bb15,W2,4,15,1,0.848114,-2,6.82,-3.02553,-2,6.82,-3.02553,0,0,0,54621,2.93564e+08,1.64843e+14,0,profile_only
L2_final_branch_th4,ad6bb15,W2,4,16,1,0.850168,-2,6.82,-3.02553,-2,6.82,-3.02553,0,0,0,54621,1.93095e+08,1.64837e+14,0,profile_only
L2_final_branch_th4,ad6bb15,W2,4,17,1,0.826225,-2,6.82,-3.02553,-2,6.82,-3.02553,0,0,0,54621,2.92161e+08,1.64835e+14,0,profile_only
L2_final_branch_th4,ad6bb15,W2,4,18,1,0.857118,-2.05,6.82,-3.02553,-2.05,6.82,-3.02553,0,0,0,54621,2.68683e+08,1.6487e+14,0,profile_only
L2_final_branch_th4,ad6bb15,W2,4,19,1,0.832432,-2.2,6.82,-3.02553,-2.2,6.82,-3.02553,0,0,0,54621,2.76788e+08,1.64918e+14,0,profile_only
L2_final_branch_th4,ad6bb15,W2,4,20,1,0.816216,-2.3,6.82,-3.02553,-2.3,6.82,-3.02553,0,0,0,54621,2.94457e+08,1.64952e+14,0,profile_only
L2_final_branch_th4,ad6bb15,W2,4,21,1,0.781016,-2.5,6.77,-3.02553,-2.5,6.77,-3.02553,0,0,0,54621,6.13898e+08,1.65055e+14,0,profile_only
L2_final_branch_th4,ad6bb15,W2,4,22,1,0.872413,-2.75,6.77,-3.02553,-2.75,6.77,-3.02553,0,0,0,54621,4.43474e+08,1.66126e+14,0,profile_only
L2_final_branch_th4,ad6bb15,W2,4,23,1,0.884733,-3,6.72,-3.02553,-3,6.72,-3.02553,0,0,0,54621,5.652e+08,1.66086e+14,0,profile_only
L2_final_branch_th4,ad6bb15,W2,4,24,1,0.875986,-3.2,6.72,-2.97553,-3.2,6.72,-2.97553,0,0,0,54621,6.0244e+08,1.66627e+14,0,profile_only
L2_final_branch_th4,ad6bb15,W2,4,25,1,0.922755,-3.5,6.67,-2.97553,-3.5,6.67,-2.97553,0,0,0,54621,5.52059e+08,1.66936e+14,0,profile_only
L2_final_branch_th4,ad6bb15,W2,4,26,1,0.884522,-3.85,6.57,-2.92553,-3.85,6.57,-2.92553,0,0,0,54621,6.07572e+08,1.64117e+14,0,profile_only
L2_final_branch_th4,ad6bb15,W2,4,27,1,0.816916,-4.1,6.52,-2.92553,-4.1,6.52,-2.92553,0,0,0,54621,4.61653e+08,1.60576e+14,0,profile_only
L2_final_branch_th4,ad6bb15,W2,4,28,1,0.813499,-4.25,6.52,-2.97553,-4.25,6.52,-2.97553,0,0,0,54621,5.81906e+08,1.56886e+14,0,profile_only
L2_final_branch_th4,ad6bb15,W2,4,29,1,0.817533,-4.6,6.47,-3.12553,-4.6,6.47,-3.12553,0,0,0,54621,5.5305e+08,1.54282e+14,0,profile_only
L2_final_branch_th4,ad6bb15,W2,4,30,1,0.854728,-4.85,6.52,3.00766,-4.85,6.52,3.00766,0,0,0,54621,4.28407e+08,1.48543e+14,0,profile_only
L2_final_branch_th4,ad6bb15,W2,4,31,1,0.886285,-5.05,6.57,2.85766,-5.05,6.57,2.85766,0,0,0,54621,6.80908e+08,1.42636e+14,0,profile_only
L2_final_branch_th4,ad6bb15,W2,4,32,1,0.89,-5.25,6.72,2.70766,-5.25,6.72,2.70766,0,0,0,54621,7.38479e+08,1.37365e+14,0,profile_only
L2_final_branch_th4,ad6bb15,W2,4,33,1,0.904663,-5.45,6.87,2.55766,-5.45,6.87,2.55766,0,0,0,54621,7.22025e+08,1.30733e+14,0,profile_only
L2_final_branch_th4,ad6bb15,W2,4,34,1,0.862517,-5.6,7.07,2.40766,-5.6,7.07,2.40766,0,0,0,54621,5.14362e+08,1.24453e+14,0,profile_only
L2_final_branch_th4,ad6bb15,W2,4,35,1,0.854064,-5.7,7.12,2.25766,-5.7,7.12,2.25766,0,0,0,54621,6.58839e+08,1.1877e+14,0,profile_only
L2_final_branch_th4,ad6bb15,W2,4,36,1,0.869177,-5.8,7.37,2.15766,-5.8,7.37,2.15766,0,0,0,54621,5.63582e+08,1.16109e+14,0,profile_only
L2_final_branch_th4,ad6bb15,W2,4,37,1,0.894382,-5.9,7.52,2.10766,-5.9,7.52,2.10766,0,0,0,54621,4.97176e+08,1.11345e+14,0,profile_only
L2_final_branch_th4,ad6bb15,W2,4,38,1,0.869888,-6,7.72,2.10766,-6,7.72,2.10766,0,0,0,54621,5.16286e+08,1.08276e+14,0,profile_only
L2_final_branch_th4,ad6bb15,W2,4,39,1,0.850944,-6.15,7.92,2.10766,-6.15,7.92,2.10766,0,0,0,54621,4.97142e+08,1.04116e+14,0,profile_only
L2_final_branch_th4,ad6bb15,W2,4,40,1,0.900365,-6.2,8.02,2.10766,-6.2,8.02,2.10766,0,0,0,54621,5.81511e+08,9.95189e+13,0,profile_only
L2_final_branch_th4,ad6bb15,W2,4,41,1,0.881482,-6.3,8.17,2.10766,-6.3,8.17,2.10766,0,0,0,54621,5.5722e+08,9.75893e+13,0,profile_only
L2_final_branch_th4,ad6bb15,W2,4,42,1,0.883858,-6.4,8.32,2.15766,-6.4,8.32,2.15766,0,0,0,54621,5.57024e+08,9.44392e+13,0,profile_only
L2_final_branch_th4,ad6bb15,W2,4,43,1,0.92421,-6.5,8.47,2.20766,-6.5,8.47,2.20766,0,0,0,54621,5.30986e+08,9.1041e+13,0,profile_only
L2_final_branch_th4,ad6bb15,W2,4,44,1,0.891342,-6.55,8.52,2.25766,-6.55,8.52,2.25766,0,0,0,54621,6.23919e+08,8.79231e+13,0,profile_only
L2_final_branch_th4,ad6bb15,W2,4,45,1,0.888611,-6.65,8.62,2.30766,-6.65,8.62,2.30766,0,0,0,54621,7.22649e+08,8.68053e+13,0,profile_only
L2_final_branch_th4,ad6bb15,W2,4,46,1,0.895612,-6.9,8.77,2.50766,-6.9,8.77,2.50766,0,0,0,54621,8.79491e+08,8.44972e+13,0,profile_only
L2_final_branch_th4,ad6bb15,W2,4,47,1,0.906089,-6.95,8.82,2.55766,-6.95,8.82,2.55766,0,0,0,54621,5.48956e+08,8.14974e+13,0,profile_only
L2_final_branch_th4,ad6bb15,W2,4,48,1,0.864363,-7.1,8.87,2.65766,-7.1,8.87,2.65766,0,0,0,54621,5.49605e+08,8.06519e+13,0,profile_only
L2_final_branch_th4,ad6bb15,W2,4,49,1,0.882581,-7.3,8.92,2.80766,-7.3,8.92,2.80766,0,0,0,54621,5.53703e+08,7.94373e+13,0,profile_only
L2_final_branch_th4,ad6bb15,W2,4,50,1,0.792585,-7.4,8.92,2.85766,-7.4,8.92,2.85766,0,0,0,54621,5.17676e+08,7.83531e+13,0,profile_only
L2_final_branch_th4,ad6bb15,W2,4,51,1,0.80287,-7.6,8.97,3.00766,-7.6,8.97,3.00766,0,0,0,54621,7.25981e+08,7.74763e+13,0,profile_only
L2_final_branch_th4,ad6bb15,W2,4,52,1,0.78418,-7.75,8.92,3.10766,-7.75,8.92,3.10766,0,0,0,54621,6.25042e+08,7.6639e+13,0,profile_only
L2_final_branch_th4,ad6bb15,W2,4,53,1,0.846239,-7.9,8.92,-3.07553,-7.9,8.92,-3.07553,0,0,0,54621,5.505e+08,7.69128e+13,0,profile_only
L2_final_branch_th4,ad6bb15,W2,4,54,1,0.850346,-8.05,8.87,-2.97553,-8.05,8.87,-2.97553,0,0,0,54621,6.30406e+08,7.58509e+13,0,profile_only
L2_final_branch_th4,ad6bb15,W2,4,55,1,0.869003,-8.2,8.82,-2.92553,-8.2,8.82,-2.92553,0,0,0,54621,5.56545e+08,7.5034e+13,0,profile_only
L2_final_branch_th4,ad6bb15,W2,4,56,1,0.869942,-8.35,8.77,-2.87553,-8.35,8.77,-2.87553,0,0,0,54621,5.53684e+08,7.3648e+13,0,profile_only
L2_final_branch_th4,ad6bb15,W2,4,57,1,0.806552,-8.55,8.72,-2.82553,-8.55,8.72,-2.82553,0,0,0,54621,6.00606e+08,7.34958e+13,0,profile_only
L2_final_branch_th4,ad6bb15,W2,4,58,1,0.792665,-8.65,8.67,-2.82553,-8.65,8.67,-2.82553,0,0,0,54621,5.1799e+08,7.30539e+13,0,profile_only
L2_final_branch_th4,ad6bb15,W2,4,59,1,0.840953,-8.85,8.62,-2.82553,-8.85,8.62,-2.82553,0,0,0,54621,4.7704e+08,7.32236e+13,0,profile_only
L2_final_branch_th4,ad6bb15,W2,4,60,1,0.887432,-9,8.57,-2.82553,-9,8.57,-2.82553,0,0,0,54621,4.93161e+08,7.28516e+13,0,profile_only
L2_final_branch_th4,ad6bb15,W2,4,61,1,0.81084,-9.2,8.52,-2.82553,-9.2,8.52,-2.82553,0,0,0,54621,5.22148e+08,7.37023e+13,0,profile_only
L2_final_branch_th4,ad6bb15,W2,4,62,1,0.770456,-9.35,8.47,-2.82553,-9.35,8.47,-2.82553,0,0,0,54621,5.34047e+08,7.4072e+13,0,profile_only
L2_final_branch_th4,ad6bb15,W2,4,63,1,0.792618,-9.45,8.42,-2.82553,-9.45,8.42,-2.82553,0,0,0,54621,5.21799e+08,7.46312e+13,0,profile_only
L2_final_branch_th4,ad6bb15,W2,4,64,1,0.764924,-9.6,8.37,-2.77553,-9.6,8.37,-2.77553,0,0,0,54621,5.2655e+08,7.6778e+13,0,profile_only
L2_final_branch_th4,ad6bb15,W2,4,65,1,0.833923,-9.8,8.27,-2.77553,-9.8,8.27,-2.77553,0,0,0,54621,5.68695e+08,8.01565e+13,0,profile_only
L2_final_branch_th4,ad6bb15,W2,4,66,1,0.798881,-9.95,8.22,-2.77553,-9.95,8.22,-2.77553,0,0,0,54621,5.77495e+08,8.12872e+13,0,profile_only
L2_final_branch_th4,ad6bb15,W2,4,67,1,0.766256,-10.15,8.12,-2.72553,-10.15,8.12,-2.72553,0,0,0,54621,6.69943e+08,8.15649e+13,0,profile_only
L2_final_branch_th4,ad6bb15,W2,4,68,1,0.88832,-10.15,8.12,-2.72553,-10.15,8.12,-2.72553,0,0,0,54621,5.88679e+08,8.1641e+13,0,profile_only
L2_final_branch_th4,ad6bb15,W2,4,69,1,0.889724,-10.35,8.02,-2.67553,-10.35,8.02,-2.67553,0,0,0,54621,7.27062e+08,8.23397e+13,0,profile_only
L2_final_branch_th4,ad6bb15,W2,4,70,1,0.83655,-10.5,7.92,-2.62553,-10.5,7.92,-2.62553,0,0,0,54621,6.46663e+08,8.17353e+13,0,profile_only
L2_final_branch_th4,ad6bb15,W2,4,71,1,0.894339,-10.55,7.92,-2.62553,-10.55,7.92,-2.62553,0,0,0,54621,6.17297e+08,8.17738e+13,0,profile_only
L2_final_branch_th4,ad6bb15,W2,4,72,1,0.897473,-10.7,7.82,-2.57553,-10.7,7.82,-2.57553,0,0,0,54621,7.06983e+08,8.0854e+13,0,profile_only
L2_final_branch_th4,ad6bb15,W2,4,73,1,0.934915,-10.8,7.72,-2.52553,-10.8,7.72,-2.52553,0,0,0,54621,6.96762e+08,8.02503e+13,0,profile_only
L2_final_branch_th4,ad6bb15,W2,4,74,1,0.915629,-10.95,7.57,-2.47553,-10.95,7.57,-2.47553,0,0,0,54621,6.61215e+08,7.99538e+13,0,profile_only
L2_final_branch_th4,ad6bb15,W2,4,75,1,0.914208,-11.05,7.47,-2.42553,-11.05,7.47,-2.42553,0,0,0,54621,6.75149e+08,7.95416e+13,0,profile_only
L2_final_branch_th4,ad6bb15,W2,4,76,1,0.916279,-11.1,7.42,-2.37553,-11.1,7.42,-2.37553,0,0,0,54621,6.73381e+08,7.90969e+13,0,profile_only
L2_final_branch_th4,ad6bb15,W2,4,77,1,0.892343,-11.2,7.32,-2.32553,-11.2,7.32,-2.32553,0,0,0,54621,6.83046e+08,7.87383e+13,0,profile_only
L2_final_branch_th4,ad6bb15,W2,4,78,1,0.879324,-11.25,7.22,-2.27553,-11.25,7.22,-2.27553,0,0,0,54621,7.16787e+08,7.80883e+13,0,profile_only
L2_final_branch_th4,ad6bb15,W2,4,79,1,0.846024,-11.35,7.07,-2.17553,-11.35,7.07,-2.17553,0,0,0,54621,8.39184e+08,7.69138e+13,0,profile_only
L2_final_branch_th4,ad6bb15,W2,4,80,1,0.861258,-11.4,6.97,-2.12553,-11.4,6.97,-2.12553,0,0,0,54621,6.66965e+08,7.6857e+13,0,profile_only
L2_final_branch_th4,ad6bb15,W2,4,81,1,0.834133,-11.5,6.77,-2.02553,-11.5,6.77,-2.02553,0,0,0,54621,8.02383e+08,7.48106e+13,0,profile_only
L2_final_branch_th4,ad6bb15,W2,4,82,1,0.803417,-11.55,6.62,-1.97553,-11.55,6.62,-1.97553,0,0,0,54621,5.91614e+08,7.50112e+13,0,profile_only
L2_final_branch_th4,ad6bb15,W2,4,83,1,0.829395,-11.55,6.57,-1.92553,-11.55,6.57,-1.92553,0,0,0,54621,6.71666e+08,7.53208e+13,0,profile_only
L2_final_branch_th4,ad6bb15,W2,4,84,1,0.7878,-11.6,6.37,-1.82553,-11.6,6.37,-1.82553,0,0,0,54621,6.59431e+08,7.56841e+13,0,profile_only
L2_final_branch_th4,ad6bb15,W2,4,85,1,0.819024,-11.6,6.27,-1.77553,-11.6,6.27,-1.77553,0,0,0,54621,5.09685e+08,7.64004e+13,0,profile_only
L2_final_branch_th4,ad6bb15,W2,4,86,1,0.802463,-11.6,6.17,-1.72553,-11.6,6.17,-1.72553,0,0,0,54621,5.53051e+08,7.63935e+13,0,profile_only
L2_final_branch_th4,ad6bb15,W2,4,87,1,0.821426,-11.6,6.07,-1.67553,-11.6,6.07,-1.67553,0,0,0,54621,5.55811e+08,7.708e+13,0,profile_only
L2_final_branch_th4,ad6bb15,W2,4,88,1,0.762326,-11.6,5.92,-1.62553,-11.6,5.92,-1.62553,0,0,0,54621,5.66452e+08,7.7383e+13,0,profile_only
L2_final_branch_th4,ad6bb15,W2,4,89,1,0.769779,-11.6,5.77,-1.57553,-11.6,5.77,-1.57553,0,0,0,54621,6.25939e+08,7.73745e+13,0,profile_only
L2_final_branch_th4,ad6bb15,W2,4,90,1,0.761545,-11.6,5.62,-1.47553,-11.6,5.62,-1.47553,0,0,0,54621,6.3528e+08,7.8486e+13,0,profile_only
L2_final_branch_th4,ad6bb15,W2,4,91,1,0.7738,-11.55,5.47,-1.42553,-11.55,5.47,-1.42553,0,0,0,54621,8.00588e+08,8.02428e+13,0,profile_only
L2_final_branch_th4,ad6bb15,W2,4,92,1,0.803524,-11.5,5.37,-1.37553,-11.5,5.37,-1.37553,0,0,0,54621,6.57082e+08,8.11368e+13,0,profile_only
L2_final_branch_th4,ad6bb15,W2,4,93,1,0.786392,-11.45,5.27,-1.32553,-11.45,5.27,-1.32553,0,0,0,54621,6.20648e+08,8.39781e+13,0,profile_only
L2_final_branch_th4,ad6bb15,W2,4,94,1,0.72412,-11.4,5.12,-1.27553,-11.4,5.12,-1.27553,0,0,0,54621,6.14599e+08,8.42868e+13,0,profile_only
L2_final_branch_th4,ad6bb15,W2,4,95,1,0.721327,-11.35,5.02,-1.22553,-11.35,5.02,-1.22553,0,0,0,54621,6.18198e+08,8.69511e+13,0,profile_only
L2_final_branch_th4,ad6bb15,W2,4,96,1,0.783429,-11.3,4.87,-1.12553,-11.3,4.87,-1.12553,0,0,0,54621,7.17289e+08,8.60011e+13,0,profile_only
L2_final_branch_th4,ad6bb15,W2,4,97,1,0.780995,-11.2,4.77,-1.07553,-11.2,4.77,-1.07553,0,0,0,54621,5.68034e+08,8.97127e+13,0,profile_only
L2_final_branch_th4,ad6bb15,W2,4,98,1,0.811859,-11.15,4.67,-0.975528,-11.15,4.67,-0.975528,0,0,0,54621,6.74257e+08,9.12847e+13,0,profile_only
L2_final_branch_th4,ad6bb15,W2,4,99,1,0.731823,-11.05,4.57,-0.925528,-11.05,4.57,-0.925528,0,0,0,54621,7.74169e+08,9.31749e+13,0,profile_only
L2_final_branch_th4,ad6bb15,W2,4,100,1,0.752223,-10.95,4.52,-0.825528,-10.95,4.52,-0.825528,0,0,0,54621,7.38494e+08,9.38071e+13,0,profile_only
L2_final_branch_th4,ad6bb15,W2,4,101,1,0.726117,-10.9,4.42,-0.725528,-10.9,4.42,-0.725528,0,0,0,54621,6.91072e+08,9.4765e+13,0,profile_only
L2_final_branch_th4,ad6bb15,W2,4,102,1,0.774733,-10.75,4.37,-0.625528,-10.75,4.37,-0.625528,0,0,0,54621,6.42955e+08,9.55263e+13,0,profile_only
L2_final_branch_th4,ad6bb15,W2,4,103,1,0.804049,-10.6,4.32,-0.525528,-10.6,4.32,-0.525528,0,0,0,54621,6.3533e+08,9.84593e+13,0,profile_only
L2_final_branch_th4,ad6bb15,W2,4,104,1,0.741455,-10.55,4.32,-0.475528,-10.55,4.32,-0.475528,0,0,0,54621,7.85989e+08,1.00047e+14,0,profile_only
L2_final_branch_th4,ad6bb15,W2,4,105,1,0.760907,-10.35,4.22,-0.325528,-10.35,4.22,-0.325528,0,0,0,54621,7.64226e+08,1.02672e+14,0,profile_only
L2_final_branch_th4,ad6bb15,W2,4,106,1,0.821447,-10.25,4.22,-0.275528,-10.25,4.22,-0.275528,0,0,0,54621,5.35407e+08,1.0537e+14,0,profile_only
L2_final_branch_th4,ad6bb15,W2,4,107,1,0.854552,-10.1,4.22,-0.175528,-10.1,4.22,-0.175528,0,0,0,54621,8.55891e+08,1.07344e+14,0,profile_only
L2_final_branch_th4,ad6bb15,W2,4,108,1,0.752856,-9.9,4.17,-0.125528,-9.9,4.17,-0.125528,0,0,0,54621,8.33902e+08,1.10365e+14,0,profile_only
L2_final_branch_th4,ad6bb15,W2,4,109,1,0.748123,-9.7,4.17,-0.125528,-9.7,4.17,-0.125528,0,0,0,54621,9.00472e+08,1.13983e+14,0,profile_only
L2_final_branch_th4,ad6bb15,W2,4,110,1,0.707903,-9.45,4.17,-0.125528,-9.45,4.17,-0.125528,0,0,0,54621,7.83564e+08,1.16671e+14,0,profile_only
L2_final_branch_th4,ad6bb15,W2,4,111,1,0.754136,-9.3,4.12,-0.0755283,-9.3,4.12,-0.0755283,0,0,0,54621,7.49236e+08,1.20163e+14,0,profile_only
L2_final_branch_th4,ad6bb15,W2,4,112,1,0.733581,-9.15,4.12,-0.0755283,-9.15,4.12,-0.0755283,0,0,0,54621,6.41353e+08,1.24034e+14,0,profile_only
L2_final_branch_th4,ad6bb15,W2,4,113,1,0.701472,-8.9,4.07,-0.125528,-8.9,4.07,-0.125528,0,0,0,54621,6.0337e+08,1.25744e+14,0,profile_only
L2_final_branch_th4,ad6bb15,W2,4,114,1,0.713059,-8.8,4.07,-0.175528,-8.8,4.07,-0.175528,0,0,0,54621,2.83352e+08,1.29092e+14,0,profile_only
L2_final_branch_th4,ad6bb15,W2,4,115,1,0.708209,-8.65,4.02,-0.225528,-8.65,4.02,-0.225528,0,0,0,54621,5.23959e+08,1.3142e+14,0,profile_only
L2_final_branch_th4,ad6bb15,W2,4,116,1,0.674366,-8.55,3.97,-0.275528,-8.55,3.97,-0.275528,0,0,0,54621,5.00685e+08,1.33939e+14,0,profile_only
L2_final_branch_th4,ad6bb15,W2,4,117,1,0.670747,-8.5,3.97,-0.325528,-8.5,3.97,-0.325528,0,0,0,54621,5.2395e+08,1.34941e+14,0,profile_only
L2_final_branch_th4,ad6bb15,W2,4,118,1,0.719251,-8.4,3.92,-0.325528,-8.4,3.92,-0.325528,0,0,0,54621,4.10306e+08,1.35458e+14,0,profile_only
L2_final_branch_th4,ad6bb15,W2,4,119,1,0.730566,-8.35,3.92,-0.375528,-8.35,3.92,-0.375528,0,0,0,54621,3.59663e+08,1.36536e+14,0,profile_only
L2_final_branch_th4,ad6bb15,W2,4,120,1,0.760441,-8.1,3.77,-0.375528,-8.1,3.77,-0.375528,0,0,0,54621,4.52148e+08,1.37498e+14,0,profile_only
L2_final_branch_th4,ad6bb15,W2,4,121,1,0.755623,-8.05,3.77,-0.425528,-8.05,3.77,-0.425528,0,0,0,54621,5.13476e+08,1.41212e+14,0,profile_only
L2_final_branch_th4,ad6bb15,W2,4,122,1,0.795091,-7.95,3.72,-0.425528,-7.95,3.72,-0.425528,0,0,0,54621,5.18201e+08,1.41374e+14,0,profile_only
L2_final_branch_th4,ad6bb15,W2,4,123,1,0.817076,-7.75,3.57,-0.425528,-7.75,3.57,-0.425528,0,0,0,54621,6.13227e+08,1.4279e+14,0,profile_only
L2_final_branch_th4,ad6bb15,W2,4,124,1,0.843624,-7.65,3.52,-0.425528,-7.65,3.52,-0.425528,0,0,0,54621,5.85952e+08,1.45792e+14,0,profile_only
L2_final_branch_th4,ad6bb15,W2,4,125,1,0.824458,-7.45,3.42,-0.425528,-7.45,3.42,-0.425528,0,0,0,54621,5.74486e+08,1.47652e+14,0,profile_only
L2_final_branch_th4,ad6bb15,W2,4,126,1,0.797444,-7.4,3.42,-0.475528,-7.4,3.42,-0.475528,0,0,0,54621,5.43215e+08,1.50091e+14,0,profile_only
L2_final_branch_th4,ad6bb15,W2,4,127,1,0.834265,-7.2,3.32,-0.475528,-7.2,3.32,-0.475528,0,0,0,54621,5.96317e+08,1.50251e+14,0,profile_only
L2_final_branch_th4,ad6bb15,W2,4,128,1,0.870099,-7.1,3.27,-0.475528,-7.1,3.27,-0.475528,0,0,0,54621,5.92536e+08,1.5295e+14,0,profile_only
L2_final_branch_th4,ad6bb15,W2,4,129,1,0.840377,-7.05,3.22,-0.475528,-7.05,3.22,-0.475528,0,0,0,54621,5.72334e+08,1.54666e+14,0,profile_only
L2_final_branch_th4,ad6bb15,W2,4,130,1,0.846714,-6.9,3.12,-0.475528,-6.9,3.12,-0.475528,0,0,0,54621,4.7731e+08,1.55958e+14,0,profile_only
L2_final_branch_th4,ad6bb15,W2,4,131,1,0.810564,-6.75,3.07,-0.525528,-6.75,3.07,-0.525528,0,0,0,54621,5.65312e+08,1.58442e+14,0,profile_only
L2_final_branch_th4,ad6bb15,W2,4,132,1,0.873383,-6.6,2.97,-0.525528,-6.6,2.97,-0.525528,0,0,0,54621,5.96259e+08,1.60693e+14,0,profile_only
L2_final_branch_th4,ad6bb15,W2,4,133,1,0.884126,-6.5,2.92,-0.525528,-6.5,2.92,-0.525528,0,0,0,54621,5.88833e+08,1.63359e+14,0,profile_only
L2_final_branch_th4,ad6bb15,W2,4,134,1,0.825805,-6.5,2.87,-0.525528,-6.5,2.87,-0.525528,0,0,0,54621,5.86621e+08,1.65314e+14,0,profile_only
L2_final_branch_th4,ad6bb15,W2,4,135,1,0.87448,-6.15,2.72,-0.575528,-6.15,2.72,-0.575528,0,0,0,54621,5.40532e+08,1.65505e+14,0,profile_only
L2_final_branch_th4,ad6bb15,W2,4,136,1,0.9171,-6.05,2.62,-0.575528,-6.05,2.62,-0.575528,0,0,0,54621,6.74065e+08,1.70666e+14,0,profile_only
L2_final_branch_th4,ad6bb15,W2,4,137,1,0.86414,-5.9,2.52,-0.575528,-5.9,2.52,-0.575528,0,0,0,54621,6.12487e+08,1.71925e+14,0,profile_only
L2_final_branch_th4,ad6bb15,W2,4,138,1,0.811717,-5.75,2.42,-0.575528,-5.75,2.42,-0.575528,0,0,0,54621,6.19088e+08,1.73254e+14,0,profile_only
L2_final_branch_th4,ad6bb15,W2,4,139,1,0.832817,-5.6,2.32,-0.625528,-5.6,2.32,-0.625528,0,0,0,54621,6.23383e+08,1.74826e+14,0,profile_only
L2_final_branch_th4,ad6bb15,W2,4,140,1,0.860467,-5.4,2.17,-0.625528,-5.4,2.17,-0.625528,0,0,0,54621,6.65853e+08,1.76864e+14,0,profile_only
L2_final_branch_th4,ad6bb15,W2,4,141,1,0.779315,-5.25,2.07,-0.625528,-5.25,2.07,-0.625528,0,0,0,54621,6.39035e+08,1.79085e+14,0,profile_only
L2_final_branch_th4,ad6bb15,W2,4,142,1,0.808496,-5.1,1.92,-0.625528,-5.1,1.92,-0.625528,0,0,0,54621,6.37584e+08,1.80499e+14,0,profile_only
L2_final_branch_th4,ad6bb15,W2,4,143,1,0.835168,-4.95,1.82,-0.625528,-4.95,1.82,-0.625528,0,0,0,54621,6.2447e+08,1.81386e+14,0,profile_only
L2_final_branch_th4,ad6bb15,W2,4,144,1,0.779572,-4.8,1.72,-0.625528,-4.8,1.72,-0.625528,0,0,0,54621,6.14419e+08,1.83212e+14,0,profile_only
L2_final_branch_th4,ad6bb15,W2,4,145,1,0.852174,-4.65,1.62,-0.625528,-4.65,1.62,-0.625528,0,0,0,54621,6.14501e+08,1.84855e+14,0,profile_only
L2_final_branch_th4,ad6bb15,W2,4,146,1,0.773449,-4.3,1.42,-0.575528,-4.3,1.42,-0.575528,0,0,0,54621,6.35699e+08,1.85831e+14,0,profile_only
L2_final_branch_th4,ad6bb15,W2,4,147,1,0.84026,-4.4,1.47,-0.575528,-4.4,1.47,-0.575528,0,0,0,54621,5.58472e+08,1.88801e+14,0,profile_only
L2_final_branch_th4,ad6bb15,W2,4,148,1,0.856085,-4.25,1.37,-0.525528,-4.25,1.37,-0.525528,0,0,0,54621,6.85664e+08,1.88864e+14,0,profile_only
L2_final_branch_th4,ad6bb15,W2,4,149,1,0.775114,-4.15,1.32,-0.475528,-4.15,1.32,-0.475528,0,0,0,54621,6.11785e+08,1.90477e+14,0,profile_only
L2_final_branch_th4,ad6bb15,W2,4,150,1,0.772219,-4,1.27,-0.475528,-4,1.27,-0.475528,0,0,0,54621,6.08982e+08,1.91461e+14,0,profile_only
L2_final_branch_th4,ad6bb15,W2,4,151,1,0.811874,-3.85,1.22,-0.425528,-3.85,1.22,-0.425528,0,0,0,54621,6.47867e+08,1.91401e+14,0,profile_only
L2_final_branch_th4,ad6bb15,W2,4,152,1,0.793782,-3.7,1.17,-0.425528,-3.7,1.17,-0.425528,0,0,0,54621,5.64408e+08,1.90523e+14,0,profile_only
L2_final_branch_th4,ad6bb15,W2,4,153,1,0.818741,-3.55,1.07,-0.425528,-3.55,1.07,-0.425528,0,0,0,54621,5.88172e+08,1.892e+14,0,profile_only
L2_final_branch_th4,ad6bb15,W2,4,154,1,0.891716,-3.4,1.02,-0.425528,-3.4,1.02,-0.425528,0,0,0,54621,5.16185e+08,1.87063e+14,0,profile_only
L2_final_branch_th4,ad6bb15,W2,4,155,1,0.831336,-3.3,0.97,-0.475528,-3.3,0.97,-0.475528,0,0,0,54621,5.32461e+08,1.86204e+14,0,profile_only
L2_final_branch_th4,ad6bb15,W2,4,156,1,0.81606,-3.15,0.87,-0.525528,-3.15,0.87,-0.525528,0,0,0,54621,4.90196e+08,1.85234e+14,0,profile_only
L2_final_branch_th4,ad6bb15,W2,4,157,1,0.910631,-3,0.77,-0.525528,-3,0.77,-0.525528,0,0,0,54621,5.47647e+08,1.83526e+14,0,profile_only
L2_final_branch_th4,ad6bb15,W2,4,158,1,0.848648,-2.85,0.67,-0.575528,-2.85,0.67,-0.575528,0,0,0,54621,5.53755e+08,1.82436e+14,0,profile_only
L2_final_branch_th4,ad6bb15,W2,4,159,1,0.852029,-2.75,0.57,-0.575528,-2.75,0.57,-0.575528,0,0,0,54621,5.90754e+08,1.81493e+14,0,profile_only
L2_final_branch_th4,ad6bb15,W2,4,160,1,0.73411,-2.5,0.42,-0.575528,-2.5,0.42,-0.575528,0,0,0,54621,5.95153e+08,1.81198e+14,0,profile_only
L2_final_branch_th4,ad6bb15,W2,4,161,1,0.767267,-2.4,0.32,-0.625528,-2.4,0.32,-0.625528,0,0,0,54621,5.23191e+08,1.78211e+14,0,profile_only
L2_final_branch_th4,ad6bb15,W2,4,162,1,0.777552,-2.3,0.27,-0.625528,-2.3,0.27,-0.625528,0,0,0,54621,6.21901e+08,1.75078e+14,0,profile_only
L2_final_branch_th4,ad6bb15,W2,4,163,1,0.796448,-2.05,0.07,-0.575528,-2.05,0.07,-0.575528,0,0,0,54621,6.60715e+08,1.72851e+14,0,profile_only
L2_final_branch_th4,ad6bb15,W2,4,164,1,0.82592,-1.95,0.02,-0.575528,-1.95,0.02,-0.575528,0,0,0,54621,6.03383e+08,1.68585e+14,0,profile_only
L2_final_branch_th4,ad6bb15,W2,4,165,1,0.806827,-1.7,-0.13,-0.525528,-1.7,-0.13,-0.525528,0,0,0,54621,6.25583e+08,1.66817e+14,0,profile_only
L2_final_branch_th4,ad6bb15,W2,4,166,1,0.762812,-1.6,-0.18,-0.475528,-1.6,-0.18,-0.475528,0,0,0,54621,6.39706e+08,1.63665e+14,0,profile_only
L2_final_branch_th4,ad6bb15,W2,4,167,1,0.783418,-1.3,-0.28,-0.425528,-1.3,-0.28,-0.425528,0,0,0,54621,6.64876e+08,1.63519e+14,0,profile_only
L2_final_branch_th4,ad6bb15,W2,4,168,1,0.766008,-1.05,-0.38,-0.325528,-1.05,-0.38,-0.325528,0,0,0,54621,6.92802e+08,1.61515e+14,0,profile_only
L2_final_branch_th4,ad6bb15,W2,4,169,1,0.807843,-0.8,-0.43,-0.275528,-0.8,-0.43,-0.275528,0,0,0,54621,6.20121e+08,1.60538e+14,0,profile_only
L2_final_branch_th4,ad6bb15,W2,4,170,1,0.827324,-0.6,-0.48,-0.225528,-0.6,-0.48,-0.225528,0,0,0,54621,6.31883e+08,1.58943e+14,0,profile_only
L2_final_branch_th4,ad6bb15,W2,4,171,1,0.786654,-0.4,-0.48,-0.175528,-0.4,-0.48,-0.175528,0,0,0,54621,5.9858e+08,1.57935e+14,0,profile_only
L2_final_branch_th4,ad6bb15,W2,4,172,1,0.860092,-0.25,-0.53,-0.125528,-0.25,-0.53,-0.125528,0,0,0,54621,7.23574e+08,1.57444e+14,0,profile_only
L2_final_branch_th4,ad6bb15,W2,4,173,1,0.86153,-0.05,-0.53,-0.0755283,-0.05,-0.53,-0.0755283,0,0,0,54621,3.47751e+08,1.56696e+14,0,profile_only
L2_final_branch_th4,ad6bb15,W2,4,174,1,0.844733,0.15,-0.53,-0.0255283,0.15,-0.53,-0.0255283,0,0,0,54621,3.94518e+08,1.55747e+14,0,profile_only
L2_final_branch_th4,ad6bb15,W2,4,175,1,0.841759,0.35,-0.53,0.0244717,0.35,-0.53,0.0244717,0,0,0,54621,5.04513e+08,1.54556e+14,0,profile_only
L2_final_branch_th4,ad6bb15,W2,4,176,1,0.79142,0.5,-0.53,0.0744717,0.5,-0.53,0.0744717,0,0,0,54621,6.57618e+08,1.53379e+14,0,profile_only
L2_final_branch_th4,ad6bb15,W2,4,177,1,0.856455,0.7,-0.48,0.124472,0.7,-0.48,0.124472,0,0,0,54621,6.70919e+08,1.52944e+14,0,profile_only
L2_final_branch_th4,ad6bb15,W2,4,178,1,0.763567,0.85,-0.43,0.174472,0.85,-0.43,0.174472,0,0,0,54621,6.46211e+08,1.5238e+14,0,profile_only
L2_final_branch_th4,ad6bb15,W2,4,179,1,0.690385,1.05,-0.38,0.224472,1.05,-0.38,0.224472,0,0,0,54621,6.12336e+08,1.5275e+14,0,profile_only
L2_final_branch_th4,ad6bb15,W2,4,180,1,0.756627,1.25,-0.33,0.224472,1.25,-0.33,0.224472,0,0,0,54621,6.29245e+08,1.52713e+14,0,profile_only
L2_final_branch_th4,ad6bb15,W2,4,181,1,0.79257,1.35,-0.28,0.274472,1.35,-0.28,0.274472,0,0,0,54621,6.50335e+08,1.50776e+14,0,profile_only
L2_final_branch_th4,ad6bb15,W2,4,182,1,0.790245,1.6,-0.18,0.324472,1.6,-0.18,0.324472,0,0,0,54621,5.84104e+08,1.52135e+14,0,profile_only
L2_final_branch_th4,ad6bb15,W2,4,183,1,0.814714,1.7,-0.18,0.324472,1.7,-0.18,0.324472,0,0,0,54621,6.42324e+08,1.51041e+14,0,profile_only
L2_final_branch_th4,ad6bb15,W2,4,184,1,0.872932,1.9,-0.08,0.374472,1.9,-0.08,0.374472,0,0,0,54621,6.28528e+08,1.50347e+14,0,profile_only
L2_final_branch_th4,ad6bb15,W2,4,185,1,0.783842,2.05,0.02,0.424472,2.05,0.02,0.424472,0,0,0,54621,6.38555e+08,1.49996e+14,0,profile_only
L2_final_branch_th4,ad6bb15,W2,4,186,1,0.864603,2.15,0.02,0.424472,2.15,0.02,0.424472,0,0,0,54621,6.48236e+08,1.50222e+14,0,profile_only
L2_final_branch_th4,ad6bb15,W2,4,187,1,0.927572,2.35,0.12,0.474472,2.35,0.12,0.474472,0,0,0,54621,6.5156e+08,1.49103e+14,0,profile_only
L2_final_branch_th4,ad6bb15,W2,4,188,1,0.92573,2.5,0.22,0.524472,2.5,0.22,0.524472,0,0,0,54621,6.21754e+08,1.48177e+14,0,profile_only
L2_final_branch_th4,ad6bb15,W2,4,189,1,0.857394,2.65,0.37,0.574472,2.65,0.37,0.574472,0,0,0,54621,6.16252e+08,1.47494e+14,0,profile_only
L2_final_branch_th4,ad6bb15,W2,4,190,1,0.851379,2.8,0.47,0.624472,2.8,0.47,0.624472,0,0,0,54621,6.41973e+08,1.46251e+14,0,profile_only
L2_final_branch_th4,ad6bb15,W2,4,191,1,0.925519,2.9,0.52,0.674472,2.9,0.52,0.674472,0,0,0,54621,6.27076e+08,1.44007e+14,0,profile_only
L2_final_branch_th4,ad6bb15,W2,4,192,1,0.922287,3,0.62,0.724472,3,0.62,0.724472,0,0,0,54621,6.44701e+08,1.42769e+14,0,profile_only
L2_final_branch_th4,ad6bb15,W2,4,193,1,0.902839,3.1,0.77,0.824472,3.1,0.77,0.824472,0,0,0,54621,6.79848e+08,1.41513e+14,0,profile_only
L2_final_branch_th4,ad6bb15,W2,4,194,1,0.915528,3.2,0.92,0.924472,3.2,0.92,0.924472,0,0,0,54621,6.82876e+08,1.41157e+14,0,profile_only
L2_final_branch_th4,ad6bb15,W2,4,195,1,0.896889,3.25,0.97,0.974472,3.25,0.97,0.974472,0,0,0,54621,6.10954e+08,1.41896e+14,0,profile_only
L2_final_branch_th4,ad6bb15,W2,4,196,1,0.848974,3.35,1.17,1.07447,3.35,1.17,1.07447,0,0,0,54621,6.71268e+08,1.42187e+14,0,profile_only
L2_final_branch_th4,ad6bb15,W2,4,197,1,0.868825,3.4,1.32,1.17447,3.4,1.32,1.17447,0,0,0,54621,7.04285e+08,1.41929e+14,0,profile_only
L2_final_branch_th4,ad6bb15,W2,4,198,1,0.802075,3.4,1.42,1.22447,3.4,1.42,1.22447,0,0,0,54621,7.22564e+08,1.42841e+14,0,profile_only
L2_final_branch_th4,ad6bb15,W2,4,199,1,0.831579,3.45,1.62,1.32447,3.45,1.62,1.32447,0,0,0,54621,6.85877e+08,1.43565e+14,0,profile_only
L2_final_branch_th4,ad6bb15,W2,4,200,1,0.8357,3.45,1.77,1.42447,3.45,1.77,1.42447,0,0,0,54621,7.07818e+08,1.44169e+14,0,profile_only
L2_final_branch_th4,ad6bb15,W2,4,201,1,0.785475,3.5,1.97,1.52447,3.5,1.97,1.52447,0,0,0,54621,6.89261e+08,1.45381e+14,0,profile_only
L2_final_branch_th4,ad6bb15,W2,4,202,1,0.733827,3.5,2.17,1.62447,3.5,2.17,1.62447,0,0,0,54621,6.35853e+08,1.45306e+14,0,profile_only
L2_final_branch_th4,ad6bb15,W2,4,203,1,0.796902,3.4,2.27,1.67447,3.4,2.27,1.67447,0,0,0,54621,6.24325e+08,1.45579e+14,0,profile_only
L2_final_branch_th4,ad6bb15,W2,4,204,1,0.781107,3.4,2.47,1.77447,3.4,2.47,1.77447,0,0,0,54621,6.41234e+08,1.46738e+14,0,profile_only
L2_final_branch_th4,ad6bb15,W2,4,205,1,0.740433,3.3,2.62,1.82447,3.3,2.62,1.82447,0,0,0,54621,6.0923e+08,1.46632e+14,0,profile_only
L2_final_branch_th4,ad6bb15,W2,4,206,1,0.760788,3.25,2.82,1.92447,3.25,2.82,1.92447,0,0,0,54621,6.46516e+08,1.47384e+14,0,profile_only
L2_final_branch_th4,ad6bb15,W2,4,207,1,0.787637,3.2,2.92,1.97447,3.2,2.92,1.97447,0,0,0,54621,6.10707e+08,1.48083e+14,0,profile_only
L2_final_branch_th4,ad6bb15,W2,4,208,1,0.821897,3.1,3.07,2.02447,3.1,3.07,2.02447,0,0,0,54621,6.56244e+08,1.48127e+14,0,profile_only
L2_final_branch_th4,ad6bb15,W2,4,209,1,0.822749,3.05,3.17,2.07447,3.05,3.17,2.07447,0,0,0,54621,6.62082e+08,1.48917e+14,0,profile_only
L2_final_branch_th4,ad6bb15,W2,4,210,1,0.847313,2.85,3.37,2.12447,2.85,3.37,2.12447,0,0,0,54621,6.81407e+08,1.49043e+14,0,profile_only
L2_final_branch_th4,ad6bb15,W2,4,211,1,0.900466,2.8,3.47,2.17447,2.8,3.47,2.17447,0,0,0,54621,6.61946e+08,1.51554e+14,0,profile_only
L2_final_branch_th4,ad6bb15,W2,4,212,1,0.908208,2.7,3.57,2.22447,2.7,3.57,2.22447,0,0,0,54621,6.73133e+08,1.51608e+14,0,profile_only
L2_final_branch_th4,ad6bb15,W2,4,213,1,0.931501,2.65,3.67,2.27447,2.65,3.67,2.27447,0,0,0,54621,6.6037e+08,1.52262e+14,0,profile_only
L2_final_branch_th4,ad6bb15,W2,4,214,1,0.909256,2.55,3.77,2.32447,2.55,3.77,2.32447,0,0,0,54621,6.95129e+08,1.51465e+14,0,profile_only
L2_final_branch_th4,ad6bb15,W2,4,215,1,0.914981,2.35,3.92,2.37447,2.35,3.92,2.37447,0,0,0,54621,7.06057e+08,1.5051e+14,0,profile_only
L2_final_branch_th4,ad6bb15,W2,4,216,1,0.804829,2.35,3.92,2.37447,2.35,3.92,2.37447,0,0,0,54621,6.27442e+08,1.50842e+14,0,profile_only
L2_final_branch_th4,ad6bb15,W2,4,217,1,0.938292,2.15,4.12,2.42447,2.15,4.12,2.42447,0,0,0,54621,7.15044e+08,1.46925e+14,0,profile_only
L2_final_branch_th4,ad6bb15,W2,4,218,1,0.910664,2,4.22,2.42447,2,4.22,2.42447,0,0,0,54621,6.37756e+08,1.50015e+14,0,profile_only
L2_final_branch_th4,ad6bb15,W2,4,219,1,0.876991,2.05,4.22,2.42447,2.05,4.22,2.42447,0,0,0,54621,6.36418e+08,1.51073e+14,0,profile_only
L2_final_branch_th4,ad6bb15,W2,4,220,1,0.965323,1.7,4.47,2.47447,1.7,4.47,2.47447,0,0,0,54621,6.5201e+08,1.5115e+14,0,profile_only
L2_final_branch_th4,ad6bb15,W2,4,221,1,0.924279,1.65,4.52,2.47447,1.65,4.52,2.47447,0,0,0,54621,6.1603e+08,1.5403e+14,0,profile_only
L2_final_branch_th4,ad6bb15,W2,4,222,1,0.897263,1.5,4.62,2.47447,1.5,4.62,2.47447,0,0,0,54621,6.60057e+08,1.54488e+14,0,profile_only
L2_final_branch_th4,ad6bb15,W2,4,223,1,0.854808,1.25,4.82,2.52447,1.25,4.82,2.52447,0,0,0,54621,6.6293e+08,1.56021e+14,0,profile_only
L2_final_branch_th4,ad6bb15,W2,4,224,1,0.903582,1.15,4.87,2.52447,1.15,4.87,2.52447,0,0,0,54621,6.57134e+08,1.57645e+14,0,profile_only
L2_final_branch_th4,ad6bb15,W2,4,225,1,0.893512,1,4.97,2.52447,1,4.97,2.52447,0,0,0,54621,6.43587e+08,1.58289e+14,0,profile_only
L2_final_branch_th4,ad6bb15,W2,4,226,1,0.828365,0.95,5.02,2.52447,0.95,5.02,2.52447,0,0,0,54621,6.44042e+08,1.58837e+14,0,profile_only
L2_final_branch_th4,ad6bb15,W2,4,227,1,0.899944,0.65,5.22,2.57447,0.65,5.22,2.57447,0,0,0,54621,6.61396e+08,1.5893e+14,0,profile_only
L2_final_branch_th4,ad6bb15,W2,4,228,1,0.929546,0.55,5.27,2.57447,0.55,5.27,2.57447,0,0,0,54621,6.53465e+08,1.6104e+14,0,profile_only
L2_final_branch_th4,ad6bb15,W2,4,229,1,0.875228,0.4,5.37,2.57447,0.4,5.37,2.57447,0,0,0,54621,6.45951e+08,1.61648e+14,0,profile_only
L2_final_branch_th4,ad6bb15,W2,4,230,1,0.902937,0.05,5.57,2.62447,0.05,5.57,2.62447,0,0,0,54621,6.63513e+08,1.62102e+14,0,profile_only
L2_final_branch_th4,ad6bb15,W2,4,231,1,0.940458,-0.05,5.62,2.62447,-0.05,5.62,2.62447,0,0,0,54621,6.0145e+08,1.62438e+14,0,profile_only
L2_final_branch_th4,ad6bb15,W2,4,232,1,0.937436,-0.15,5.67,2.62447,-0.15,5.67,2.62447,0,0,0,54621,5.88157e+08,1.62692e+14,0,profile_only
L2_final_branch_th4,ad6bb15,W2,4,233,1,0.896468,-0.4,5.82,2.67447,-0.4,5.82,2.67447,0,0,0,54621,5.77684e+08,1.62945e+14,0,profile_only
L2_final_branch_th4,ad6bb15,W2,4,234,1,0.972193,-0.5,5.87,2.67447,-0.5,5.87,2.67447,0,0,0,54621,5.91295e+08,1.62867e+14,0,profile_only
L2_final_branch_th4,ad6bb15,W2,4,235,1,0.980519,-0.6,5.92,2.67447,-0.6,5.92,2.67447,0,0,0,54621,5.75879e+08,1.62467e+14,0,profile_only
L2_final_branch_th4,ad6bb15,W2,4,236,1,0.941235,-0.8,6.02,2.72447,-0.8,6.02,2.72447,0,0,0,54621,6.38405e+08,1.61732e+14,0,profile_only
L2_final_branch_th4,ad6bb15,W2,4,237,1,0.934574,-0.9,6.07,2.72447,-0.9,6.07,2.72447,0,0,0,54621,6.30482e+08,1.60625e+14,0,profile_only
L2_final_branch_th4,ad6bb15,W2,4,238,1,0.942867,-1.05,6.12,2.77447,-1.05,6.12,2.77447,0,0,0,54621,7.10935e+08,1.59721e+14,0,profile_only
L2_final_branch_th4,ad6bb15,W2,4,239,1,0.887432,-1.2,6.17,2.82447,-1.2,6.17,2.82447,0,0,0,54621,6.96388e+08,1.59881e+14,0,profile_only
L2_final_branch_th4,ad6bb15,W2,4,240,1,0.913588,-1.25,6.17,2.82447,-1.25,6.17,2.82447,0,0,0,54621,7.02079e+08,1.59595e+14,0,profile_only
L2_final_branch_th4,ad6bb15,W2,4,241,1,0.918859,-1.45,6.22,2.87447,-1.45,6.22,2.87447,0,0,0,54621,6.28352e+08,1.59526e+14,0,profile_only
L2_final_branch_th4,ad6bb15,W2,4,242,1,0.841672,-1.5,6.22,2.87447,-1.5,6.22,2.87447,0,0,0,54621,4.8808e+08,1.5945e+14,0,profile_only
L2_final_branch_th4,ad6bb15,W2,4,243,1,0.911132,-1.75,6.27,2.97447,-1.75,6.27,2.97447,0,0,0,54621,6.47505e+08,1.59372e+14,0,profile_only
L2_final_branch_th4,ad6bb15,W2,4,244,1,0.901366,-1.8,6.27,2.97447,-1.8,6.27,2.97447,0,0,0,54621,2.12171e+08,1.60187e+14,0,profile_only
L2_final_branch_th4,ad6bb15,W2,4,245,1,0.79889,-1.95,6.27,3.02447,-1.95,6.27,3.02447,0,0,0,54621,1.88024e+08,1.6011e+14,0,profile_only
L2_final_branch_th4,ad6bb15,W2,4,246,1,0.817703,-2.2,6.32,3.07447,-2.2,6.32,3.07447,0,0,0,54621,2.28395e+08,1.61354e+14,0,profile_only
L2_final_branch_th4,ad6bb15,W2,4,247,1,0.843086,-2.3,6.32,3.12447,-2.3,6.32,3.12447,0,0,0,54621,4.71793e+08,1.61557e+14,0,profile_only
L2_final_branch_th4,ad6bb15,W2,4,248,1,0.82579,-2.45,6.32,-3.10871,-2.45,6.32,-3.10871,0,0,0,54621,3.75797e+08,1.62893e+14,0,profile_only
L2_final_branch_th4,ad6bb15,W2,4,249,1,0.815316,-2.6,6.27,-3.10871,-2.6,6.27,-3.10871,0,0,0,54621,4.32537e+08,1.64029e+14,0,profile_only
L2_final_branch_th4,ad6bb15,W2,4,250,1,0.883891,-2.75,6.27,-3.05871,-2.75,6.27,-3.05871,0,0,0,54621,3.90342e+08,1.64955e+14,0,profile_only
L2_final_branch_th4,ad6bb15,W2,4,251,1,0.879462,-2.85,6.27,-3.00871,-2.85,6.27,-3.00871,0,0,0,54621,4.38012e+08,1.65831e+14,0,profile_only
L2_final_branch_th4,ad6bb15,W2,4,252,1,0.87652,-3.1,6.22,-3.00871,-3.1,6.22,-3.00871,0,0,0,54621,5.607e+08,1.66882e+14,0,profile_only
L2_final_branch_th4,ad6bb15,W2,4,253,1,0.898054,-3.15,6.22,-2.95871,-3.15,6.22,-2.95871,0,0,0,54621,5.84034e+08,1.67082e+14,0,profile_only
L2_final_branch_th4,ad6bb15,W2,4,254,1,0.863862,-3.35,6.17,-2.95871,-3.35,6.17,-2.95871,0,0,0,54621,4.31957e+08,1.68023e+14,0,profile_only
L2_final_branch_th4,ad6bb15,W2,4,255,1,0.832192,-3.5,6.17,-2.95871,-3.5,6.17,-2.95871,0,0,0,54621,4.67956e+08,1.675e+14,0,profile_only
L2_final_branch_th4,ad6bb15,W2,4,256,1,0.817355,-3.6,6.12,-2.95871,-3.6,6.12,-2.95871,0,0,0,54621,4.98906e+08,1.66041e+14,0,profile_only
L2_final_branch_th4,ad6bb15,W2,4,257,1,0.819942,-3.75,6.12,-2.95871,-3.75,6.12,-2.95871,0,0,0,54621,4.94444e+08,1.66095e+14,0,profile_only
L2_final_branch_th4,ad6bb15,W2,4,258,1,0.840518,-3.9,6.12,-3.00871,-3.9,6.12,-3.00871,0,0,0,54621,4.74278e+08,1.64603e+14,0,profile_only
L2_final_branch_th4,ad6bb15,W2,4,259,1,0.795563,-4.05,6.07,-3.05871,-4.05,6.07,-3.05871,0,0,0,54621,5.12416e+08,1.62065e+14,0,profile_only
L2_final_branch_th4,ad6bb15,W2,4,260,1,0.844592,-4.1,6.12,-3.05871,-4.1,6.12,-3.05871,0,0,0,54621,6.54229e+08,1.60507e+14,0,profile_only
L2_final_branch_th4,ad6bb15,W2,4,261,1,0.837558,-4.2,6.12,-3.10871,-4.2,6.12,-3.10871,0,0,0,54621,5.65874e+08,1.59439e+14,0,profile_only
L2_final_branch_th4,ad6bb15,W2,4,262,1,0.805017,-4.35,6.12,3.12447,-4.35,6.12,3.12447,0,0,0,54621,6.58164e+08,1.57619e+14,0,profile_only
L2_final_branch_th4,ad6bb15,W2,4,263,1,0.784967,-4.35,6.17,3.12447,-4.35,6.17,3.12447,0,0,0,54621,5.94532e+08,1.55065e+14,0,profile_only
L2_final_branch_th4,ad6bb15,W2,4,264,1,0.858091,-4.5,6.17,3.07447,-4.5,6.17,3.07447,0,0,0,54621,5.59666e+08,1.5407e+14,0,profile_only
L2_final_branch_th4,ad6bb15,W2,4,265,1,0.77272,-4.7,6.17,2.97447,-4.7,6.17,2.97447,0,0,0,54621,5.02447e+08,1.51412e+14,0,profile_only
L2_final_branch_th4,ad6bb15,W2,4,266,1,0.879719,-4.7,6.22,2.97447,-4.7,6.22,2.97447,0,0,0,54621,5.81516e+08,1.4781e+14,0,profile_only
L2_final_branch_th4,ad6bb15,W2,4,267,1,0.773739,-4.85,6.22,2.87447,-4.85,6.22,2.87447,0,0,0,54621,5.56859e+08,1.4685e+14,0,profile_only
L2_final_branch_th4,ad6bb15,W2,4,268,1,0.880608,-4.95,6.32,2.82447,-4.95,6.32,2.82447,0,0,0,54621,7.56836e+08,1.4444e+14,0,profile_only
L2_final_branch_th4,ad6bb15,W2,4,269,1,0.868713,-5,6.32,2.77447,-5,6.32,2.77447,0,0,0,54621,7.03382e+08,1.41311e+14,0,profile_only
L2_final_branch_th4,ad6bb15,W2,4,270,1,0.832617,-5.15,6.37,2.67447,-5.15,6.37,2.67447,0,0,0,54621,8.01284e+08,1.40429e+14,0,profile_only
L2_final_branch_th4,ad6bb15,W2,4,271,1,0.821298,-5.2,6.42,2.62447,-5.2,6.42,2.62447,0,0,0,54621,8.11593e+08,1.38013e+14,0,profile_only
L2_final_branch_th4,ad6bb15,W2,4,272,1,0.890744,-5.3,6.57,2.57447,-5.3,6.57,2.57447,0,0,0,54621,8.19068e+08,1.36258e+14,0,profile_only
L2_final_branch_th4,ad6bb15,W2,4,273,1,0.860111,-5.4,6.62,2.47447,-5.4,6.62,2.47447,0,0,0,54621,6.59805e+08,1.32117e+14,0,profile_only
L2_final_branch_th4,ad6bb15,W2,4,274,1,0.831743,-5.45,6.62,2.42447,-5.45,6.62,2.42447,0,0,0,54621,8.14221e+08,1.30679e+14,0,profile_only
L2_final_branch_th4,ad6bb15,W2,4,275,1,0.879621,-5.55,6.82,2.37447,-5.55,6.82,2.37447,0,0,0,54621,6.76973e+08,1.29222e+14,0,profile_only
L2_final_branch_th4,ad6bb15,W2,4,276,1,0.886347,-5.6,6.87,2.32447,-5.6,6.87,2.32447,0,0,0,54621,7.35383e+08,1.24601e+14,0,profile_only
L2_final_branch_th4,ad6bb15,W2,4,277,1,0.839031,-5.7,6.97,2.22447,-5.7,6.97,2.22447,0,0,0,54621,6.09004e+08,1.22369e+14,0,profile_only
L2_final_branch_th4,ad6bb15,W2,4,278,1,0.865393,-5.75,7.12,2.22447,-5.75,7.12,2.22447,0,0,0,54621,5.95228e+08,1.20011e+14,0,profile_only
L2_final_branch_th4,ad6bb15,W2,4,279,1,0.870276,-5.8,7.22,2.17447,-5.8,7.22,2.17447,0,0,0,54621,6.81218e+08,1.15957e+14,0,profile_only
L2_final_branch_th4,ad6bb15,W2,4,280,1,0.894139,-5.85,7.27,2.12447,-5.85,7.27,2.12447,0,0,0,54621,6.29862e+08,1.13998e+14,0,profile_only
L2_final_branch_th4,ad6bb15,W2,4,281,1,0.914995,-5.95,7.47,2.12447,-5.95,7.47,2.12447,0,0,0,54621,5.13319e+08,1.12502e+14,0,profile_only
L2_final_branch_th4,ad6bb15,W2,4,282,1,0.890211,-5.95,7.47,2.07447,-5.95,7.47,2.07447,0,0,0,54621,5.36025e+08,1.08193e+14,0,profile_only
L2_final_branch_th4,ad6bb15,W2,4,283,1,0.931581,-6.05,7.67,2.07447,-6.05,7.67,2.07447,0,0,0,54621,5.07115e+08,1.08549e+14,0,profile_only
L2_final_branch_th4,ad6bb15,W2,4,284,1,0.889032,-6.1,7.77,2.07447,-6.1,7.77,2.07447,0,0,0,54621,5.27153e+08,1.04473e+14,0,profile_only
L2_final_branch_th4,ad6bb15,W2,4,285,1,0.870585,-6.15,7.87,2.07447,-6.15,7.87,2.07447,0,0,0,54621,5.25366e+08,1.02387e+14,0,profile_only
L2_final_branch_th4,ad6bb15,W2,4,286,1,0.886108,-6.25,8.02,2.07447,-6.25,8.02,2.07447,0,0,0,54621,4.86593e+08,1.004e+14,0,profile_only
L2_final_branch_th4,ad6bb15,W2,4,287,1,0.910631,-6.3,8.12,2.07447,-6.3,8.12,2.07447,0,0,0,54621,5.28584e+08,9.73115e+13,0,profile_only
L2_final_branch_th4,ad6bb15,W2,4,288,1,0.899878,-6.35,8.22,2.07447,-6.35,8.22,2.07447,0,0,0,54621,6.04112e+08,9.53927e+13,0,profile_only
L2_final_branch_th4,ad6bb15,W2,4,289,1,0.858298,-6.4,8.32,2.07447,-6.4,8.32,2.07447,0,0,0,54621,5.8999e+08,9.3427e+13,0,profile_only
L2_final_branch_th4,ad6bb15,W2,4,290,1,0.837979,-6.45,8.37,2.07447,-6.45,8.37,2.07447,0,0,0,54621,5.86691e+08,9.13422e+13,0,profile_only
L2_final_branch_th4,ad6bb15,W2,4,291,1,0.934023,-6.5,8.47,2.12447,-6.5,8.47,2.12447,0,0,0,54621,5.86277e+08,9.00068e+13,0,profile_only
L2_final_branch_th4,ad6bb15,W2,4,292,1,0.908092,-6.55,8.52,2.12447,-6.55,8.52,2.12447,0,0,0,54621,6.35749e+08,8.81473e+13,0,profile_only
L2_final_branch_th4,ad6bb15,W2,4,293,1,0.916805,-6.6,8.62,2.17447,-6.6,8.62,2.17447,0,0,0,54621,6.91979e+08,8.68443e+13,0,profile_only
L2_final_branch_th4,ad6bb15,W2,4,294,1,0.92746,-6.7,8.72,2.22447,-6.7,8.72,2.22447,0,0,0,54621,6.73939e+08,8.49231e+13,0,profile_only
L2_final_branch_th4,ad6bb15,W2,4,295,1,0.912895,-6.75,8.77,2.27447,-6.75,8.77,2.27447,0,0,0,54621,5.88892e+08,8.25793e+13,0,profile_only
L2_final_branch_th4,ad6bb15,W2,4,296,1,0.916562,-6.85,8.82,2.37447,-6.85,8.82,2.37447,0,0,0,54621,6.9234e+08,8.1406e+13,0,profile_only
L2_final_branch_th4,ad6bb15,W2,4,297,1,0.909775,-6.9,8.87,2.42447,-6.9,8.87,2.42447,0,0,0,54621,5.37686e+08,8.04321e+13,0,profile_only
L2_final_branch_th4,ad6bb15,W2,4,298,1,0.904148,-7,8.92,2.52447,-7,8.92,2.52447,0,0,0,54621,4.46387e+08,7.94604e+13,0,profile_only
L2_final_branch_th4,ad6bb15,W2,4,299,1,0.897245,-7.05,8.92,2.57447,-7.05,8.92,2.57447,0,0,0,54621,4.89408e+08,7.8574e+13,0,profile_only
L2_final_branch_th4,ad6bb15,W2,4,300,1,0.904536,-7.15,8.97,2.67447,-7.15,8.97,2.67447,0,0,0,54621,4.85397e+08,7.84228e+13,0,profile_only
L2_final_branch_th4,ad6bb15,W2,4,301,1,0.852352,-7.25,8.97,2.72447,-7.25,8.97,2.72447,0,0,0,54621,5.19023e+08,7.78975e+13,0,profile_only
L2_final_branch_th4,ad6bb15,W2,4,302,1,0.88942,-7.35,9.02,2.82447,-7.35,9.02,2.82447,0,0,0,54621,6.38782e+08,7.74007e+13,0,profile_only
L2_final_branch_th4,ad6bb15,W2,4,303,1,0.88478,-7.45,9.02,2.87447,-7.45,9.02,2.87447,0,0,0,54621,5.3869e+08,7.68339e+13,0,profile_only
L2_final_branch_th4,ad6bb15,W2,4,304,1,0.843105,-7.45,9.02,2.87447,-7.45,9.02,2.87447,0,0,0,54621,6.30749e+08,7.64938e+13,0,profile_only
L2_final_branch_th4,ad6bb15,W2,4,305,1,0.799358,-7.6,9.02,2.97447,-7.6,9.02,2.97447,0,0,0,54621,6.8252e+08,7.63282e+13,0,profile_only
L2_final_branch_th4,ad6bb15,W2,4,306,1,0.865219,-7.6,9.02,2.97447,-7.6,9.02,2.97447,0,0,0,54621,4.90172e+08,7.63733e+13,0,profile_only
L2_final_branch_th4,ad6bb15,W2,4,307,1,0.823802,-7.7,9.02,3.02447,-7.7,9.02,3.02447,0,0,0,54621,5.83997e+08,7.6227e+13,0,profile_only
L2_final_branch_th4,ad6bb15,W2,4,308,1,0.809722,-7.7,9.02,3.02447,-7.7,9.02,3.02447,0,0,0,54621,5.85273e+08,7.57888e+13,0,profile_only
L2_final_branch_th4,ad6bb15,W2,4,309,1,0.820504,-7.8,9.02,3.07447,-7.8,9.02,3.07447,0,0,0,54621,6.09614e+08,7.56669e+13,0,profile_only
L2_final_branch_th4,ad6bb15,W2,4,310,1,0.846061,-7.95,9.02,3.12447,-7.95,9.02,3.12447,0,0,0,54621,5.85323e+08,7.49211e+13,0,profile_only
L2_final_branch_th4,ad6bb15,W2,4,311,1,0.873207,-8,9.02,3.12447,-8,9.02,3.12447,0,0,0,54621,5.78891e+08,7.39973e+13,0,profile_only
L2_final_branch_th4,ad6bb15,W2,4,312,1,0.940814,-8.1,9.02,-3.10871,-8.1,9.02,-3.10871,0,0,0,54621,5.50901e+08,7.33998e+13,0,profile_only
L2_final_branch_th4,ad6bb15,W2,4,313,1,0.797823,-8.25,9.02,-3.05871,-8.25,9.02,-3.05871,0,0,0,54621,5.17426e+08,7.29168e+13,0,profile_only
L2_final_branch_th4,ad6bb15,W2,4,314,1,0.818324,-8.25,8.97,-3.05871,-8.25,8.97,-3.05871,0,0,0,54621,5.40957e+08,7.24407e+13,0,profile_only
L2_final_branch_th4,ad6bb15,W2,4,315,1,0.885186,-8.45,8.97,-3.00871,-8.45,8.97,-3.00871,0,0,0,54621,5.5709e+08,7.30693e+13,0,profile_only
L2_final_branch_th4,ad6bb15,W2,4,316,1,0.817453,-8.5,8.92,-3.00871,-8.5,8.92,-3.00871,0,0,0,54621,5.20593e+08,7.20692e+13,0,profile_only
L2_final_branch_th4,ad6bb15,W2,4,317,1,0.89246,-8.65,8.92,-2.95871,-8.65,8.92,-2.95871,0,0,0,54621,6.09962e+08,7.23519e+13,0,profile_only
L2_final_branch_th4,ad6bb15,W2,4,318,1,0.847164,-8.75,8.92,-2.95871,-8.75,8.92,-2.95871,0,0,0,54621,5.03155e+08,7.22027e+13,0,profile_only
L2_final_branch_th4,ad6bb15,W2,4,319,1,0.824596,-8.8,8.87,-2.95871,-8.8,8.87,-2.95871,0,0,0,54621,5.10698e+08,7.15425e+13,0,profile_only
L2_final_branch_th4,ad6bb15,W2,4,320,1,0.838624,-8.95,8.87,-2.90871,-8.95,8.87,-2.90871,0,0,0,54621,5.68055e+08,7.20158e+13,0,profile_only
L2_final_branch_th4,ad6bb15,W2,4,321,1,0.880093,-9.05,8.82,-2.90871,-9.05,8.82,-2.90871,0,0,0,54621,5.53108e+08,7.2056e+13,0,profile_only
L2_final_branch_th4,ad6bb15,W2,4,322,1,0.750746,-9.15,8.77,-2.90871,-9.15,8.77,-2.90871,0,0,0,54621,5.35224e+08,7.20692e+13,0,profile_only
L2_final_branch_th4,ad6bb15,W2,4,323,1,0.838708,-9.25,8.77,-2.85871,-9.25,8.77,-2.85871,0,0,0,54621,5.48805e+08,7.22534e+13,0,profile_only
L2_final_branch_th4,ad6bb15,W2,4,324,1,0.817206,-9.35,8.72,-2.85871,-9.35,8.72,-2.85871,0,0,0,54621,5.30597e+08,7.24875e+13,0,profile_only
L2_final_branch_th4,ad6bb15,W2,4,325,1,0.876004,-9.5,8.67,-2.80871,-9.5,8.67,-2.80871,0,0,0,54621,5.65359e+08,7.32283e+13,0,profile_only
L2_final_branch_th4,ad6bb15,W2,4,326,1,0.81224,-9.6,8.62,-2.75871,-9.6,8.62,-2.75871,0,0,0,54621,5.46632e+08,7.3711e+13,0,profile_only
L2_final_branch_th4,ad6bb15,W2,4,327,1,0.854227,-9.7,8.57,-2.75871,-9.7,8.57,-2.75871,0,0,0,54621,5.30264e+08,7.49875e+13,0,profile_only
L2_final_branch_th4,ad6bb15,W2,4,328,1,0.858947,-9.8,8.52,-2.70871,-9.8,8.52,-2.70871,0,0,0,54621,5.95748e+08,7.60996e+13,0,profile_only
L2_final_branch_th4,ad6bb15,W2,4,329,1,0.784702,-9.95,8.42,-2.65871,-9.95,8.42,-2.65871,0,0,0,54621,6.32788e+08,7.76144e+13,0,profile_only
L2_final_branch_th4,ad6bb15,W2,4,330,1,0.842992,-9.95,8.42,-2.65871,-9.95,8.42,-2.65871,0,0,0,54621,5.76369e+08,7.8544e+13,0,profile_only
L2_final_branch_th4,ad6bb15,W2,4,331,1,0.812476,-10.1,8.32,-2.60871,-10.1,8.32,-2.60871,0,0,0,54621,6.62749e+08,8.00615e+13,0,profile_only
L2_final_branch_th4,ad6bb15,W2,4,332,1,0.791479,-10.15,8.32,-2.60871,-10.15,8.32,-2.60871,0,0,0,54621,5.87577e+08,8.06242e+13,0,profile_only
L2_final_branch_th4,ad6bb15,W2,4,333,1,0.902085,-10.2,8.27,-2.55871,-10.2,8.27,-2.55871,0,0,0,54621,6.72807e+08,8.05835e+13,0,profile_only
L2_final_branch_th4,ad6bb15,W2,4,334,1,0.847593,-10.3,8.17,-2.50871,-10.3,8.17,-2.50871,0,0,0,54621,6.63896e+08,8.20543e+13,0,profile_only
L2_final_branch_th4,ad6bb15,W2,4,335,1,0.856578,-10.3,8.17,-2.50871,-10.3,8.17,-2.50871,0,0,0,54621,6.2085e+08,8.22721e+13,0,profile_only
L2_final_branch_th4,ad6bb15,W2,4,336,1,0.891127,-10.4,8.07,-2.45871,-10.4,8.07,-2.45871,0,0,0,54621,6.8262e+08,8.22739e+13,0,profile_only
L2_final_branch_th4,ad6bb15,W2,4,337,1,0.887852,-10.5,7.97,-2.40871,-10.5,7.97,-2.40871,0,0,0,54621,6.59189e+08,8.24847e+13,0,profile_only
L2_final_branch_th4,ad6bb15,W2,4,338,1,0.885324,-10.6,7.87,-2.35871,-10.6,7.87,-2.35871,0,0,0,54621,6.36156e+08,8.2955e+13,0,profile_only
L2_final_branch_th4,ad6bb15,W2,4,339,1,0.845203,-10.6,7.87,-2.35871,-10.6,7.87,-2.35871,0,0,0,54621,6.49596e+08,8.25776e+13,0,profile_only
L2_final_branch_th4,ad6bb15,W2,4,340,1,0.879496,-10.65,7.82,-2.30871,-10.65,7.82,-2.30871,0,0,0,54621,6.44189e+08,8.26223e+13,0,profile_only
L2_final_branch_th4,ad6bb15,W2,4,341,1,0.904987,-10.75,7.67,-2.25871,-10.75,7.67,-2.25871,0,0,0,54621,6.19804e+08,8.26828e+13,0,profile_only
L2_final_branch_th4,ad6bb15,W2,4,342,1,0.843378,-10.8,7.62,-2.20871,-10.8,7.62,-2.20871,0,0,0,54621,6.44651e+08,8.28296e+13,0,profile_only
L2_final_branch_th4,ad6bb15,W2,4,343,1,0.917458,-10.8,7.57,-2.20871,-10.8,7.57,-2.20871,0,0,0,54621,6.09773e+08,8.28731e+13,0,profile_only
L2_final_branch_th4,ad6bb15,W2,4,344,1,0.89079,-10.85,7.47,-2.15871,-10.85,7.47,-2.15871,0,0,0,54621,6.45352e+08,8.26613e+13,0,profile_only
L2_final_branch_th4,ad6bb15,W2,4,345,1,0.866804,-10.95,7.37,-2.10871,-10.95,7.37,-2.10871,0,0,0,54621,6.09131e+08,8.28896e+13,0,profile_only
L2_final_branch_th4,ad6bb15,W2,4,346,1,0.828526,-11,7.27,-2.05871,-11,7.27,-2.05871,0,0,0,54621,6.10391e+08,8.22296e+13,0,profile_only
L2_final_branch_th4,ad6bb15,W2,4,347,1,0.837741,-11,7.22,-2.05871,-11,7.22,-2.05871,0,0,0,54621,5.87841e+08,8.19205e+13,0,profile_only
L2_final_branch_th4,ad6bb15,W2,4,348,1,0.820191,-11.05,7.07,-2.00871,-11.05,7.07,-2.00871,0,0,0,54621,6.20277e+08,8.20616e+13,0,profile_only
L2_final_branch_th4,ad6bb15,W2,4,349,1,0.804235,-11.1,6.97,-2.00871,-11.1,6.97,-2.00871,0,0,0,54621,6.20091e+08,7.95623e+13,0,profile_only
L2_final_branch_th4,ad6bb15,W2,4,350,1,0.81064,-11.15,6.82,-1.95871,-11.15,6.82,-1.95871,0,0,0,54621,6.32287e+08,7.91426e+13,0,profile_only
L2_final_branch_th4,ad6bb15,W2,4,351,1,0.804096,-11.2,6.72,-1.95871,-11.2,6.72,-1.95871,0,0,0,54621,5.68481e+08,7.75142e+13,0,profile_only
L2_final_branch_th4,ad6bb15,W2,4,352,1,0.809962,-11.2,6.67,-1.95871,-11.2,6.67,-1.95871,0,0,0,54621,5.61859e+08,7.56072e+13,0,profile_only
L2_final_branch_th4,ad6bb15,W2,4,353,1,0.787898,-11.25,6.52,-1.95871,-11.25,6.52,-1.95871,0,0,0,54621,6.43153e+08,7.46128e+13,0,profile_only
L2_final_branch_th4,ad6bb15,W2,4,354,1,0.788511,-11.3,6.42,-1.90871,-11.3,6.42,-1.90871,0,0,0,54621,5.78219e+08,7.42627e+13,0,profile_only
L2_final_branch_th4,ad6bb15,W2,4,355,1,0.806907,-11.3,6.32,-1.90871,-11.3,6.32,-1.90871,0,0,0,54621,5.41291e+08,7.427e+13,0,profile_only
L2_final_branch_th4,ad6bb15,W2,4,356,1,0.797323,-11.35,6.22,-1.90871,-11.35,6.22,-1.90871,0,0,0,54621,5.66454e+08,7.53252e+13,0,profile_only
L2_final_branch_th4,ad6bb15,W2,4,357,1,0.764167,-11.4,6.12,-1.85871,-11.4,6.12,-1.85871,0,0,0,54621,5.33842e+08,7.54148e+13,0,profile_only
L2_final_branch_th4,ad6bb15,W2,4,358,1,0.798848,-11.4,5.97,-1.85871,-11.4,5.97,-1.85871,0,0,0,54621,5.64841e+08,7.78435e+13,0,profile_only
L2_final_branch_th4,ad6bb15,W2,4,359,1,0.798814,-11.45,5.82,-1.80871,-11.45,5.82,-1.80871,0,0,0,54621,6.15531e+08,7.7684e+13,0,profile_only
L2_final_branch_th4,ad6bb15,W2,4,360,1,0.763666,-11.45,5.72,-1.80871,-11.45,5.72,-1.80871,0,0,0,54621,6.17956e+08,7.8371e+13,0,profile_only
L2_final_branch_th4,ad6bb15,W2,4,361,1,0.819904,-11.5,5.57,-1.75871,-11.5,5.57,-1.75871,0,0,0,54621,6.14216e+08,7.91264e+13,0,profile_only
L2_final_branch_th4,ad6bb15,W2,4,362,1,0.837127,-11.5,5.47,-1.70871,-11.5,5.47,-1.70871,0,0,0,54621,6.26289e+08,7.96923e+13,0,profile_only
L2_final_branch_th4,ad6bb15,W2,4,363,1,0.804054,-11.5,5.32,-1.65871,-11.5,5.32,-1.65871,0,0,0,54621,6.29918e+08,8.21333e+13,0,profile_only
L2_final_branch_th4,ad6bb15,W2,4,364,1,0.790264,-11.55,5.12,-1.60871,-11.55,5.12,-1.60871,0,0,0,54621,6.32945e+08,8.30393e+13,0,profile_only
L2_final_branch_th4,ad6bb15,W2,4,365,1,0.791107,-11.55,5.02,-1.55871,-11.55,5.02,-1.55871,0,0,0,54621,6.21988e+08,8.38279e+13,0,profile_only
L2_final_branch_th4,ad6bb15,W2,4,366,1,0.799238,-11.5,4.97,-1.50871,-11.5,4.97,-1.50871,0,0,0,54621,7.65683e+08,8.4391e+13,0,profile_only
L2_final_branch_th4,ad6bb15,W2,4,367,1,0.775486,-11.5,4.82,-1.40871,-11.5,4.82,-1.40871,0,0,0,54621,6.05152e+08,8.48012e+13,0,profile_only
L2_final_branch_th4,ad6bb15,W2,4,368,1,0.774361,-11.4,4.77,-1.35871,-11.4,4.77,-1.35871,0,0,0,54621,6.62073e+08,8.59065e+13,0,profile_only
L2_final_branch_th4,ad6bb15,W2,4,369,1,0.811149,-11.35,4.67,-1.25871,-11.35,4.67,-1.25871,0,0,0,54621,7.18633e+08,8.7677e+13,0,profile_only
L2_final_branch_th4,ad6bb15,W2,4,370,1,0.790505,-11.3,4.57,-1.15871,-11.3,4.57,-1.15871,0,0,0,54621,6.49724e+08,8.87635e+13,0,profile_only
L2_final_branch_th4,ad6bb15,W2,4,371,1,0.86171,-11.25,4.52,-1.05871,-11.25,4.52,-1.05871,0,0,0,54621,8.10288e+08,9.07398e+13,0,profile_only
L2_final_branch_th4,ad6bb15,W2,4,372,1,0.837493,-11.2,4.47,-1.00871,-11.2,4.47,-1.00871,0,0,0,54621,7.7718e+08,9.16245e+13,0,profile_only
L2_final_branch_th4,ad6bb15,W2,4,373,1,0.83101,-11.15,4.42,-0.908714,-11.15,4.42,-0.908714,0,0,0,54621,7.12032e+08,9.24274e+13,0,profile_only
L2_final_branch_th4,ad6bb15,W2,4,374,1,0.783337,-11.05,4.37,-0.808714,-11.05,4.37,-0.808714,0,0,0,54621,6.92704e+08,9.31611e+13,0,profile_only
L2_final_branch_th4,ad6bb15,W2,4,375,1,0.777074,-11,4.32,-0.708714,-11,4.32,-0.708714,0,0,0,54621,7.68448e+08,9.39699e+13,0,profile_only
L2_final_branch_th4,ad6bb15,W2,4,376,1,0.8159,-10.9,4.27,-0.608714,-10.9,4.27,-0.608714,0,0,0,54621,6.35766e+08,9.43104e+13,0,profile_only
L2_final_branch_th4,ad6bb15,W2,4,377,1,0.73115,-10.7,4.17,-0.458714,-10.7,4.17,-0.458714,0,0,0,54621,8.34002e+08,9.62182e+13,0,profile_only
L2_final_branch_th4,ad6bb15,W2,4,378,1,0.786271,-10.65,4.17,-0.358714,-10.65,4.17,-0.358714,0,0,0,54621,7.44607e+08,9.99268e+13,0,profile_only
L2_final_branch_th4,ad6bb15,W2,4,379,1,0.746702,-10.55,4.17,-0.308714,-10.55,4.17,-0.308714,0,0,0,54621,7.78644e+08,9.94897e+13,0,profile_only
L2_final_branch_th4,ad6bb15,W2,4,380,1,0.77597,-10.45,4.17,-0.208714,-10.45,4.17,-0.208714,0,0,0,54621,8.78979e+08,1.03158e+14,0,profile_only
L2_final_branch_th4,ad6bb15,W2,4,381,1,0.848928,-10.3,4.17,-0.158714,-10.3,4.17,-0.158714,0,0,0,54621,8.40333e+08,1.03323e+14,0,profile_only
L2_final_branch_th4,ad6bb15,W2,4,382,1,0.745599,-10.15,4.12,-0.108714,-10.15,4.12,-0.108714,0,0,0,54621,8.27384e+08,1.06857e+14,0,profile_only
L2_final_branch_th4,ad6bb15,W2,4,383,1,0.768301,-10,4.12,-0.108714,-10,4.12,-0.108714,0,0,0,54621,8.72392e+08,1.09876e+14,0,profile_only
L2_final_branch_th4,ad6bb15,W2,4,384,1,0.741698,-9.9,4.12,-0.108714,-9.9,4.12,-0.108714,0,0,0,54621,9.29361e+08,1.12508e+14,0,profile_only
L2_final_branch_th4,ad6bb15,W2,4,385,1,0.790372,-9.75,4.07,-0.108714,-9.75,4.07,-0.108714,0,0,0,54621,8.79458e+08,1.14178e+14,0,profile_only
L2_final_branch_th4,ad6bb15,W2,4,386,1,0.82149,-9.6,4.07,-0.108714,-9.6,4.07,-0.108714,0,0,0,54621,9.44905e+08,1.16588e+14,0,profile_only
L2_final_branch_th4,ad6bb15,W2,4,387,1,0.746276,-9.5,4.07,-0.108714,-9.5,4.07,-0.108714,0,0,0,54621,9.6628e+08,1.19638e+14,0,profile_only
L2_final_branch_th4,ad6bb15,W2,4,388,1,0.752576,-9.35,4.02,-0.108714,-9.35,4.02,-0.108714,0,0,0,54621,8.59677e+08,1.2021e+14,0,profile_only
L2_final_branch_th4,ad6bb15,W2,4,389,1,0.757612,-9.2,4.02,-0.158714,-9.2,4.02,-0.158714,0,0,0,54621,6.92251e+08,1.22663e+14,0,profile_only
L2_final_branch_th4,ad6bb15,W2,4,390,1,0.737195,-9.05,3.97,-0.208714,-9.05,3.97,-0.208714,0,0,0,54621,6.36283e+08,1.24283e+14,0,profile_only
L2_final_branch_th4,ad6bb15,W2,4,391,1,0.755124,-8.95,3.92,-0.208714,-8.95,3.92,-0.208714,0,0,0,54621,4.69173e+08,1.27233e+14,0,profile_only
L2_final_branch_th4,ad6bb15,W2,4,392,1,0.758738,-8.85,3.92,-0.258714,-8.85,3.92,-0.258714,0,0,0,54621,4.34312e+08,1.29287e+14,0,profile_only
L2_final_branch_th4,ad6bb15,W2,4,393,1,0.715071,-8.7,3.87,-0.308714,-8.7,3.87,-0.308714,0,0,0,54621,5.44105e+08,1.31472e+14,0,profile_only
L2_final_branch_th4,ad6bb15,W2,4,394,1,0.741035,-8.6,3.82,-0.308714,-8.6,3.82,-0.308714,0,0,0,54621,3.01403e+08,1.32861e+14,0,profile_only
L2_final_branch_th4,ad6bb15,W2,4,395,1,0.760276,-8.45,3.77,-0.358714,-8.45,3.77,-0.358714,0,0,0,54621,4.12413e+08,1.34983e+14,0,profile_only
L2_final_branch_th4,ad6bb15,W2,4,396,1,0.758584,-8.35,3.72,-0.408714,-8.35,3.72,-0.408714,0,0,0,54621,4.66177e+08,1.3702e+14,0,profile_only
L2_final_branch_th4,ad6bb15,W2,4,397,1,0.756189,-8.25,3.67,-0.458714,-8.25,3.67,-0.458714,0,0,0,54621,4.90019e+08,1.3825e+14,0,profile_only
L2_final_branch_th4,ad6bb15,W2,4,398,1,0.766294,-8,3.52,-0.458714,-8,3.52,-0.458714,0,0,0,54621,6.22244e+08,1.40658e+14,0,profile_only
L2_final_branch_th4,ad6bb15,W2,4,399,1,0.826452,-7.85,3.42,-0.458714,-7.85,3.42,-0.458714,0,0,0,54621,5.97152e+08,1.43296e+14,0,profile_only
L2_final_branch_th4,ad6bb15,W2,4,400,1,0.815497,-7.6,3.27,-0.458714,-7.6,3.27,-0.458714,0,0,0,54621,5.81824e+08,1.45407e+14,0,profile_only
L2_final_branch_th4,ad6bb15,W2,4,401,1,0.78863,-7.45,3.22,-0.458714,-7.45,3.22,-0.458714,0,0,0,54621,5.78585e+08,1.49435e+14,0,profile_only
L2_final_branch_th4,ad6bb15,W2,4,402,1,0.810014,-7.3,3.12,-0.458714,-7.3,3.12,-0.458714,0,0,0,54621,5.66316e+08,1.51619e+14,0,profile_only
L2_final_branch_th4,ad6bb15,W2,4,403,1,0.843818,-7.1,3.02,-0.458714,-7.1,3.02,-0.458714,0,0,0,54621,5.60677e+08,1.53482e+14,0,profile_only
L2_final_branch_th4,ad6bb15,W2,4,404,1,0.85369,-7,2.97,-0.458714,-7,2.97,-0.458714,0,0,0,54621,5.56447e+08,1.56142e+14,0,profile_only
L2_final_branch_th4,ad6bb15,W2,4,405,1,0.86003,-6.8,2.87,-0.458714,-6.8,2.87,-0.458714,0,0,0,54621,5.35588e+08,1.5803e+14,0,profile_only
L2_final_branch_th4,ad6bb15,W2,4,406,1,0.848759,-6.7,2.82,-0.458714,-6.7,2.82,-0.458714,0,0,0,54621,5.87163e+08,1.61599e+14,0,profile_only
L2_final_branch_th4,ad6bb15,W2,4,407,1,0.88229,-6.45,2.72,-0.458714,-6.45,2.72,-0.458714,0,0,0,54621,6.01215e+08,1.63003e+14,0,profile_only
L2_final_branch_th4,ad6bb15,W2,4,408,1,0.800889,-6.45,2.67,-0.408714,-6.45,2.67,-0.408714,0,0,0,54621,6.6283e+08,1.66994e+14,0,profile_only
L2_final_branch_th4,ad6bb15,W2,4,409,1,0.842834,-6.15,2.57,-0.408714,-6.15,2.57,-0.408714,0,0,0,54621,6.18547e+08,1.6733e+14,0,profile_only
L2_final_branch_th4,ad6bb15,W2,4,410,1,0.826192,-5.95,2.52,-0.408714,-5.95,2.52,-0.408714,0,0,0,54621,5.78465e+08,1.71278e+14,0,profile_only
L2_final_branch_th4,ad6bb15,W2,4,411,1,0.864422,-5.7,2.42,-0.358714,-5.7,2.42,-0.358714,0,0,0,54621,6.40695e+08,1.73051e+14,0,profile_only
L2_final_branch_th4,ad6bb15,W2,4,412,1,0.8027,-5.55,2.37,-0.308714,-5.55,2.37,-0.308714,0,0,0,54621,6.652e+08,1.76098e+14,0,profile_only
L2_final_branch_th4,ad6bb15,W2,4,413,1,0.82544,-5.3,2.27,-0.308714,-5.3,2.27,-0.308714,0,0,0,54621,5.55112e+08,1.77745e+14,0,profile_only
L2_final_branch_th4,ad6bb15,W2,4,414,1,0.74709,-5.1,2.22,-0.308714,-5.1,2.22,-0.308714,0,0,0,54621,5.6218e+08,1.80197e+14,0,profile_only
L2_final_branch_th4,ad6bb15,W2,4,415,1,0.876763,-4.85,2.12,-0.358714,-4.85,2.12,-0.358714,0,0,0,54621,5.63081e+08,1.82262e+14,0,profile_only
L2_final_branch_th4,ad6bb15,W2,4,416,1,0.792346,-4.45,1.92,-0.358714,-4.45,1.92,-0.358714,0,0,0,54621,5.68768e+08,1.85108e+14,0,profile_only
L2_final_branch_th4,ad6bb15,W2,4,417,1,0.884588,-4.4,1.92,-0.408714,-4.4,1.92,-0.408714,0,0,0,54621,5.41287e+08,1.88131e+14,0,profile_only
L2_final_branch_th4,ad6bb15,W2,4,418,1,0.806606,-4.05,1.72,-0.408714,-4.05,1.72,-0.408714,0,0,0,54621,5.91991e+08,1.88316e+14,0,profile_only
L2_final_branch_th4,ad6bb15,W2,4,419,1,0.831307,-3.85,1.62,-0.458714,-3.85,1.62,-0.458714,0,0,0,54621,5.66312e+08,1.90588e+14,0,profile_only
L2_final_branch_th4,ad6bb15,W2,4,420,1,0.821447,-3.9,1.67,-0.508714,-3.9,1.67,-0.508714,0,0,0,54621,5.42571e+08,1.91291e+14,0,profile_only
L2_final_branch_th4,ad6bb15,W2,4,421,1,0.811812,-3.5,1.42,-0.508714,-3.5,1.42,-0.508714,0,0,0,54621,5.79455e+08,1.91691e+14,0,profile_only
L2_final_branch_th4,ad6bb15,W2,4,422,1,0.776685,-3.4,1.37,-0.508714,-3.4,1.37,-0.508714,0,0,0,54621,5.68232e+08,1.90435e+14,0,profile_only
L2_final_branch_th4,ad6bb15,W2,4,423,1,0.776587,-3.25,1.27,-0.558714,-3.25,1.27,-0.558714,0,0,0,54621,4.85822e+08,1.9016e+14,0,profile_only
L2_final_branch_th4,ad6bb15,W2,4,424,1,0.823707,-3.3,1.27,-0.608714,-3.3,1.27,-0.608714,0,0,0,54621,5.59336e+08,1.89488e+14,0,profile_only
L2_final_branch_th4,ad6bb15,W2,4,425,1,0.792066,-3.2,1.17,-0.608714,-3.2,1.17,-0.608714,0,0,0,54621,5.59127e+08,1.8866e+14,0,profile_only
L2_final_branch_th4,ad6bb15,W2,4,426,1,0.85434,-3.05,1.07,-0.658714,-3.05,1.07,-0.658714,0,0,0,54621,5.53413e+08,1.8724e+14,0,profile_only
L2_final_branch_th4,ad6bb15,W2,4,427,1,0.851398,-2.9,0.92,-0.658714,-2.9,0.92,-0.658714,0,0,0,54621,5.94881e+08,1.8566e+14,0,profile_only
L2_final_branch_th4,ad6bb15,W2,4,428,1,0.841893,-2.75,0.82,-0.658714,-2.75,0.82,-0.658714,0,0,0,54621,5.42329e+08,1.83055e+14,0,profile_only
L2_final_branch_th4,ad6bb15,W2,4,429,1,0.774624,-2.65,0.72,-0.708714,-2.65,0.72,-0.708714,0,0,0,54621,5.69374e+08,1.81585e+14,0,profile_only
L2_final_branch_th4,ad6bb15,W2,4,430,1,0.784891,-2.5,0.62,-0.708714,-2.5,0.62,-0.708714,0,0,0,54621,6.63942e+08,1.80594e+14,0,profile_only
L2_final_branch_th4,ad6bb15,W2,4,431,1,0.772636,-2.4,0.52,-0.708714,-2.4,0.52,-0.708714,0,0,0,54621,5.56061e+08,1.78432e+14,0,profile_only
L2_final_branch_th4,ad6bb15,W2,4,432,1,0.888789,-2.25,0.37,-0.658714,-2.25,0.37,-0.658714,0,0,0,54621,6.59678e+08,1.76186e+14,0,profile_only
L2_final_branch_th4,ad6bb15,W2,4,433,1,0.856005,-2.1,0.27,-0.608714,-2.1,0.27,-0.608714,0,0,0,54621,6.91675e+08,1.72879e+14,0,profile_only
L2_final_branch_th4,ad6bb15,W2,4,434,1,0.765718,-1.95,0.22,-0.558714,-1.95,0.22,-0.558714,0,0,0,54621,6.82387e+08,1.70017e+14,0,profile_only
L2_final_branch_th4,ad6bb15,W2,4,435,1,0.820228,-1.8,0.12,-0.458714,-1.8,0.12,-0.458714,0,0,0,54621,7.73868e+08,1.68325e+14,0,profile_only
L2_final_branch_th4,ad6bb15,W2,4,436,1,0.772429,-1.7,0.12,-0.408714,-1.7,0.12,-0.408714,0,0,0,54621,6.55539e+08,1.66697e+14,0,profile_only
L2_final_branch_th4,ad6bb15,W2,4,437,1,0.821327,-1.45,0.02,-0.308714,-1.45,0.02,-0.308714,0,0,0,54621,6.75732e+08,1.66242e+14,0,profile_only
L2_final_branch_th4,ad6bb15,W2,4,438,1,0.766523,-1.3,0.02,-0.258714,-1.3,0.02,-0.258714,0,0,0,54621,6.12011e+08,1.64848e+14,0,profile_only
L2_final_branch_th4,ad6bb15,W2,4,439,1,0.741264,-1.2,0.02,-0.208714,-1.2,0.02,-0.208714,0,0,0,54621,5.76852e+08,1.64802e+14,0,profile_only
L2_final_branch_th4,ad6bb15,W2,4,440,1,0.7388,-0.9,-0.08,-0.158714,-0.9,-0.08,-0.158714,0,0,0,54621,6.07073e+08,1.65494e+14,0,profile_only
L2_final_branch_th4,ad6bb15,W2,4,441,1,0.80427,-0.7,-0.08,-0.158714,-0.7,-0.08,-0.158714,0,0,0,54621,5.51536e+08,1.6275e+14,0,profile_only
L2_final_branch_th4,ad6bb15,W2,4,442,1,0.701391,-0.6,-0.13,-0.158714,-0.6,-0.13,-0.158714,0,0,0,54621,4.60868e+08,1.61474e+14,0,profile_only
L2_final_branch_th4,ad6bb15,W2,4,443,1,0.730297,-0.3,-0.13,-0.108714,-0.3,-0.13,-0.108714,0,0,0,54621,3.72116e+08,1.60717e+14,0,profile_only
L2_final_branch_th4,ad6bb15,W2,4,444,1,0.710272,-0.1,-0.13,-0.108714,-0.1,-0.13,-0.108714,0,0,0,54621,5.07154e+08,1.59755e+14,0,profile_only
L2_final_branch_th4,ad6bb15,W2,4,445,1,0.816927,0.05,-0.18,-0.108714,0.05,-0.18,-0.108714,0,0,0,54621,4.09345e+08,1.58371e+14,0,profile_only
L2_final_branch_th4,ad6bb15,W2,4,446,1,0.836459,0.2,-0.18,-0.108714,0.2,-0.18,-0.108714,0,0,0,54621,3.43583e+08,1.56616e+14,0,profile_only
L2_final_branch_th4,ad6bb15,W2,4,447,1,0.719755,0.35,-0.23,-0.108714,0.35,-0.23,-0.108714,0,0,0,54621,4.20541e+08,1.55665e+14,0,profile_only
L2_final_branch_th4,ad6bb15,W2,4,448,1,0.708327,0.55,-0.23,-0.0587136,0.55,-0.23,-0.0587136,0,0,0,54621,5.82323e+08,1.53729e+14,0,profile_only
L2_final_branch_th4,ad6bb15,W2,4,449,1,0.766135,0.75,-0.23,-0.0587136,0.75,-0.23,-0.0587136,0,0,0,54621,6.0841e+08,1.53241e+14,0,profile_only
L2_final_branch_th4,ad6bb15,W2,4,450,1,0.870748,0.9,-0.23,-0.0587136,0.9,-0.23,-0.0587136,0,0,0,54621,5.88151e+08,1.51653e+14,0,profile_only
L2_final_branch_th4,ad6bb15,W2,4,451,1,0.732608,1.05,-0.23,-0.00871357,1.05,-0.23,-0.00871357,0,0,0,54621,6.71773e+08,1.50247e+14,0,profile_only
L2_final_branch_th4,ad6bb15,W2,4,452,1,0.717912,1.2,-0.23,-0.00871357,1.2,-0.23,-0.00871357,0,0,0,54621,6.22715e+08,1.50114e+14,0,profile_only
L2_final_branch_th4,ad6bb15,W2,4,453,1,0.752539,1.35,-0.23,0.0412864,1.35,-0.23,0.0412864,0,0,0,54621,6.40519e+08,1.48836e+14,0,profile_only
L2_final_branch_th4,ad6bb15,W2,4,454,1,0.831046,1.5,-0.18,0.0912864,1.5,-0.18,0.0912864,0,0,0,54621,6.97323e+08,1.48242e+14,0,profile_only
L2_final_branch_th4,ad6bb15,W2,4,455,1,0.826907,1.65,-0.13,0.141286,1.65,-0.13,0.141286,0,0,0,54621,6.45667e+08,1.48016e+14,0,profile_only
L2_final_branch_th4,ad6bb15,W2,4,456,1,0.878638,1.75,-0.13,0.191286,1.75,-0.13,0.191286,0,0,0,54621,6.65313e+08,1.47629e+14,0,profile_only
L2_final_branch_th4,ad6bb15,W2,4,457,1,0.800947,1.9,-0.03,0.291286,1.9,-0.03,0.291286,0,0,0,54621,7.31186e+08,1.47611e+14,0,profile_only
L2_final_branch_th4,ad6bb15,W2,4,458,1,0.857703,2.05,0.02,0.391286,2.05,0.02,0.391286,0,0,0,54621,7.17086e+08,1.48417e+14,0,profile_only
L2_final_branch_th4,ad6bb15,W2,4,459,1,0.870893,2.1,0.07,0.441286,2.1,0.07,0.441286,0,0,0,54621,6.43468e+08,1.48585e+14,0,profile_only
L2_final_branch_th4,ad6bb15,W2,4,460,1,0.883147,2.2,0.12,0.541286,2.2,0.12,0.541286,0,0,0,54621,6.88941e+08,1.49122e+14,0,profile_only
L2_final_branch_th4,ad6bb15,W2,4,461,1,0.822024,2.25,0.22,0.641286,2.25,0.22,0.641286,0,0,0,54621,6.7621e+08,1.49743e+14,0,profile_only
L2_final_branch_th4,ad6bb15,W2,4,462,1,0.848039,2.35,0.32,0.741286,2.35,0.32,0.741286,0,0,0,54621,6.91702e+08,1.51508e+14,0,profile_only
L2_final_branch_th4,ad6bb15,W2,4,463,1,0.888882,2.45,0.42,0.841286,2.45,0.42,0.841286,0,0,0,54621,6.6771e+08,1.51922e+14,0,profile_only
L2_final_branch_th4,ad6bb15,W2,4,464,1,0.878152,2.5,0.52,0.891286,2.5,0.52,0.891286,0,0,0,54621,5.98037e+08,1.52184e+14,0,profile_only
L2_final_branch_th4,ad6bb15,W2,4,465,1,0.808235,2.6,0.67,0.991286,2.6,0.67,0.991286,0,0,0,54621,6.60378e+08,1.52144e+14,0,profile_only
L2_final_branch_th4,ad6bb15,W2,4,466,1,0.846772,2.65,0.77,1.04129,2.65,0.77,1.04129,0,0,0,54621,5.8894e+08,1.5201e+14,0,profile_only
L2_final_branch_th4,ad6bb15,W2,4,467,1,0.832806,2.7,0.87,1.09129,2.7,0.87,1.09129,0,0,0,54621,5.89784e+08,1.51899e+14,0,profile_only
L2_final_branch_th4,ad6bb15,W2,4,468,1,0.828329,2.75,1.02,1.14129,2.75,1.02,1.14129,0,0,0,54621,6.75264e+08,1.51067e+14,0,profile_only
L2_final_branch_th4,ad6bb15,W2,4,469,1,0.816836,2.8,1.12,1.19129,2.8,1.12,1.19129,0,0,0,54621,6.27231e+08,1.50764e+14,0,profile_only
L2_final_branch_th4,ad6bb15,W2,4,470,1,0.818549,2.85,1.32,1.29129,2.85,1.32,1.29129,0,0,0,54621,7.11927e+08,1.49354e+14,0,profile_only
L2_final_branch_th4,ad6bb15,W2,4,471,1,0.815041,2.85,1.42,1.34129,2.85,1.42,1.34129,0,0,0,54621,6.58712e+08,1.49012e+14,0,profile_only
L2_final_branch_th4,ad6bb15,W2,4,472,1,0.790162,2.85,1.57,1.39129,2.85,1.57,1.39129,0,0,0,54621,6.79096e+08,1.48492e+14,0,profile_only
L2_final_branch_th4,ad6bb15,W2,4,473,1,0.798324,2.85,1.72,1.44129,2.85,1.72,1.44129,0,0,0,54621,6.04765e+08,1.48077e+14,0,profile_only
L2_final_branch_th4,ad6bb15,W2,4,474,1,0.787267,2.85,1.87,1.49129,2.85,1.87,1.49129,0,0,0,54621,6.46667e+08,1.47117e+14,0,profile_only
L2_final_branch_th4,ad6bb15,W2,4,475,1,0.823221,2.85,1.97,1.54129,2.85,1.97,1.54129,0,0,0,54621,6.01865e+08,1.4629e+14,0,profile_only
L2_final_branch_th4,ad6bb15,W2,4,476,1,0.802285,2.85,2.12,1.59129,2.85,2.12,1.59129,0,0,0,54621,6.48272e+08,1.45092e+14,0,profile_only
L2_final_branch_th4,ad6bb15,W2,4,477,1,0.747851,2.85,2.27,1.64129,2.85,2.27,1.64129,0,0,0,54621,5.96597e+08,1.43889e+14,0,profile_only
L2_final_branch_th4,ad6bb15,W2,4,478,1,0.764423,2.85,2.42,1.69129,2.85,2.42,1.69129,0,0,0,54621,6.27259e+08,1.42624e+14,0,profile_only
L2_final_branch_th4,ad6bb15,W2,4,479,1,0.807618,2.8,2.57,1.69129,2.8,2.57,1.69129,0,0,0,54621,5.2502e+08,1.40911e+14,0,profile_only
L2_final_branch_th4,ad6bb15,W2,4,480,1,0.798128,2.8,2.77,1.69129,2.8,2.77,1.69129,0,0,0,54621,5.50197e+08,1.40002e+14,0,profile_only
L2_final_branch_th4,ad6bb15,W2,4,481,1,0.823511,2.75,2.92,1.69129,2.75,2.92,1.69129,0,0,0,54621,6.36043e+08,1.39951e+14,0,profile_only
L2_final_branch_th4,ad6bb15,W2,4,482,1,0.862049,2.75,3.07,1.69129,2.75,3.07,1.69129,0,0,0,54621,6.60893e+08,1.4139e+14,0,profile_only
L2_final_branch_th4,ad6bb15,W2,4,483,1,0.773253,2.7,3.17,1.69129,2.7,3.17,1.69129,0,0,0,54621,6.72509e+08,1.41819e+14,0,profile_only
L2_final_branch_th4,ad6bb15,W2,4,484,1,0.799946,2.65,3.42,1.74129,2.65,3.42,1.74129,0,0,0,54621,6.15979e+08,1.4331e+14,0,profile_only
L2_final_branch_th4,ad6bb15,W2,4,485,1,0.828155,2.65,3.52,1.74129,2.65,3.52,1.74129,0,0,0,54621,5.7717e+08,1.44548e+14,0,profile_only
L2_final_branch_th4,ad6bb15,W2,4,486,1,0.79446,2.65,3.57,1.74129,2.65,3.57,1.74129,0,0,0,54621,6.2623e+08,1.445e+14,0,profile_only
L2_final_branch_th4,ad6bb15,W2,4,487,1,0.893334,2.6,3.72,1.79129,2.6,3.72,1.79129,0,0,0,54621,6.97766e+08,1.44363e+14,0,profile_only
L2_final_branch_th4,ad6bb15,W2,4,488,1,0.84896,2.45,3.97,1.84129,2.45,3.97,1.84129,0,0,0,54621,6.88604e+08,1.44741e+14,0,profile_only
L2_final_branch_th4,ad6bb15,W2,4,489,1,0.891669,2.55,3.92,1.84129,2.55,3.92,1.84129,0,0,0,54621,6.66077e+08,1.45876e+14,0,profile_only
L2_final_branch_th4,ad6bb15,W2,4,490,1,0.900804,2.45,4.12,1.89129,2.45,4.12,1.89129,0,0,0,54621,6.56855e+08,1.45466e+14,0,profile_only
L2_final_branch_th4,ad6bb15,W2,4,491,1,0.835345,2.4,4.27,1.94129,2.4,4.27,1.94129,0,0,0,54621,6.57276e+08,1.47212e+14,0,profile_only
L2_final_branch_th4,ad6bb15,W2,4,492,1,0.902403,2.45,4.27,1.94129,2.45,4.27,1.94129,0,0,0,54621,6.11771e+08,1.4804e+14,0,profile_only
L2_final_branch_th4,ad6bb15,W2,4,493,1,0.950924,2.35,4.42,1.99129,2.35,4.42,1.99129,0,0,0,54621,6.4649e+08,1.47746e+14,0,profile_only
L2_final_branch_th4,ad6bb15,W2,4,494,1,0.831172,2.3,4.52,2.04129,2.3,4.52,2.04129,0,0,0,54621,6.38359e+08,1.48976e+14,0,profile_only
L2_final_branch_th4,ad6bb15,W2,4,495,1,0.873085,2.2,4.67,2.09129,2.2,4.67,2.09129,0,0,0,54621,6.39297e+08,1.49958e+14,0,profile_only
L2_final_branch_th4,ad6bb15,W2,4,496,1,0.889145,2.15,4.77,2.14129,2.15,4.77,2.14129,0,0,0,54621,6.3729e+08,1.50424e+14,0,profile_only
L2_final_branch_th4,ad6bb15,W2,4,497,1,0.867516,2.05,4.87,2.19129,2.05,4.87,2.19129,0,0,0,54621,6.37968e+08,1.5056e+14,0,profile_only
L2_final_branch_th4,ad6bb15,W2,4,498,1,0.937397,2,4.92,2.24129,2,4.92,2.24129,0,0,0,54621,6.64034e+08,1.51047e+14,0,profile_only
L2_final_branch_th4,ad6bb15,W2,4,499,1,0.885915,1.95,4.97,2.29129,1.95,4.97,2.29129,0,0,0,54621,6.98227e+08,1.51618e+14,0,profile_only
L2_final_branch_th4,ad6bb15,W2,4,500,1,0.877702,1.8,5.12,2.39129,1.8,5.12,2.39129,0,0,0,54621,7.07466e+08,1.51989e+14,0,profile_only
L2_final_branch_th4,ad6bb15,W2,4,501,1,0.90363,1.65,5.22,2.44129,1.65,5.22,2.44129,0,0,0,54621,6.65313e+08,1.52921e+14,0,profile_only
L2_final_branch_th4,ad6bb15,W2,4,502,1,0.842981,1.7,5.17,2.49129,1.7,5.17,2.49129,0,0,0,54621,7.01411e+08,1.54115e+14,0,profile_only
L2_final_branch_th4,ad6bb15,W2,4,503,1,0.88347,1.4,5.37,2.59129,1.4,5.37,2.59129,0,0,0,54621,7.07131e+08,1.53923e+14,0,profile_only
L2_final_branch_th4,ad6bb15,W2,4,504,1,0.822525,1.3,5.42,2.64129,1.3,5.42,2.64129,0,0,0,54621,6.23693e+08,1.55973e+14,0,profile_only
L2_final_branch_th4,ad6bb15,W2,4,505,1,0.858769,1.15,5.47,2.69129,1.15,5.47,2.69129,0,0,0,54621,6.54199e+08,1.56665e+14,0,profile_only
L2_final_branch_th4,ad6bb15,W2,4,506,1,0.831206,1.05,5.52,2.74129,1.05,5.52,2.74129,0,0,0,54621,6.42889e+08,1.57904e+14,0,profile_only
L2_final_branch_th4,ad6bb15,W2,4,507,1,0.784923,0.95,5.52,2.74129,0.95,5.52,2.74129,0,0,0,54621,6.15108e+08,1.58559e+14,0,profile_only
L2_final_branch_th4,ad6bb15,W2,4,508,1,0.851706,0.8,5.57,2.79129,0.8,5.57,2.79129,0,0,0,54621,6.50519e+08,1.59528e+14,0,profile_only
L2_final_branch_th4,ad6bb15,W2,4,509,1,0.926394,0.55,5.67,2.84129,0.55,5.67,2.84129,0,0,0,54621,6.56602e+08,1.60963e+14,0,profile_only
L2_final_branch_th4,ad6bb15,W2,4,510,1,0.894368,0.5,5.67,2.84129,0.5,5.67,2.84129,0,0,0,54621,6.09689e+08,1.62594e+14,0,profile_only
L2_final_branch_th4,ad6bb15,W2,4,511,1,0.856103,0.3,5.72,2.84129,0.3,5.72,2.84129,0,0,0,54621,5.9198e+08,1.62855e+14,0,profile_only
L2_final_branch_th4,ad6bb15,W2,4,512,1,0.876004,0.05,5.82,2.89129,0.05,5.82,2.89129,0,0,0,54621,5.42344e+08,1.63346e+14,0,profile_only
L2_final_branch_th4,ad6bb15,W2,4,513,1,0.914527,-0.15,5.87,2.89129,-0.15,5.87,2.89129,0,0,0,54621,5.53347e+08,1.64041e+14,0,profile_only
L2_final_branch_th4,ad6bb15,W2,4,514,1,0.950046,-0.3,5.92,2.89129,-0.3,5.92,2.89129,0,0,0,54621,5.96476e+08,1.64543e+14,0,profile_only
L2_final_branch_th4,ad6bb15,W2,4,515,1,0.93543,-0.4,5.92,2.89129,-0.4,5.92,2.89129,0,0,0,54621,5.92452e+08,1.64396e+14,0,profile_only
L2_final_branch_th4,ad6bb15,W2,4,516,1,0.930192,-0.6,5.97,2.89129,-0.6,5.97,2.89129,0,0,0,54621,5.31281e+08,1.64166e+14,0,profile_only
L2_final_branch_th4,ad6bb15,W2,4,517,1,0.95137,-0.75,6.02,2.89129,-0.75,6.02,2.89129,0,0,0,54621,6.02435e+08,1.63498e+14,0,profile_only
L2_final_branch_th4,ad6bb15,W2,4,518,1,0.92615,-0.95,6.07,2.89129,-0.95,6.07,2.89129,0,0,0,54621,6.69024e+08,1.61904e+14,0,profile_only
L2_final_branch_th4,ad6bb15,W2,4,519,1,0.903049,-1.05,6.07,2.89129,-1.05,6.07,2.89129,0,0,0,54621,6.57647e+08,1.60797e+14,0,profile_only
L2_final_branch_th4,ad6bb15,W2,4,520,1,0.87833,-1.35,6.17,2.94129,-1.35,6.17,2.94129,0,0,0,54621,5.99331e+08,1.60574e+14,0,profile_only
L2_final_branch_th4,ad6bb15,W2,4,521,1,0.903292,-1.4,6.17,2.94129,-1.4,6.17,2.94129,0,0,0,54621,5.36517e+08,1.59629e+14,0,profile_only
L2_final_branch_th4,ad6bb15,W2,4,522,1,0.879331,-1.6,6.22,2.94129,-1.6,6.22,2.94129,0,0,0,54621,4.59188e+08,1.60378e+14,0,profile_only
L2_final_branch_th4,ad6bb15,W2,4,523,1,0.846355,-1.7,6.22,2.94129,-1.7,6.22,2.94129,0,0,0,54621,1.77146e+08,1.60225e+14,0,profile_only
L2_final_branch_th4,ad6bb15,W2,4,524,1,0.914219,-1.85,6.27,2.94129,-1.85,6.27,2.94129,0,0,0,54621,3.11201e+08,1.61207e+14,0,profile_only
L2_final_branch_th4,ad6bb15,W2,4,525,1,0.841987,-1.95,6.27,2.94129,-1.95,6.27,2.94129,0,0,0,54621,1.18043e+08,1.6076e+14,0,profile_only
L2_final_branch_th4,ad6bb15,W2,4,526,1,0.874981,-2.15,6.32,2.99129,-2.15,6.32,2.99129,0,0,0,54621,4.11613e+08,1.61629e+14,0,profile_only
L2_final_branch_th4,ad6bb15,W2,4,527,1,0.899102,-2.2,6.32,2.99129,-2.2,6.32,2.99129,0,0,0,54621,3.41538e+08,1.62122e+14,0,profile_only
L2_final_branch_th4,ad6bb15,W2,4,528,1,0.835359,-2.4,6.37,3.04129,-2.4,6.37,3.04129,0,0,0,54621,4.21483e+08,1.63145e+14,0,profile_only
L2_final_branch_th4,ad6bb15,W2,4,529,1,0.873951,-2.6,6.37,3.09129,-2.6,6.37,3.09129,0,0,0,54621,2.93872e+08,1.64027e+14,0,profile_only
L2_final_branch_th4,ad6bb15,W2,4,530,1,0.914817,-2.7,6.37,3.09129,-2.7,6.37,3.09129,0,0,0,54621,3.21888e+08,1.65381e+14,0,profile_only
L2_final_branch_th4,ad6bb15,W2,4,531,1,0.900201,-2.8,6.37,3.09129,-2.8,6.37,3.09129,0,0,0,54621,4.70358e+08,1.66005e+14,0,profile_only
L2_final_branch_th4,ad6bb15,W2,4,532,1,0.912797,-3,6.37,3.14129,-3,6.37,3.14129,0,0,0,54621,5.27066e+08,1.66753e+14,0,profile_only
L2_final_branch_th4,ad6bb15,W2,4,533,1,0.883793,-3.1,6.37,3.14129,-3.1,6.37,3.14129,0,0,0,54621,4.89872e+08,1.6791e+14,0,profile_only
L2_final_branch_th4,ad6bb15,W2,4,534,1,0.871038,-3.3,6.37,3.14129,-3.3,6.37,3.14129,0,0,0,54621,5.10863e+08,1.68052e+14,0,profile_only
L2_final_branch_th4,ad6bb15,W2,4,535,1,0.864603,-3.45,6.37,3.14129,-3.45,6.37,3.14129,0,0,0,54621,5.28452e+08,1.66956e+14,0,profile_only
L2_final_branch_th4,ad6bb15,W2,4,536,1,0.844948,-3.55,6.37,-3.0919,-3.55,6.37,-3.0919,0,0,0,54621,5.75233e+08,1.65765e+14,0,profile_only
L2_final_branch_th4,ad6bb15,W2,4,537,1,0.826794,-3.75,6.37,-3.0919,-3.75,6.37,-3.0919,0,0,0,54621,4.62767e+08,1.65878e+14,0,profile_only
L2_final_branch_th4,ad6bb15,W2,4,538,1,0.874434,-3.9,6.37,3.14129,-3.9,6.37,3.14129,0,0,0,54621,4.2756e+08,1.63654e+14,0,profile_only
L2_final_branch_th4,ad6bb15,W2,4,539,1,0.821752,-4.05,6.37,3.14129,-4.05,6.37,3.14129,0,0,0,54621,6.90293e+08,1.61017e+14,0,profile_only
L2_final_branch_th4,ad6bb15,W2,4,540,1,0.798651,-4.3,6.37,3.09129,-4.3,6.37,3.09129,0,0,0,54621,7.70508e+08,1.58756e+14,0,profile_only
L2_final_branch_th4,ad6bb15,W2,4,541,1,0.863358,-4.4,6.42,3.09129,-4.4,6.42,3.09129,0,0,0,54621,8.29599e+08,1.54096e+14,0,profile_only
L2_final_branch_th4,ad6bb15,W2,4,542,1,0.795625,-4.5,6.42,3.09129,-4.5,6.42,3.09129,0,0,0,54621,6.29206e+08,1.5105e+14,0,profile_only
L2_final_branch_th4,ad6bb15,W2,4,543,1,0.835976,-4.7,6.42,3.04129,-4.7,6.42,3.04129,0,0,0,54621,5.36652e+08,1.49133e+14,0,profile_only
L2_final_branch_th4,ad6bb15,W2,4,544,1,0.794497,-4.9,6.42,2.99129,-4.9,6.42,2.99129,0,0,0,54621,5.25935e+08,1.46261e+14,0,profile_only
L2_final_branch_th4,ad6bb15,W2,4,545,1,0.835359,-5,6.52,2.99129,-5,6.52,2.99129,0,0,0,54621,5.31246e+08,1.43355e+14,0,profile_only
L2_final_branch_th4,ad6bb15,W2,4,546,1,0.85151,-5.15,6.57,2.94129,-5.15,6.57,2.94129,0,0,0,54621,4.69513e+08,1.40013e+14,0,profile_only
L2_final_branch_th4,ad6bb15,W2,4,547,1,0.880416,-5.25,6.57,2.89129,-5.25,6.57,2.89129,0,0,0,54621,4.61876e+08,1.36855e+14,0,profile_only
L2_final_branch_th4,ad6bb15,W2,4,548,1,0.901384,-5.4,6.62,2.79129,-5.4,6.62,2.79129,0,0,0,54621,5.33586e+08,1.34471e+14,0,profile_only
L2_final_branch_th4,ad6bb15,W2,4,549,1,0.906492,-5.5,6.67,2.69129,-5.5,6.67,2.69129,0,0,0,54621,6.65874e+08,1.30938e+14,0,profile_only
L2_final_branch_th4,ad6bb15,W2,4,550,1,0.872685,-5.6,6.82,2.64129,-5.6,6.82,2.64129,0,0,0,54621,6.42961e+08,1.28581e+14,0,profile_only
L2_final_branch_th4,ad6bb15,W2,4,551,1,0.919537,-5.7,6.87,2.54129,-5.7,6.87,2.54129,0,0,0,54621,4.63897e+08,1.237e+14,0,profile_only
L2_final_branch_th4,ad6bb15,W2,4,552,1,0.869921,-5.75,6.92,2.44129,-5.75,6.92,2.44129,0,0,0,54621,5.08273e+08,1.21039e+14,0,profile_only
L2_final_branch_th4,ad6bb15,W2,4,553,1,0.860271,-5.85,7.02,2.34129,-5.85,7.02,2.34129,0,0,0,54621,6.95361e+08,1.1881e+14,0,profile_only
L2_final_branch_th4,ad6bb15,W2,4,554,1,0.841371,-5.9,7.12,2.29129,-5.9,7.12,2.29129,0,0,0,54621,6.68641e+08,1.15994e+14,0,profile_only
L2_final_branch_th4,ad6bb15,W2,4,555,1,0.861483,-6,7.32,2.24129,-6,7.32,2.24129,0,0,0,54621,5.64e+08,1.12856e+14,0,profile_only
L2_final_branch_th4,ad6bb15,W2,4,556,1,0.890987,-6.05,7.37,2.14129,-6.05,7.37,2.14129,0,0,0,54621,5.22347e+08,1.08597e+14,0,profile_only
L2_final_branch_th4,ad6bb15,W2,4,557,1,0.866413,-6.1,7.52,2.14129,-6.1,7.52,2.14129,0,0,0,54621,5.60026e+08,1.08253e+14,0,profile_only
L2_final_branch_th4,ad6bb15,W2,4,558,1,0.86396,-6.2,7.67,2.14129,-6.2,7.67,2.14129,0,0,0,54621,5.42379e+08,1.05576e+14,0,profile_only
L2_final_branch_th4,ad6bb15,W2,4,559,1,0.883826,-6.25,7.72,2.09129,-6.25,7.72,2.09129,0,0,0,54621,4.99409e+08,1.02171e+14,0,profile_only
L2_final_branch_th4,ad6bb15,W2,4,560,1,0.897502,-6.25,7.77,2.09129,-6.25,7.77,2.09129,0,0,0,54621,5.5964e+08,1.01404e+14,0,profile_only
L2_final_branch_th4,ad6bb15,W2,4,561,1,0.888691,-6.35,7.92,2.09129,-6.35,7.92,2.09129,0,0,0,54621,5.5537e+08,1.00763e+14,0,profile_only
L2_final_branch_th4,ad6bb15,W2,4,562,1,0.849312,-6.4,7.97,2.09129,-6.4,7.97,2.09129,0,0,0,54621,5.71599e+08,9.77287e+13,0,profile_only
L2_final_branch_th4,ad6bb15,W2,4,563,1,0.948784,-6.45,8.07,2.14129,-6.45,8.07,2.14129,0,0,0,54621,5.9868e+08,9.65239e+13,0,profile_only
L2_final_branch_th4,ad6bb15,W2,4,564,1,0.868778,-6.55,8.17,2.19129,-6.55,8.17,2.19129,0,0,0,54621,6.02869e+08,9.43272e+13,0,profile_only
L2_final_branch_th4,ad6bb15,W2,4,565,1,0.891342,-6.55,8.22,2.19129,-6.55,8.22,2.19129,0,0,0,54621,5.78228e+08,9.17531e+13,0,profile_only
L2_final_branch_th4,ad6bb15,W2,4,566,1,0.951305,-6.65,8.32,2.24129,-6.65,8.32,2.24129,0,0,0,54621,7.57695e+08,9.1103e+13,0,profile_only
L2_final_branch_th4,ad6bb15,W2,4,567,1,0.938695,-6.75,8.42,2.29129,-6.75,8.42,2.29129,0,0,0,54621,6.81443e+08,8.85189e+13,0,profile_only
L2_final_branch_th4,ad6bb15,W2,4,568,1,0.913054,-6.8,8.47,2.34129,-6.8,8.47,2.34129,0,0,0,54621,6.64091e+08,8.5954e+13,0,profile_only
L2_final_branch_th4,ad6bb15,W2,4,569,1,0.893073,-6.9,8.52,2.39129,-6.9,8.52,2.39129,0,0,0,54621,6.87583e+08,8.48828e+13,0,profile_only
L2_final_branch_th4,ad6bb15,W2,4,570,1,0.925697,-7.05,8.62,2.54129,-7.05,8.62,2.54129,0,0,0,54621,7.86647e+08,8.34138e+13,0,profile_only
L2_final_branch_th4,ad6bb15,W2,4,571,1,0.888451,-7.15,8.67,2.59129,-7.15,8.67,2.59129,0,0,0,54621,5.59479e+08,8.16076e+13,0,profile_only
L2_final_branch_th4,ad6bb15,W2,4,572,1,0.847146,-7.3,8.72,2.69129,-7.3,8.72,2.69129,0,0,0,54621,5.84577e+08,8.00784e+13,0,profile_only
L2_final_branch_th4,ad6bb15,W2,4,573,1,0.888418,-7.35,8.72,2.74129,-7.35,8.72,2.74129,0,0,0,54621,5.52414e+08,7.83832e+13,0,profile_only
L2_final_branch_th4,ad6bb15,W2,4,574,1,0.78172,-7.5,8.77,2.84129,-7.5,8.77,2.84129,0,0,0,54621,5.33174e+08,7.755e+13,0,profile_only
L2_final_branch_th4,ad6bb15,W2,4,575,1,0.814554,-7.6,8.77,2.89129,-7.6,8.77,2.89129,0,0,0,54621,5.45271e+08,7.60113e+13,0,profile_only
L2_final_branch_th4,ad6bb15,W2,4,576,1,0.891085,-7.75,8.77,2.99129,-7.75,8.77,2.99129,0,0,0,54621,4.92291e+08,7.51217e+13,0,profile_only
L2_final_branch_th4,ad6bb15,W2,4,577,1,0.89267,-7.85,8.77,3.04129,-7.85,8.77,3.04129,0,0,0,54621,5.31151e+08,7.46583e+13,0,profile_only
L2_final_branch_th4,ad6bb15,W2,4,578,1,0.79404,-8,8.77,3.09129,-8,8.77,3.09129,0,0,0,54621,6.32161e+08,7.42153e+13,0,profile_only
L2_final_branch_th4,ad6bb15,W2,4,579,1,0.8718,-8.1,8.77,3.14129,-8.1,8.77,3.14129,0,0,0,54621,5.9162e+08,7.3504e+13,0,profile_only
L2_final_branch_th4,ad6bb15,W2,4,580,1,0.846355,-8.25,8.77,-3.0919,-8.25,8.77,-3.0919,0,0,0,54621,5.59725e+08,7.33072e+13,0,profile_only
L2_final_branch_th4,ad6bb15,W2,4,581,1,0.752125,-8.3,8.72,-3.0919,-8.3,8.72,-3.0919,0,0,0,54621,5.22337e+08,7.27001e+13,0,profile_only
L2_final_branch_th4,ad6bb15,W2,4,582,1,0.801509,-8.45,8.72,-3.0419,-8.45,8.72,-3.0419,0,0,0,54621,5.87168e+08,7.28674e+13,0,profile_only
L2_final_branch_th4,ad6bb15,W2,4,583,1,0.823965,-8.55,8.72,-3.0419,-8.55,8.72,-3.0419,0,0,0,54621,5.53022e+08,7.2423e+13,0,profile_only
L2_final_branch_th4,ad6bb15,W2,4,584,1,0.814605,-8.7,8.67,-2.9919,-8.7,8.67,-2.9919,0,0,0,54621,5.7541e+08,7.17629e+13,0,profile_only
L2_final_branch_th4,ad6bb15,W2,4,585,1,0.872141,-8.75,8.67,-2.9919,-8.75,8.67,-2.9919,0,0,0,54621,6.18287e+08,7.1735e+13,0,profile_only
L2_final_branch_th4,ad6bb15,W2,4,586,1,0.761339,-8.9,8.67,-2.9419,-8.9,8.67,-2.9419,0,0,0,54621,5.16092e+08,7.17111e+13,0,profile_only
L2_final_branch_th4,ad6bb15,W2,4,587,1,0.877829,-8.95,8.62,-2.9419,-8.95,8.62,-2.9419,0,0,0,54621,5.24111e+08,7.14347e+13,0,profile_only
L2_final_branch_th4,ad6bb15,W2,4,588,1,0.837347,-9.1,8.57,-2.8919,-9.1,8.57,-2.8919,0,0,0,54621,5.25598e+08,7.22798e+13,0,profile_only
L2_final_branch_th4,ad6bb15,W2,4,589,1,0.856524,-9.15,8.57,-2.8919,-9.15,8.57,-2.8919,0,0,0,54621,5.18962e+08,7.25766e+13,0,profile_only
L2_final_branch_th4,ad6bb15,W2,4,590,1,0.831721,-9.25,8.52,-2.8419,-9.25,8.52,-2.8419,0,0,0,54621,5.50333e+08,7.26516e+13,0,profile_only
L2_final_branch_th4,ad6bb15,W2,4,591,1,0.801059,-9.35,8.52,-2.8419,-9.35,8.52,-2.8419,0,0,0,54621,5.36358e+08,7.35455e+13,0,profile_only
L2_final_branch_th4,ad6bb15,W2,4,592,1,0.856183,-9.45,8.47,-2.7919,-9.45,8.47,-2.7919,0,0,0,54621,6.02065e+08,7.34111e+13,0,profile_only
L2_final_branch_th4,ad6bb15,W2,4,593,1,0.796626,-9.55,8.42,-2.7419,-9.55,8.42,-2.7419,0,0,0,54621,6.07384e+08,7.54045e+13,0,profile_only
L2_final_branch_th4,ad6bb15,W2,4,594,1,0.801509,-9.7,8.32,-2.6919,-9.7,8.32,-2.6919,0,0,0,54621,5.76712e+08,7.7843e+13,0,profile_only
L2_final_branch_th4,ad6bb15,W2,4,595,1,0.782271,-9.8,8.27,-2.6919,-9.8,8.27,-2.6919,0,0,0,54621,5.5639e+08,7.96671e+13,0,profile_only
L2_final_branch_th4,ad6bb15,W2,4,596,1,0.810697,-10,8.17,-2.5919,-10,8.17,-2.5919,0,0,0,54621,7.41571e+08,8.21166e+13,0,profile_only
L2_final_branch_th4,ad6bb15,W2,4,597,1,0.787182,-10.15,8.02,-2.5419,-10.15,8.02,-2.5419,0,0,0,54621,6.5078e+08,8.31893e+13,0,profile_only
L2_final_branch_th4,ad6bb15,W2,4,598,1,0.847959,-10.25,7.92,-2.4919,-10.25,7.92,-2.4919,0,0,0,54621,6.39179e+08,8.39896e+13,0,profile_only
L2_final_branch_th4,ad6bb15,W2,4,599,1,0.858632,-10.35,7.87,-2.4419,-10.35,7.87,-2.4419,0,0,0,54621,6.35742e+08,8.44472e+13,0,profile_only
L2_final_branch_th4,ad6bb15,W2,4,600,1,0.861412,-10.5,7.72,-2.3919,-10.5,7.72,-2.3919,0,0,0,54621,6.20283e+08,8.40983e+13,0,profile_only
L2_final_branch_th4,ad6bb15,W2,4,601,1,0.881383,-10.6,7.62,-2.3419,-10.6,7.62,-2.3419,0,0,0,54621,7.04313e+08,8.37194e+13,0,profile_only
L2_final_branch_th4,ad6bb15,W2,4,602,1,0.912338,-10.65,7.52,-2.2919,-10.65,7.52,-2.2919,0,0,0,54621,6.72535e+08,8.33853e+13,0,profile_only
L2_final_branch_th4,ad6bb15,W2,4,603,1,0.921647,-10.75,7.37,-2.2419,-10.75,7.37,-2.2419,0,0,0,54621,6.69353e+08,8.33255e+13,0,profile_only
L2_final_branch_th4,ad6bb15,W2,4,604,1,0.85533,-10.85,7.22,-2.1919,-10.85,7.22,-2.1919,0,0,0,54621,7.88754e+08,8.25054e+13,0,profile_only
L2_final_branch_th4,ad6bb15,W2,4,605,1,0.878148,-10.9,7.12,-2.1419,-10.9,7.12,-2.1419,0,0,0,54621,7.15917e+08,8.20586e+13,0,profile_only
L2_final_branch_th4,ad6bb15,W2,4,606,1,0.861939,-11,6.97,-2.0919,-11,6.97,-2.0919,0,0,0,54621,7.21248e+08,8.04154e+13,0,profile_only
L2_final_branch_th4,ad6bb15,W2,4,607,1,0.872946,-11.05,6.82,-2.0419,-11.05,6.82,-2.0419,0,0,0,54621,6.8874e+08,7.75457e+13,0,profile_only
L2_final_branch_th4,ad6bb15,W2,4,608,1,0.858914,-11.1,6.72,-1.9919,-11.1,6.72,-1.9919,0,0,0,54621,6.08346e+08,7.58164e+13,0,profile_only
L2_final_branch_th4,ad6bb15,W2,4,609,1,0.837268,-11.15,6.52,-1.9419,-11.15,6.52,-1.9419,0,0,0,54621,6.74935e+08,7.31349e+13,0,profile_only
L2_final_branch_th4,ad6bb15,W2,4,610,1,0.799133,-11.2,6.42,-1.8919,-11.2,6.42,-1.8919,0,0,0,54621,6.06556e+08,7.32555e+13,0,profile_only
L2_final_branch_th4,ad6bb15,W2,4,611,1,0.838011,-11.2,6.27,-1.8419,-11.2,6.27,-1.8419,0,0,0,54621,5.47635e+08,7.29258e+13,0,profile_only
L2_final_branch_th4,ad6bb15,W2,4,612,1,0.839194,-11.25,6.07,-1.7919,-11.25,6.07,-1.7919,0,0,0,54621,6.12875e+08,7.50805e+13,0,profile_only
L2_final_branch_th4,ad6bb15,W2,4,613,1,0.839546,-11.25,5.97,-1.7419,-11.25,5.97,-1.7419,0,0,0,54621,5.33272e+08,7.60093e+13,0,profile_only
L2_final_branch_th4,ad6bb15,W2,4,614,1,0.764958,-11.25,5.77,-1.6919,-11.25,5.77,-1.6919,0,0,0,54621,6.20442e+08,7.81395e+13,0,profile_only
L2_final_branch_th4,ad6bb15,W2,4,615,1,0.752926,-11.3,5.67,-1.6419,-11.3,5.67,-1.6419,0,0,0,54621,6.10991e+08,7.9977e+13,0,profile_only
L2_final_branch_th4,ad6bb15,W2,4,616,1,0.766541,-11.3,5.52,-1.5919,-11.3,5.52,-1.5919,0,0,0,54621,6.35069e+08,7.95633e+13,0,profile_only
L2_final_branch_th4,ad6bb15,W2,4,617,1,0.761901,-11.25,5.32,-1.5419,-11.25,5.32,-1.5419,0,0,0,54621,6.58556e+08,8.30171e+13,0,profile_only
L2_final_branch_th4,ad6bb15,W2,4,618,1,0.745957,-11.25,5.22,-1.4919,-11.25,5.22,-1.4919,0,0,0,54621,6.69832e+08,8.50116e+13,0,profile_only
L2_final_branch_th4,ad6bb15,W2,4,619,1,0.830718,-11.2,5.02,-1.3919,-11.2,5.02,-1.3919,0,0,0,54621,6.97686e+08,8.6796e+13,0,profile_only
L2_final_branch_th4,ad6bb15,W2,4,620,1,0.741704,-11.2,4.82,-1.2919,-11.2,4.82,-1.2919,0,0,0,54621,6.14775e+08,8.93425e+13,0,profile_only
L2_final_branch_th4,ad6bb15,W2,4,621,1,0.796131,-11.1,4.77,-1.2419,-11.1,4.77,-1.2419,0,0,0,54621,6.74564e+08,9.002e+13,0,profile_only
L2_final_branch_th4,ad6bb15,W2,4,622,1,0.779307,-11.05,4.67,-1.1419,-11.05,4.67,-1.1419,0,0,0,54621,6.12628e+08,9.26215e+13,0,profile_only
L2_final_branch_th4,ad6bb15,W2,4,623,1,0.763438,-10.95,4.52,-1.0419,-10.95,4.52,-1.0419,0,0,0,54621,6.97166e+08,9.33001e+13,0,profile_only
L2_final_branch_th4,ad6bb15,W2,4,624,1,0.739259,-10.9,4.47,-0.991899,-10.9,4.47,-0.991899,0,0,0,54621,7.33892e+08,9.46138e+13,0,profile_only
L2_final_branch_th4,ad6bb15,W2,4,625,1,0.749788,-10.8,4.37,-0.841899,-10.8,4.37,-0.841899,0,0,0,54621,7.37075e+08,9.44023e+13,0,profile_only
L2_final_branch_th4,ad6bb15,W2,4,626,1,0.775595,-10.7,4.32,-0.741899,-10.7,4.32,-0.741899,0,0,0,54621,5.70831e+08,9.67819e+13,0,profile_only
L2_final_branch_th4,ad6bb15,W2,4,627,1,0.762899,-10.55,4.22,-0.641899,-10.55,4.22,-0.641899,0,0,0,54621,6.26841e+08,9.81017e+13,0,profile_only
L2_final_branch_th4,ad6bb15,W2,4,628,1,0.750497,-10.45,4.22,-0.541899,-10.45,4.22,-0.541899,0,0,0,54621,6.15103e+08,1.0157e+14,0,profile_only
L2_final_branch_th4,ad6bb15,W2,4,629,1,0.770523,-10.25,4.12,-0.391899,-10.25,4.12,-0.391899,0,0,0,54621,7.24053e+08,1.03778e+14,0,profile_only
L2_final_branch_th4,ad6bb15,W2,4,630,1,0.798752,-10.15,4.12,-0.341899,-10.15,4.12,-0.341899,0,0,0,54621,4.42632e+08,1.06563e+14,0,profile_only
L2_final_branch_th4,ad6bb15,W2,4,631,1,0.764965,-10.05,4.12,-0.241899,-10.05,4.12,-0.241899,0,0,0,54621,8.77883e+08,1.09021e+14,0,profile_only
L2_final_branch_th4,ad6bb15,W2,4,632,1,0.759117,-9.9,4.07,-0.141899,-9.9,4.07,-0.141899,0,0,0,54621,9.03038e+08,1.1069e+14,0,profile_only
L2_final_branch_th4,ad6bb15,W2,4,633,1,0.741117,-9.75,4.07,-0.0918989,-9.75,4.07,-0.0918989,0,0,0,54621,8.98904e+08,1.14113e+14,0,profile_only
L2_final_branch_th4,ad6bb15,W2,4,634,1,0.74779,-9.55,4.07,-0.0918989,-9.55,4.07,-0.0918989,0,0,0,54621,9.32649e+08,1.16697e+14,0,profile_only
L2_final_branch_th4,ad6bb15,W2,4,635,1,0.690166,-9.35,4.07,-0.0918989,-9.35,4.07,-0.0918989,0,0,0,54621,8.75448e+08,1.19457e+14,0,profile_only
L2_final_branch_th4,ad6bb15,W2,4,636,1,0.741412,-9.2,4.02,-0.0418989,-9.2,4.02,-0.0418989,0,0,0,54621,6.28171e+08,1.21925e+14,0,profile_only
L2_final_branch_th4,ad6bb15,W2,4,637,1,0.726818,-9.1,4.02,-0.0418989,-9.1,4.02,-0.0418989,0,0,0,54621,8.73967e+08,1.25353e+14,0,profile_only
L2_final_branch_th4,ad6bb15,W2,4,638,1,0.748449,-8.8,4.02,-0.0918989,-8.8,4.02,-0.0918989,0,0,0,54621,6.05899e+08,1.26961e+14,0,profile_only
L2_final_branch_th4,ad6bb15,W2,4,639,1,0.680012,-8.6,3.97,-0.141899,-8.6,3.97,-0.141899,0,0,0,54621,4.26793e+08,1.31146e+14,0,profile_only
L2_final_branch_th4,ad6bb15,W2,4,640,1,0.721081,-8.5,3.97,-0.141899,-8.5,3.97,-0.141899,0,0,0,54621,3.76389e+08,1.34152e+14,0,profile_only
L2_final_branch_th4,ad6bb15,W2,4,641,1,0.743135,-8.25,3.92,-0.191899,-8.25,3.92,-0.191899,0,0,0,54621,3.90863e+08,1.35503e+14,0,profile_only
L2_final_branch_th4,ad6bb15,W2,4,642,1,0.75352,-8.15,3.92,-0.241899,-8.15,3.92,-0.241899,0,0,0,54621,4.8672e+08,1.38393e+14,0,profile_only
L2_final_branch_th4,ad6bb15,W2,4,643,1,0.787644,-8,3.87,-0.291899,-8,3.87,-0.291899,0,0,0,54621,4.89349e+08,1.39169e+14,0,profile_only
L2_final_branch_th4,ad6bb15,W2,4,644,1,0.79358,-7.7,3.67,-0.291899,-7.7,3.67,-0.291899,0,0,0,54621,6.04658e+08,1.40702e+14,0,profile_only
L2_final_branch_th4,ad6bb15,W2,4,645,1,0.801324,-7.55,3.67,-0.341899,-7.55,3.67,-0.341899,0,0,0,54621,5.48514e+08,1.45505e+14,0,profile_only
L2_final_branch_th4,ad6bb15,W2,4,646,1,0.86707,-7.4,3.57,-0.341899,-7.4,3.57,-0.341899,0,0,0,54621,5.52802e+08,1.47115e+14,0,profile_only
L2_final_branch_th4,ad6bb15,W2,4,647,1,0.900337,-7.25,3.52,-0.391899,-7.25,3.52,-0.391899,0,0,0,54621,5.65397e+08,1.4849e+14,0,profile_only
L2_final_branch_th4,ad6bb15,W2,4,648,1,0.818407,-7.1,3.42,-0.391899,-7.1,3.42,-0.391899,0,0,0,54621,5.72521e+08,1.50263e+14,0,profile_only
L2_final_branch_th4,ad6bb15,W2,4,649,1,0.839124,-6.9,3.32,-0.441899,-6.9,3.32,-0.441899,0,0,0,54621,5.17632e+08,1.53065e+14,0,profile_only
L2_final_branch_th4,ad6bb15,W2,4,650,1,0.847865,-6.8,3.27,-0.441899,-6.8,3.27,-0.441899,0,0,0,54621,5.56126e+08,1.56218e+14,0,profile_only
L2_final_branch_th4,ad6bb15,W2,4,651,1,0.80246,-6.6,3.17,-0.441899,-6.6,3.17,-0.441899,0,0,0,54621,5.40273e+08,1.58273e+14,0,profile_only
L2_final_branch_th4,ad6bb15,W2,4,652,1,0.806323,-6.5,3.12,-0.441899,-6.5,3.12,-0.441899,0,0,0,54621,5.98887e+08,1.61898e+14,0,profile_only
L2_final_branch_th4,ad6bb15,W2,4,653,1,0.820068,-6.3,3.02,-0.441899,-6.3,3.02,-0.441899,0,0,0,54621,4.98978e+08,1.63622e+14,0,profile_only
L2_final_branch_th4,ad6bb15,W2,4,654,1,0.802979,-6.05,2.92,-0.441899,-6.05,2.92,-0.441899,0,0,0,54621,5.95994e+08,1.66725e+14,0,profile_only
L2_final_branch_th4,ad6bb15,W2,4,655,1,0.798659,-5.95,2.87,-0.441899,-5.95,2.87,-0.441899,0,0,0,54621,5.84255e+08,1.6986e+14,0,profile_only
L2_final_branch_th4,ad6bb15,W2,4,656,1,0.801147,-5.65,2.72,-0.441899,-5.65,2.72,-0.441899,0,0,0,54621,6.19412e+08,1.70861e+14,0,profile_only
L2_final_branch_th4,ad6bb15,W2,4,657,1,0.797566,-5.45,2.62,-0.441899,-5.45,2.62,-0.441899,0,0,0,54621,5.94918e+08,1.74427e+14,0,profile_only
L2_final_branch_th4,ad6bb15,W2,4,658,1,0.848633,-5.2,2.52,-0.441899,-5.2,2.52,-0.441899,0,0,0,54621,5.13094e+08,1.76879e+14,0,profile_only
L2_final_branch_th4,ad6bb15,W2,4,659,1,0.853727,-5,2.42,-0.441899,-5,2.42,-0.441899,0,0,0,54621,5.88639e+08,1.79548e+14,0,profile_only
L2_final_branch_th4,ad6bb15,W2,4,660,1,0.780479,-4.8,2.32,-0.441899,-4.8,2.32,-0.441899,0,0,0,54621,5.69754e+08,1.81224e+14,0,profile_only
L2_final_branch_th4,ad6bb15,W2,4,661,1,0.738028,-4.6,2.22,-0.491899,-4.6,2.22,-0.491899,0,0,0,54621,5.42731e+08,1.83713e+14,0,profile_only
L2_final_branch_th4,ad6bb15,W2,4,662,1,0.830756,-4.5,2.17,-0.491899,-4.5,2.17,-0.491899,0,0,0,54621,5.85833e+08,1.85503e+14,0,profile_only
L2_final_branch_th4,ad6bb15,W2,4,663,1,0.809338,-4.1,1.92,-0.491899,-4.1,1.92,-0.491899,0,0,0,54621,5.84022e+08,1.8666e+14,0,profile_only
L2_final_branch_th4,ad6bb15,W2,4,664,1,0.797943,-3.9,1.82,-0.491899,-3.9,1.82,-0.491899,0,0,0,54621,5.35293e+08,1.8899e+14,0,profile_only
L2_final_branch_th4,ad6bb15,W2,4,665,1,0.836317,-4,1.87,-0.541899,-4,1.87,-0.541899,0,0,0,54621,5.33144e+08,1.90446e+14,0,profile_only
L2_final_branch_th4,ad6bb15,W2,4,666,1,0.856005,-3.85,1.77,-0.541899,-3.85,1.77,-0.541899,0,0,0,54621,6.13183e+08,1.902e+14,0,profile_only
L2_final_branch_th4,ad6bb15,W2,4,667,1,0.790876,-3.45,1.52,-0.541899,-3.45,1.52,-0.541899,0,0,0,54621,5.83542e+08,1.91149e+14,0,profile_only
L2_final_branch_th4,ad6bb15,W2,4,668,1,0.829863,-3.5,1.52,-0.591899,-3.5,1.52,-0.591899,0,0,0,54621,5.44456e+08,1.90116e+14,0,profile_only
L2_final_branch_th4,ad6bb15,W2,4,669,1,0.780138,-3.35,1.42,-0.641899,-3.35,1.42,-0.641899,0,0,0,54621,5.48049e+08,1.89939e+14,0,profile_only
L2_final_branch_th4,ad6bb15,W2,4,670,1,0.782028,-3.2,1.27,-0.641899,-3.2,1.27,-0.641899,0,0,0,54621,5.76976e+08,1.89417e+14,0,profile_only
L2_final_branch_th4,ad6bb15,W2,4,671,1,0.88006,-3.05,1.17,-0.691899,-3.05,1.17,-0.691899,0,0,0,54621,5.25702e+08,1.88626e+14,0,profile_only
L2_final_branch_th4,ad6bb15,W2,4,672,1,0.759819,-2.9,1.02,-0.691899,-2.9,1.02,-0.691899,0,0,0,54621,6.21577e+08,1.87095e+14,0,profile_only
L2_final_branch_th4,ad6bb15,W2,4,673,1,0.84375,-2.8,0.92,-0.741899,-2.8,0.92,-0.741899,0,0,0,54621,5.58639e+08,1.84676e+14,0,profile_only
L2_final_branch_th4,ad6bb15,W2,4,674,1,0.804582,-2.65,0.77,-0.741899,-2.65,0.77,-0.741899,0,0,0,54621,5.37964e+08,1.8245e+14,0,profile_only
L2_final_branch_th4,ad6bb15,W2,4,675,1,0.836992,-2.55,0.67,-0.791899,-2.55,0.67,-0.791899,0,0,0,54621,5.26602e+08,1.81094e+14,0,profile_only
L2_final_branch_th4,ad6bb15,W2,4,676,1,0.792131,-2.4,0.52,-0.791899,-2.4,0.52,-0.791899,0,0,0,54621,5.64033e+08,1.79464e+14,0,profile_only
L2_final_branch_th4,ad6bb15,W2,4,677,1,0.877165,-2.3,0.42,-0.791899,-2.3,0.42,-0.791899,0,0,0,54621,5.87503e+08,1.7708e+14,0,profile_only
L2_final_branch_th4,ad6bb15,W2,4,678,1,0.828507,-2.15,0.27,-0.741899,-2.15,0.27,-0.741899,0,0,0,54621,5.56508e+08,1.73953e+14,0,profile_only
L2_final_branch_th4,ad6bb15,W2,4,679,1,0.873012,-2,0.12,-0.691899,-2,0.12,-0.691899,0,0,0,54621,6.40504e+08,1.70637e+14,0,profile_only
L2_final_branch_th4,ad6bb15,W2,4,680,1,0.748697,-1.9,0.07,-0.641899,-1.9,0.07,-0.641899,0,0,0,54621,7.04996e+08,1.67524e+14,0,profile_only
L2_final_branch_th4,ad6bb15,W2,4,681,1,0.846141,-1.65,-0.08,-0.541899,-1.65,-0.08,-0.541899,0,0,0,54621,6.07551e+08,1.66337e+14,0,profile_only
L2_final_branch_th4,ad6bb15,W2,4,682,1,0.872881,-1.5,-0.13,-0.491899,-1.5,-0.13,-0.491899,0,0,0,54621,6.14063e+08,1.6383e+14,0,profile_only
L2_final_branch_th4,ad6bb15,W2,4,683,1,0.808913,-1.4,-0.18,-0.441899,-1.4,-0.18,-0.441899,0,0,0,54621,6.99519e+08,1.62999e+14,0,profile_only
L2_final_branch_th4,ad6bb15,W2,4,684,1,0.830495,-1.15,-0.28,-0.391899,-1.15,-0.28,-0.391899,0,0,0,54621,7.20362e+08,1.63197e+14,0,profile_only
L2_final_branch_th4,ad6bb15,W2,4,685,1,0.749763,-0.9,-0.38,-0.341899,-0.9,-0.38,-0.341899,0,0,0,54621,6.97492e+08,1.62004e+14,0,profile_only
L2_final_branch_th4,ad6bb15,W2,4,686,1,0.795817,-0.7,-0.43,-0.341899,-0.7,-0.43,-0.341899,0,0,0,54621,5.04902e+08,1.60367e+14,0,profile_only
L2_final_branch_th4,ad6bb15,W2,4,687,1,0.821052,-0.55,-0.48,-0.341899,-0.55,-0.48,-0.341899,0,0,0,54621,6.07693e+08,1.58475e+14,0,profile_only
L2_final_branch_th4,ad6bb15,W2,4,688,1,0.760153,-0.3,-0.58,-0.291899,-0.3,-0.58,-0.291899,0,0,0,54621,6.76609e+08,1.57242e+14,0,profile_only
L2_final_branch_th4,ad6bb15,W2,4,689,1,0.783998,-0.05,-0.63,-0.241899,-0.05,-0.63,-0.241899,0,0,0,54621,5.62569e+08,1.55502e+14,0,profile_only
L2_final_branch_th4,ad6bb15,W2,4,690,1,0.786342,0.15,-0.68,-0.191899,0.15,-0.68,-0.191899,0,0,0,54621,4.77582e+08,1.53461e+14,0,profile_only
L2_final_branch_th4,ad6bb15,W2,4,691,1,0.752364,0.25,-0.68,-0.141899,0.25,-0.68,-0.141899,0,0,0,54621,3.93732e+08,1.51619e+14,0,profile_only
L2_final_branch_th4,ad6bb15,W2,4,692,1,0.796818,0.45,-0.68,-0.0918989,0.45,-0.68,-0.0918989,0,0,0,54621,5.79295e+08,1.5138e+14,0,profile_only
L2_final_branch_th4,ad6bb15,W2,4,693,1,0.820809,0.7,-0.68,0.00810113,0.7,-0.68,0.00810113,0,0,0,54621,5.67879e+08,1.50312e+14,0,profile_only
L2_final_branch_th4,ad6bb15,W2,4,694,1,0.850142,0.85,-0.68,0.0581011,0.85,-0.68,0.0581011,0,0,0,54621,6.36675e+08,1.50012e+14,0,profile_only
L2_final_branch_th4,ad6bb15,W2,4,695,1,0.78571,1.05,-0.63,0.108101,1.05,-0.63,0.108101,0,0,0,54621,6.35986e+08,1.49993e+14,0,profile_only
L2_final_branch_th4,ad6bb15,W2,4,696,1,0.697549,1.3,-0.53,0.208101,1.3,-0.53,0.208101,0,0,0,54621,6.79e+08,1.49825e+14,0,profile_only
L2_final_branch_th4,ad6bb15,W2,4,697,1,0.856473,1.45,-0.53,0.258101,1.45,-0.53,0.258101,0,0,0,54621,6.03906e+08,1.50649e+14,0,profile_only
L2_final_branch_th4,ad6bb15,W2,4,698,1,0.836749,1.65,-0.43,0.308101,1.65,-0.43,0.308101,0,0,0,54621,6.34811e+08,1.50464e+14,0,profile_only
L2_final_branch_th4,ad6bb15,W2,4,699,1,0.848339,1.8,-0.38,0.358101,1.8,-0.38,0.358101,0,0,0,54621,6.43125e+08,1.50105e+14,0,profile_only
L2_final_branch_th4,ad6bb15,W2,4,700,1,0.867142,2,-0.28,0.458101,2,-0.28,0.458101,0,0,0,54621,6.54035e+08,1.5001e+14,0,profile_only
L2_final_branch_th4,ad6bb15,W2,4,701,1,0.91616,2.15,-0.18,0.508101,2.15,-0.18,0.508101,0,0,0,54621,6.13399e+08,1.50149e+14,0,profile_only
L2_final_branch_th4,ad6bb15,W2,4,702,1,0.89123,2.3,-0.08,0.558101,2.3,-0.08,0.558101,0,0,0,54621,6.07267e+08,1.49965e+14,0,profile_only
L2_final_branch_th4,ad6bb15,W2,4,703,1,0.810397,2.5,0.12,0.658101,2.5,0.12,0.658101,0,0,0,54621,7.2142e+08,1.49523e+14,0,profile_only
L2_final_branch_th4,ad6bb15,W2,4,704,1,0.86593,2.6,0.17,0.708101,2.6,0.17,0.708101,0,0,0,54621,6.45104e+08,1.49813e+14,0,profile_only
L2_final_branch_th4,ad6bb15,W2,4,705,1,0.908901,2.75,0.32,0.758101,2.75,0.32,0.758101,0,0,0,54621,6.19742e+08,1.48627e+14,0,profile_only
L2_final_branch_th4,ad6bb15,W2,4,706,1,0.866318,2.85,0.42,0.808101,2.85,0.42,0.808101,0,0,0,54621,6.70778e+08,1.46954e+14,0,profile_only
L2_final_branch_th4,ad6bb15,W2,4,707,1,0.828572,3,0.62,0.908101,3,0.62,0.908101,0,0,0,54621,6.93843e+08,1.45661e+14,0,profile_only
L2_final_branch_th4,ad6bb15,W2,4,708,1,0.883245,3.1,0.77,0.958101,3.1,0.77,0.958101,0,0,0,54621,6.49866e+08,1.45134e+14,0,profile_only
L2_final_branch_th4,ad6bb15,W2,4,709,1,0.856651,3.15,0.92,1.0081,3.15,0.92,1.0081,0,0,0,54621,6.4311e+08,1.44238e+14,0,profile_only
L2_final_branch_th4,ad6bb15,W2,4,710,1,0.873353,3.25,1.07,1.0581,3.25,1.07,1.0581,0,0,0,54621,6.22436e+08,1.44368e+14,0,profile_only
L2_final_branch_th4,ad6bb15,W2,4,711,1,0.837416,3.35,1.27,1.1581,3.35,1.27,1.1581,0,0,0,54621,7.07116e+08,1.4355e+14,0,profile_only
L2_final_branch_th4,ad6bb15,W2,4,712,1,0.803548,3.4,1.42,1.2081,3.4,1.42,1.2081,0,0,0,54621,6.26962e+08,1.42906e+14,0,profile_only
L2_final_branch_th4,ad6bb15,W2,4,713,1,0.901108,3.45,1.62,1.2581,3.45,1.62,1.2581,0,0,0,54621,6.6397e+08,1.42757e+14,0,profile_only
L2_final_branch_th4,ad6bb15,W2,4,714,1,0.770877,3.45,1.77,1.3081,3.45,1.77,1.3081,0,0,0,54621,6.29665e+08,1.42425e+14,0,profile_only
L2_final_branch_th4,ad6bb15,W2,4,715,1,0.779797,3.5,1.97,1.3581,3.5,1.97,1.3581,0,0,0,54621,6.32758e+08,1.42984e+14,0,profile_only
L2_final_branch_th4,ad6bb15,W2,4,716,1,0.870313,3.55,2.22,1.4581,3.55,2.22,1.4581,0,0,0,54621,7.23731e+08,1.42316e+14,0,profile_only
L2_final_branch_th4,ad6bb15,W2,4,717,1,0.847726,3.55,2.37,1.5081,3.55,2.37,1.5081,0,0,0,54621,5.60696e+08,1.4232e+14,0,profile_only
L2_final_branch_th4,ad6bb15,W2,4,718,1,0.822702,3.55,2.57,1.5581,3.55,2.57,1.5581,0,0,0,54621,5.93636e+08,1.42047e+14,0,profile_only
L2_final_branch_th4,ad6bb15,W2,4,719,1,0.760828,3.5,2.87,1.6581,3.5,2.87,1.6581,0,0,0,54621,6.64176e+08,1.41807e+14,0,profile_only
L2_final_branch_th4,ad6bb15,W2,4,720,1,0.718469,3.5,3.02,1.7081,3.5,3.02,1.7081,0,0,0,54621,6.62134e+08,1.42706e+14,0,profile_only
L2_final_branch_th4,ad6bb15,W2,4,721,1,0.761904,3.45,3.22,1.7581,3.45,3.22,1.7581,0,0,0,54621,6.03057e+08,1.42444e+14,0,profile_only
L2_final_branch_th4,ad6bb15,W2,4,722,1,0.815944,3.4,3.32,1.8081,3.4,3.32,1.8081,0,0,0,54621,6.58678e+08,1.43217e+14,0,profile_only
L2_final_branch_th4,ad6bb15,W2,4,723,1,0.785105,3.25,3.67,1.9081,3.25,3.67,1.9081,0,0,0,54621,7.26849e+08,1.43663e+14,0,profile_only
L2_final_branch_th4,ad6bb15,W2,4,724,1,0.853988,3.15,3.82,1.9581,3.15,3.82,1.9581,0,0,0,54621,6.73549e+08,1.45495e+14,0,profile_only
L2_final_branch_th4,ad6bb15,W2,4,725,1,0.850237,3.05,3.97,2.0081,3.05,3.97,2.0081,0,0,0,54621,6.24951e+08,1.46848e+14,0,profile_only
L2_final_branch_th4,ad6bb15,W2,4,726,1,0.93058,3.05,4.07,2.0581,3.05,4.07,2.0581,0,0,0,54621,6.63224e+08,1.4788e+14,0,profile_only
L2_final_branch_th4,ad6bb15,W2,4,727,1,0.931859,3,4.17,2.1081,3,4.17,2.1081,0,0,0,54621,6.75594e+08,1.476e+14,0,profile_only
L2_final_branch_th4,ad6bb15,W2,4,728,1,0.848634,2.85,4.32,2.1581,2.85,4.32,2.1581,0,0,0,54621,6.9863e+08,1.47601e+14,0,profile_only
L2_final_branch_th4,ad6bb15,W2,4,729,1,0.832897,2.7,4.52,2.2581,2.7,4.52,2.2581,0,0,0,54621,6.9726e+08,1.49063e+14,0,profile_only
L2_final_branch_th4,ad6bb15,W2,4,730,1,0.938094,2.7,4.52,2.2581,2.7,4.52,2.2581,0,0,0,54621,6.29534e+08,1.50288e+14,0,profile_only
L2_final_branch_th4,ad6bb15,W2,4,731,1,0.907233,2.45,4.77,2.3581,2.45,4.77,2.3581,0,0,0,54621,7.03686e+08,1.49699e+14,0,profile_only
L2_final_branch_th4,ad6bb15,W2,4,732,1,0.955436,2.4,4.82,2.4081,2.4,4.82,2.4081,0,0,0,54621,6.55817e+08,1.51704e+14,0,profile_only
L2_final_branch_th4,ad6bb15,W2,4,733,1,0.907556,2.25,4.92,2.4581,2.25,4.92,2.4581,0,0,0,54621,6.32229e+08,1.52187e+14,0,profile_only
L2_final_branch_th4,ad6bb15,W2,4,734,1,0.936308,2.1,5.02,2.5081,2.1,5.02,2.5081,0,0,0,54621,6.71181e+08,1.52171e+14,0,profile_only
L2_final_branch_th4,ad6bb15,W2,4,735,1,0.890342,2,5.07,2.5581,2,5.07,2.5581,0,0,0,54621,6.77215e+08,1.52908e+14,0,profile_only
L2_final_branch_th4,ad6bb15,W2,4,736,1,0.880401,1.85,5.17,2.6081,1.85,5.17,2.6081,0,0,0,54621,6.61631e+08,1.53394e+14,0,profile_only
L2_final_branch_th4,ad6bb15,W2,4,737,1,0.853295,1.8,5.17,2.6581,1.8,5.17,2.6581,0,0,0,54621,6.72724e+08,1.54048e+14,0,profile_only
L2_final_branch_th4,ad6bb15,W2,4,738,1,0.814431,1.65,5.22,2.7081,1.65,5.22,2.7081,0,0,0,54621,6.95914e+08,1.54376e+14,0,profile_only
L2_final_branch_th4,ad6bb15,W2,4,739,1,0.834296,1.45,5.32,2.7581,1.45,5.32,2.7581,0,0,0,54621,6.49887e+08,1.55797e+14,0,profile_only
L2_final_branch_th4,ad6bb15,W2,4,740,1,0.849943,1.3,5.37,2.8081,1.3,5.37,2.8081,0,0,0,54621,6.4537e+08,1.57086e+14,0,profile_only
L2_final_branch_th4,ad6bb15,W2,4,741,1,0.81816,1.05,5.47,2.8081,1.05,5.47,2.8081,0,0,0,54621,5.91602e+08,1.58215e+14,0,profile_only
L2_final_branch_th4,ad6bb15,W2,4,742,1,0.788642,0.8,5.57,2.8581,0.8,5.57,2.8581,0,0,0,54621,6.2249e+08,1.59329e+14,0,profile_only
L2_final_branch_th4,ad6bb15,W2,4,743,1,0.825648,0.7,5.62,2.8581,0.7,5.62,2.8581,0,0,0,54621,5.91428e+08,1.61547e+14,0,profile_only
L2_final_branch_th4,ad6bb15,W2,4,744,1,0.846711,0.5,5.67,2.8581,0.5,5.67,2.8581,0,0,0,54621,5.68658e+08,1.61819e+14,0,profile_only
L2_final_branch_th4,ad6bb15,W2,4,745,1,0.882843,0.35,5.72,2.8581,0.35,5.72,2.8581,0,0,0,54621,5.93242e+08,1.6291e+14,0,profile_only
L2_final_branch_th4,ad6bb15,W2,4,746,1,0.868876,0.2,5.77,2.8581,0.2,5.77,2.8581,0,0,0,54621,5.84846e+08,1.63055e+14,0,profile_only
L2_final_branch_th4,ad6bb15,W2,4,747,1,0.8578,0.05,5.82,2.8581,0.05,5.82,2.8581,0,0,0,54621,5.85181e+08,1.6335e+14,0,profile_only
L2_final_branch_th4,ad6bb15,W2,4,748,1,0.876033,8.60423e-15,5.82,2.8081,8.60423e-15,5.82,2.8081,0,0,0,54621,5.97246e+08,1.63788e+14,0,profile_only
L2_final_branch_th4,ad6bb15,W2,4,749,1,0.891974,-0.15,5.87,2.8081,-0.15,5.87,2.8081,0,0,0,54621,6.36157e+08,1.63658e+14,0,profile_only
L2_final_branch_th4,ad6bb15,W2,4,750,1,0.908335,-0.25,5.92,2.8081,-0.25,5.92,2.8081,0,0,0,54621,6.2705e+08,1.64016e+14,0,profile_only
L2_final_branch_th4,ad6bb15,W2,4,751,1,0.928171,-0.4,5.97,2.8081,-0.4,5.97,2.8081,0,0,0,54621,6.35566e+08,1.63876e+14,0,profile_only
L2_final_branch_th4,ad6bb15,W2,4,752,1,0.955444,-0.55,6.02,2.8081,-0.55,6.02,2.8081,0,0,0,54621,6.33263e+08,1.63664e+14,0,profile_only
L2_final_branch_th4,ad6bb15,W2,4,753,1,0.933021,-0.7,6.07,2.8081,-0.7,6.07,2.8081,0,0,0,54621,5.77379e+08,1.63284e+14,0,profile_only
L2_final_branch_th4,ad6bb15,W2,4,754,1,0.924728,-0.8,6.12,2.8081,-0.8,6.12,2.8081,0,0,0,54621,5.77362e+08,1.62511e+14,0,profile_only
L2_final_branch_th4,ad6bb15,W2,4,755,1,0.881,-0.95,6.17,2.8081,-0.95,6.17,2.8081,0,0,0,54621,5.90821e+08,1.62013e+14,0,profile_only
L2_final_branch_th4,ad6bb15,W2,4,756,1,0.893606,-0.95,6.17,2.7581,-0.95,6.17,2.7581,0,0,0,54621,5.79357e+08,1.61689e+14,0,profile_only
L2_final_branch_th4,ad6bb15,W2,4,757,1,0.906913,-1.15,6.27,2.7581,-1.15,6.27,2.7581,0,0,0,54621,6.99355e+08,1.6159e+14,0,profile_only
L2_final_branch_th4,ad6bb15,W2,4,758,1,0.880561,-1.3,6.32,2.7581,-1.3,6.32,2.7581,0,0,0,54621,5.68329e+08,1.61227e+14,0,profile_only
L2_final_branch_th4,ad6bb15,W2,4,759,1,0.833096,-1.4,6.37,2.7081,-1.4,6.37,2.7081,0,0,0,54621,6.36924e+08,1.61507e+14,0,profile_only
L2_final_branch_th4,ad6bb15,W2,4,760,1,0.843348,-1.35,6.37,2.7081,-1.35,6.37,2.7081,0,0,0,54621,5.00434e+08,1.60594e+14,0,profile_only
L2_final_branch_th4,ad6bb15,W2,4,761,1,0.832221,-1.6,6.47,2.7081,-1.6,6.47,2.7081,0,0,0,54621,7.03619e+08,1.61835e+14,0,profile_only
L2_final_branch_th4,ad6bb15,W2,4,762,1,0.788776,-1.55,6.47,2.6581,-1.55,6.47,2.6581,0,0,0,54621,3.32958e+08,1.60894e+14,0,profile_only
L2_final_branch_th4,ad6bb15,W2,4,763,1,0.821277,-1.7,6.52,2.7081,-1.7,6.52,2.7081,0,0,0,54621,6.13021e+08,1.6029e+14,0,profile_only
L2_final_branch_th4,ad6bb15,W2,4,764,1,0.800668,-1.75,6.57,2.7081,-1.75,6.57,2.7081,0,0,0,54621,1.72432e+08,1.60842e+14,0,profile_only
L2_final_branch_th4,ad6bb15,W2,4,765,1,0.783367,-1.75,6.57,2.7081,-1.75,6.57,2.7081,0,0,0,54621,2.51384e+08,1.60059e+14,0,profile_only
L2_final_branch_th4,ad6bb15,W2,4,766,1,0.791482,-1.75,6.57,2.7081,-1.75,6.57,2.7081,0,0,0,54621,2.70475e+08,1.60195e+14,0,profile_only
L2_final_branch_th4,ad6bb15,W2,4,767,1,0.790738,-1.75,6.57,2.7081,-1.75,6.57,2.7081,0,0,0,54621,2.52288e+08,1.60207e+14,0,profile_only
L2_final_branch_th4,ad6bb15,W2,4,768,1,0.781168,-1.75,6.57,2.7081,-1.75,6.57,2.7081,0,0,0,54621,2.80527e+08,1.60197e+14,0,profile_only
L2_final_branch_th4,ad6bb15,W2,4,769,1,0.775397,-1.75,6.57,2.7081,-1.75,6.57,2.7081,0,0,0,54621,2.80426e+08,1.60187e+14,0,profile_only
L2_final_branch_th4,ad6bb15,W2,4,770,1,0.786342,-1.75,6.57,2.7081,-1.75,6.57,2.7081,0,0,0,54621,2.70321e+08,1.60198e+14,0,profile_only
L2_final_branch_th4,ad6bb15,W2,4,771,1,0.78188,-1.75,6.57,2.7081,-1.75,6.57,2.7081,0,0,0,54621,2.80459e+08,1.60194e+14,0,profile_only
L2_final_branch_th4,ad6bb15,W2,4,772,1,0.774686,-1.75,6.57,2.7081,-1.75,6.57,2.7081,0,0,0,54621,2.70442e+08,1.60185e+14,0,profile_only
L2_final_branch_th4,ad6bb15,W2,4,773,1,0.772244,-1.75,6.57,2.7081,-1.75,6.57,2.7081,0,0,0,54621,2.71363e+08,1.60199e+14,0,profile_only
L2_final_branch_th4,ad6bb15,W2,4,774,1,0.784644,-1.75,6.57,2.7081,-1.75,6.57,2.7081,0,0,0,54621,2.70412e+08,1.60191e+14,0,profile_only
L2_final_branch_th4,ad6bb15,W2,4,775,1,0.769302,-1.75,6.57,2.7081,-1.75,6.57,2.7081,0,0,0,54621,2.80462e+08,1.60198e+14,0,profile_only
L2_final_branch_th4,ad6bb15,W2,4,776,1,0.775672,-1.8,6.57,2.7081,-1.8,6.57,2.7081,0,0,0,54621,2.60394e+08,1.6019e+14,0,profile_only
L2_final_branch_th4,ad6bb15,W2,4,777,1,0.765762,-1.75,6.57,2.7081,-1.75,6.57,2.7081,0,0,0,54621,1.74201e+08,1.60166e+14,0,profile_only
L2_final_branch_th4,ad6bb15,W2,4,778,1,0.765051,-1.75,6.57,2.7081,-1.75,6.57,2.7081,0,0,0,54621,2.91451e+08,1.60192e+14,0,profile_only
L2_final_branch_th4,ad6bb15,W2,4,779,1,0.772632,-1.75,6.57,2.7081,-1.75,6.57,2.7081,0,0,0,54621,2.70312e+08,1.60207e+14,0,profile_only
L2_final_branch_th4,ad6bb15,W2,4,780,1,0.782979,-1.75,6.57,2.7081,-1.75,6.57,2.7081,0,0,0,54621,2.51272e+08,1.60188e+14,0,profile_only
L2_final_branch_th4,ad6bb15,W2,4,781,1,0.771889,-1.75,6.57,2.7081,-1.75,6.57,2.7081,0,0,0,54621,2.70357e+08,1.6021e+14,0,profile_only
L2_final_branch_th4,ad6bb15,W2,4,782,1,0.785921,-1.75,6.57,2.7081,-1.75,6.57,2.7081,0,0,0,54621,2.70445e+08,1.60186e+14,0,profile_only
L2_final_branch_th4,ad6bb15,W2,4,783,1,0.780813,-1.75,6.57,2.7081,-1.75,6.57,2.7081,0,0,0,54621,2.51313e+08,1.60191e+14,0,profile_only
L2_final_branch_th4,ad6bb15,W2,4,784,1,0.7839,-1.75,6.57,2.7081,-1.75,6.57,2.7081,0,0,0,54621,2.60477e+08,1.60178e+14,0,profile_only
L2_final_branch_th4,ad6bb15,W2,4,785,1,0.792404,-1.75,6.57,2.7081,-1.75,6.57,2.7081,0,0,0,54621,2.70526e+08,1.60173e+14,0,profile_only
L2_final_branch_th4,ad6bb15,W2,4,786,1,0.788896,-1.75,6.57,2.7081,-1.75,6.57,2.7081,0,0,0,54621,2.51339e+08,1.60173e+14,0,profile_only
L2_final_branch_th4,ad6bb15,W2,4,787,1,0.7834,-1.75,6.57,2.7081,-1.75,6.57,2.7081,0,0,0,54621,2.60371e+08,1.60193e+14,0,profile_only
L2_final_branch_th4,ad6bb15,W2,4,788,1,0.781201,-1.8,6.57,2.7081,-1.8,6.57,2.7081,0,0,0,54621,2.70475e+08,1.60195e+14,0,profile_only
L2_final_branch_th4,ad6bb15,W2,4,789,1,0.779115,-1.75,6.57,2.7081,-1.75,6.57,2.7081,0,0,0,54621,1.74162e+08,1.60175e+14,0,profile_only
L2_final_branch_th4,ad6bb15,W2,4,790,1,0.782445,-1.75,6.57,2.7081,-1.75,6.57,2.7081,0,0,0,54621,2.70396e+08,1.60192e+14,0,profile_only
L2_final_branch_th4,ad6bb15,W2,4,791,1,0.779115,-1.75,6.57,2.7081,-1.75,6.57,2.7081,0,0,0,54621,2.80458e+08,1.60191e+14,0,profile_only
L2_final_branch_th4,ad6bb15,W2,4,792,1,0.776384,-1.8,6.57,2.7081,-1.8,6.57,2.7081,0,0,0,54621,2.70451e+08,1.60191e+14,0,profile_only
L2_final_branch_th4,ad6bb15,W2,4,793,1,0.778339,-1.75,6.57,2.7081,-1.75,6.57,2.7081,0,0,0,54621,1.7422e+08,1.60159e+14,0,profile_only
L2_final_branch_th4,ad6bb15,W2,4,794,1,0.778937,-1.75,6.57,2.7081,-1.75,6.57,2.7081,0,0,0,54621,2.70449e+08,1.60186e+14,0,profile_only
L2_final_branch_th4,ad6bb15,W2,4,795,1,0.783933,-1.8,6.57,2.7081,-1.8,6.57,2.7081,0,0,0,54621,2.70463e+08,1.6019e+14,0,profile_only
L2_final_branch_th4,ad6bb15,W2,4,796,1,0.776772,-1.8,6.57,2.7081,-1.8,6.57,2.7081,0,0,0,54621,1.742e+08,1.60162e+14,0,profile_only
L2_final_branch_th4,ad6bb15,W2,4,797,1,0.779859,-1.75,6.57,2.7081,-1.75,6.57,2.7081,0,0,0,54621,1.74203e+08,1.60163e+14,0,profile_only
L2_final_branch_th4,ad6bb15,W2,4,798,1,0.775364,-1.75,6.57,2.7081,-1.75,6.57,2.7081,0,0,0,54621,2.70375e+08,1.60197e+14,0,profile_only
L2_final_branch_th4,ad6bb15,W2,4,799,1,0.774007,-1.8,6.57,2.7081,-1.8,6.57,2.7081,0,0,0,54621,2.52278e+08,1.60197e+14,0,profile_only
L2_final_branch_th4,ad6bb15,W2,4,800,1,0.782834,-1.75,6.57,2.7081,-1.75,6.57,2.7081,0,0,0,54621,1.74208e+08,1.60172e+14,0,profile_only
L2_final_branch_th4,ad6bb15,W2,4,801,1,0.781168,-1.75,6.57,2.7081,-1.75,6.57,2.7081,0,0,0,54621,2.70459e+08,1.60192e+14,0,profile_only
L2_final_branch_th4,ad6bb15,W2,4,802,1,0.770046,-1.75,6.57,2.7081,-1.75,6.57,2.7081,0,0,0,54621,2.80413e+08,1.60199e+14,0,profile_only
L2_final_branch_th4,ad6bb15,W2,4,803,1,0.77745,-1.75,6.57,2.7081,-1.75,6.57,2.7081,0,0,0,54621,2.88465e+08,1.60198e+14,0,profile_only
L2_final_branch_th4,ad6bb15,W2,4,804,1,0.764873,-1.75,6.57,2.7081,-1.75,6.57,2.7081,0,0,0,54621,2.91498e+08,1.60202e+14,0,profile_only
L2_final_branch_th4,ad6bb15,W2,4,805,1,0.77412,-1.75,6.57,2.7081,-1.75,6.57,2.7081,0,0,0,54621,2.78398e+08,1.60198e+14,0,profile_only
L2_final_branch_th4,ad6bb15,W2,4,806,1,0.786842,-1.75,6.57,2.7081,-1.75,6.57,2.7081,0,0,0,54621,2.80492e+08,1.60184e+14,0,profile_only
L2_final_branch_th4,ad6bb15,W2,4,807,1,0.782656,-1.8,6.57,2.7081,-1.8,6.57,2.7081,0,0,0,54621,2.70455e+08,1.60183e+14,0,profile_only
L2_final_branch_th4,ad6bb15,W2,4,808,1,0.780958,-1.75,6.57,2.7081,-1.75,6.57,2.7081,0,0,0,54621,1.74195e+08,1.60159e+14,0,profile_only
L2_final_branch_th4,ad6bb15,W2,4,809,1,0.772099,-1.75,6.57,2.7081,-1.75,6.57,2.7081,0,0,0,54621,2.70335e+08,1.60201e+14,0,profile_only
L2_final_branch_th4,ad6bb15,W2,4,810,1,0.783011,-1.75,6.57,2.7081,-1.75,6.57,2.7081,0,0,0,54621,2.70366e+08,1.60201e+14,0,profile_only
L2_final_branch_th16,ad6bb15,W2,16,0,1,0.844897,-2,6.82,-3.02553,-2,6.82,-3.02553,0,0,0,54621,2.89385e+08,1.64843e+14,0,profile_only
L2_final_branch_th16,ad6bb15,W2,16,1,1,0.851024,-2,6.82,-3.02553,-2,6.82,-3.02553,0,0,0,54621,1.93071e+08,1.64847e+14,0,profile_only
L2_final_branch_th16,ad6bb15,W2,16,2,1,0.841033,-2,6.82,-3.02553,-2,6.82,-3.02553,0,0,0,54621,1.93085e+08,1.6483e+14,0,profile_only
L2_final_branch_th16,ad6bb15,W2,16,3,1,0.844574,-2,6.82,-3.02553,-2,6.82,-3.02553,0,0,0,54621,2.89468e+08,1.64835e+14,0,profile_only
L2_final_branch_th16,ad6bb15,W2,16,4,1,0.843652,-2,6.82,-3.02553,-2,6.82,-3.02553,0,0,0,54621,1.93045e+08,1.64838e+14,0,profile_only
L2_final_branch_th16,ad6bb15,W2,16,5,1,0.842843,-2,6.82,-3.02553,-2,6.82,-3.02553,0,0,0,54621,2.91363e+08,1.64842e+14,0,profile_only
L2_final_branch_th16,ad6bb15,W2,16,6,1,0.85492,-2,6.82,-3.02553,-2,6.82,-3.02553,0,0,0,54621,2.19668e+08,1.64836e+14,0,profile_only
L2_final_branch_th16,ad6bb15,W2,16,7,1,0.844929,-2,6.82,-3.02553,-2,6.82,-3.02553,0,0,0,54621,2.90323e+08,1.64852e+14,0,profile_only
L2_final_branch_th16,ad6bb15,W2,16,8,1,0.856052,-2,6.82,-3.02553,-2,6.82,-3.02553,0,0,0,54621,2.7842e+08,1.64842e+14,0,profile_only
L2_final_branch_th16,ad6bb15,W2,16,9,1,0.847839,-2,6.82,-3.02553,-2,6.82,-3.02553,0,0,0,54621,2.17735e+08,1.6485e+14,0,profile_only
L2_final_branch_th16,ad6bb15,W2,16,10,1,0.847371,-2,6.82,-3.02553,-2,6.82,-3.02553,0,0,0,54621,1.93054e+08,1.64834e+14,0,profile_only
L2_final_branch_th16,ad6bb15,W2,16,11,1,0.842165,-2,6.82,-3.02553,-2,6.82,-3.02553,0,0,0,54621,1.94982e+08,1.64843e+14,0,profile_only
L2_final_branch_th16,ad6bb15,W2,16,12,1,0.839724,-2,6.82,-3.02553,-2,6.82,-3.02553,0,0,0,54621,1.94988e+08,1.64833e+14,0,profile_only
L2_final_branch_th16,ad6bb15,W2,16,13,1,0.849214,-2,6.82,-3.02553,-2,6.82,-3.02553,0,0,0,54621,2.89379e+08,1.64838e+14,0,profile_only
L2_final_branch_th16,ad6bb15,W2,16,14,1,0.839223,-2,6.82,-3.02553,-2,6.82,-3.02553,0,0,0,54621,2.89386e+08,1.64851e+14,0,profile_only
L2_final_branch_th16,ad6bb15,W2,16,15,1,0.848114,-2,6.82,-3.02553,-2,6.82,-3.02553,0,0,0,54621,2.93564e+08,1.64843e+14,0,profile_only
L2_final_branch_th16,ad6bb15,W2,16,16,1,0.85311,-2,6.82,-3.02553,-2,6.82,-3.02553,0,0,0,54621,1.93087e+08,1.6484e+14,0,profile_only
L2_final_branch_th16,ad6bb15,W2,16,17,1,0.837913,-2,6.82,-3.02553,-2,6.82,-3.02553,0,0,0,54621,1.96006e+08,1.64835e+14,0,profile_only
L2_final_branch_th16,ad6bb15,W2,16,18,1,0.861613,-2.05,6.82,-3.02553,-2.05,6.82,-3.02553,0,0,0,54621,2.24632e+08,1.64863e+14,0,profile_only
L2_final_branch_th16,ad6bb15,W2,16,19,1,0.847128,-2.1,6.82,-3.02553,-2.1,6.82,-3.02553,0,0,0,54621,3.43531e+08,1.64841e+14,0,profile_only
L2_final_branch_th16,ad6bb15,W2,16,20,1,0.832432,-2.2,6.82,-3.02553,-2.2,6.82,-3.02553,0,0,0,54621,3.27201e+08,1.64812e+14,0,profile_only
L2_final_branch_th16,ad6bb15,W2,16,21,1,0.812759,-2.3,6.82,-3.02553,-2.3,6.82,-3.02553,0,0,0,54621,4.1862e+08,1.65007e+14,0,profile_only
L2_final_branch_th16,ad6bb15,W2,16,22,1,0.800867,-2.55,6.77,-3.02553,-2.55,6.77,-3.02553,0,0,0,54621,6.18488e+08,1.65145e+14,0,profile_only
L2_final_branch_th16,ad6bb15,W2,16,23,1,0.892315,-2.7,6.77,-3.02553,-2.7,6.77,-3.02553,0,0,0,54621,4.13275e+08,1.65902e+14,0,profile_only
L2_final_branch_th16,ad6bb15,W2,16,24,1,0.871154,-2.95,6.72,-3.02553,-2.95,6.72,-3.02553,0,0,0,54621,5.53878e+08,1.66211e+14,0,profile_only
L2_final_branch_th16,ad6bb15,W2,16,25,1,0.884167,-3.2,6.72,-2.97553,-3.2,6.72,-2.97553,0,0,0,54621,5.81342e+08,1.66716e+14,0,profile_only
L2_final_branch_th16,ad6bb15,W2,16,26,1,0.93876,-3.45,6.67,-2.97553,-3.45,6.67,-2.97553,0,0,0,54621,5.55019e+08,1.66877e+14,0,profile_only
L2_final_branch_th16,ad6bb15,W2,16,27,1,0.893994,-3.75,6.62,-2.92553,-3.75,6.62,-2.92553,0,0,0,54621,5.96815e+08,1.65221e+14,0,profile_only
L2_final_branch_th16,ad6bb15,W2,16,28,1,0.837427,-3.9,6.57,-2.92553,-3.9,6.57,-2.92553,0,0,0,54621,4.77192e+08,1.62045e+14,0,profile_only
L2_final_branch_th16,ad6bb15,W2,16,29,1,0.759736,-4.2,6.52,-2.92553,-4.2,6.52,-2.92553,0,0,0,54621,5.61247e+08,1.5877e+14,0,profile_only
L2_final_branch_th16,ad6bb15,W2,16,30,1,0.835795,-4.45,6.52,-3.02553,-4.45,6.52,-3.02553,0,0,0,54621,4.84549e+08,1.55686e+14,0,profile_only
L2_final_branch_th16,ad6bb15,W2,16,31,1,0.859092,-4.7,6.52,3.10766,-4.7,6.52,3.10766,0,0,0,54621,4.49748e+08,1.50874e+14,0,profile_only
L2_final_branch_th16,ad6bb15,W2,16,32,1,0.896599,-5,6.57,2.90766,-5,6.57,2.90766,0,0,0,54621,3.93559e+08,1.45409e+14,0,profile_only
L2_final_branch_th16,ad6bb15,W2,16,33,1,0.83578,-5.25,6.72,2.75766,-5.25,6.72,2.75766,0,0,0,54621,6.9703e+08,1.38354e+14,0,profile_only
L2_final_branch_th16,ad6bb15,W2,16,34,1,0.879962,-5.4,6.82,2.60766,-5.4,6.82,2.60766,0,0,0,54621,5.22465e+08,1.3142e+14,0,profile_only
L2_final_branch_th16,ad6bb15,W2,16,35,1,0.904907,-5.55,6.97,2.45766,-5.55,6.97,2.45766,0,0,0,54621,4.53906e+08,1.26487e+14,0,profile_only
L2_final_branch_th16,ad6bb15,W2,16,36,1,0.863971,-5.65,7.12,2.30766,-5.65,7.12,2.30766,0,0,0,54621,3.42926e+08,1.20973e+14,0,profile_only
L2_final_branch_th16,ad6bb15,W2,16,37,1,0.9024,-5.75,7.27,2.20766,-5.75,7.27,2.20766,0,0,0,54621,6.33721e+08,1.17071e+14,0,profile_only
L2_final_branch_th16,ad6bb15,W2,16,38,1,0.846576,-5.85,7.42,2.10766,-5.85,7.42,2.10766,0,0,0,54621,5.05549e+08,1.13405e+14,0,profile_only
L2_final_branch_th16,ad6bb15,W2,16,39,1,0.908658,-6,7.67,2.10766,-6,7.67,2.10766,0,0,0,54621,5.37685e+08,1.10404e+14,0,profile_only
L2_final_branch_th16,ad6bb15,W2,16,40,1,0.871198,-6.05,7.82,2.10766,-6.05,7.82,2.10766,0,0,0,54621,5.26263e+08,1.04841e+14,0,profile_only
L2_final_branch_th16,ad6bb15,W2,16,41,1,0.891506,-6.15,7.97,2.10766,-6.15,7.97,2.10766,0,0,0,54621,4.70715e+08,1.02016e+14,0,profile_only
L2_final_branch_th16,ad6bb15,W2,16,42,1,0.920313,-6.25,8.12,2.10766,-6.25,8.12,2.10766,0,0,0,54621,5.5829e+08,9.88437e+13,0,profile_only
L2_final_branch_th16,ad6bb15,W2,16,43,1,0.885538,-6.3,8.22,2.10766,-6.3,8.22,2.10766,0,0,0,54621,4.96738e+08,9.56437e+13,0,profile_only
L2_final_branch_th16,ad6bb15,W2,16,44,1,0.92623,-6.4,8.37,2.15766,-6.4,8.37,2.15766,0,0,0,54621,5.9046e+08,9.35449e+13,0,profile_only
L2_final_branch_th16,ad6bb15,W2,16,45,1,0.928316,-6.55,8.52,2.25766,-6.55,8.52,2.25766,0,0,0,54621,7.3566e+08,9.01913e+13,0,profile_only
L2_final_branch_th16,ad6bb15,W2,16,46,1,0.888611,-6.65,8.62,2.30766,-6.65,8.62,2.30766,0,0,0,54621,7.22649e+08,8.68053e+13,0,profile_only
L2_final_branch_th16,ad6bb15,W2,16,47,1,0.922334,-6.8,8.72,2.45766,-6.8,8.72,2.45766,0,0,0,54621,8.43498e+08,8.45566e+13,0,profile_only
L2_final_branch_th16,ad6bb15,W2,16,48,1,0.864555,-6.9,8.77,2.50766,-6.9,8.77,2.50766,0,0,0,54621,6.73951e+08,8.27592e+13,0,profile_only
L2_final_branch_th16,ad6bb15,W2,16,49,1,0.885622,-7.1,8.87,2.65766,-7.1,8.87,2.65766,0,0,0,54621,7.32616e+08,8.14367e+13,0,profile_only
L2_final_branch_th16,ad6bb15,W2,16,50,1,0.875261,-7.25,8.92,2.75766,-7.25,8.92,2.75766,0,0,0,54621,4.98158e+08,7.94786e+13,0,profile_only
L2_final_branch_th16,ad6bb15,W2,16,51,1,0.898279,-7.4,8.92,2.85766,-7.4,8.92,2.85766,0,0,0,54621,5.59785e+08,7.82877e+13,0,profile_only
L2_final_branch_th16,ad6bb15,W2,16,52,1,0.83389,-7.6,8.97,3.00766,-7.6,8.97,3.00766,0,0,0,54621,6.12497e+08,7.77076e+13,0,profile_only
L2_final_branch_th16,ad6bb15,W2,16,53,1,0.78418,-7.75,8.92,3.10766,-7.75,8.92,3.10766,0,0,0,54621,6.25042e+08,7.6639e+13,0,profile_only
L2_final_branch_th16,ad6bb15,W2,16,54,1,0.846239,-7.9,8.92,-3.07553,-7.9,8.92,-3.07553,0,0,0,54621,5.505e+08,7.69128e+13,0,profile_only
L2_final_branch_th16,ad6bb15,W2,16,55,1,0.797,-8,8.87,-3.02553,-8,8.87,-3.02553,0,0,0,54621,5.62008e+08,7.62483e+13,0,profile_only
L2_final_branch_th16,ad6bb15,W2,16,56,1,0.869003,-8.2,8.82,-2.92553,-8.2,8.82,-2.92553,0,0,0,54621,6.16478e+08,7.48627e+13,0,profile_only
L2_final_branch_th16,ad6bb15,W2,16,57,1,0.792589,-8.3,8.77,-2.87553,-8.3,8.77,-2.87553,0,0,0,54621,5.70253e+08,7.39059e+13,0,profile_only
L2_final_branch_th16,ad6bb15,W2,16,58,1,0.795077,-8.45,8.72,-2.87553,-8.45,8.72,-2.87553,0,0,0,54621,6.06252e+08,7.38643e+13,0,profile_only
L2_final_branch_th16,ad6bb15,W2,16,59,1,0.792665,-8.65,8.67,-2.82553,-8.65,8.67,-2.82553,0,0,0,54621,7.07715e+08,7.32167e+13,0,profile_only
L2_final_branch_th16,ad6bb15,W2,16,60,1,0.840953,-8.85,8.62,-2.82553,-8.85,8.62,-2.82553,0,0,0,54621,4.7704e+08,7.32236e+13,0,profile_only
L2_final_branch_th16,ad6bb15,W2,16,61,1,0.865252,-8.95,8.57,-2.82553,-8.95,8.57,-2.82553,0,0,0,54621,5.0164e+08,7.25166e+13,0,profile_only
L2_final_branch_th16,ad6bb15,W2,16,62,1,0.879948,-9.15,8.52,-2.82553,-9.15,8.52,-2.82553,0,0,0,54621,4.94963e+08,7.37789e+13,0,profile_only
L2_final_branch_th16,ad6bb15,W2,16,63,1,0.832468,-9.3,8.47,-2.82553,-9.3,8.47,-2.82553,0,0,0,54621,5.16145e+08,7.40968e+13,0,profile_only
L2_final_branch_th16,ad6bb15,W2,16,64,1,0.792618,-9.45,8.42,-2.82553,-9.45,8.42,-2.82553,0,0,0,54621,5.0254e+08,7.51479e+13,0,profile_only
L2_final_branch_th16,ad6bb15,W2,16,65,1,0.776032,-9.65,8.32,-2.77553,-9.65,8.32,-2.77553,0,0,0,54621,5.67584e+08,7.7502e+13,0,profile_only
L2_final_branch_th16,ad6bb15,W2,16,66,1,0.833469,-9.75,8.32,-2.77553,-9.75,8.32,-2.77553,0,0,0,54621,5.29233e+08,7.93271e+13,0,profile_only
L2_final_branch_th16,ad6bb15,W2,16,67,1,0.826457,-9.9,8.27,-2.77553,-9.9,8.27,-2.77553,0,0,0,54621,5.66565e+08,8.13632e+13,0,profile_only
L2_final_branch_th16,ad6bb15,W2,16,68,1,0.766256,-10.15,8.12,-2.72553,-10.15,8.12,-2.72553,0,0,0,54621,6.82587e+08,8.16539e+13,0,profile_only
L2_final_branch_th16,ad6bb15,W2,16,69,1,0.867002,-10.2,8.12,-2.72553,-10.2,8.12,-2.72553,0,0,0,54621,6.02667e+08,8.14748e+13,0,profile_only
L2_final_branch_th16,ad6bb15,W2,16,70,1,0.889724,-10.35,8.02,-2.67553,-10.35,8.02,-2.67553,0,0,0,54621,7.15397e+08,8.17871e+13,0,profile_only
L2_final_branch_th16,ad6bb15,W2,16,71,1,0.84323,-10.5,7.92,-2.62553,-10.5,7.92,-2.62553,0,0,0,54621,6.90788e+08,8.18397e+13,0,profile_only
L2_final_branch_th16,ad6bb15,W2,16,72,1,0.894339,-10.55,7.92,-2.62553,-10.55,7.92,-2.62553,0,0,0,54621,6.17297e+08,8.17738e+13,0,profile_only
L2_final_branch_th16,ad6bb15,W2,16,73,1,0.862568,-10.8,7.72,-2.52553,-10.8,7.72,-2.52553,0,0,0,54621,6.98436e+08,8.10145e+13,0,profile_only
L2_final_branch_th16,ad6bb15,W2,16,74,1,0.934915,-10.8,7.72,-2.52553,-10.8,7.72,-2.52553,0,0,0,54621,6.54041e+08,8.0268e+13,0,profile_only
L2_final_branch_th16,ad6bb15,W2,16,75,1,0.922695,-10.95,7.57,-2.47553,-10.95,7.57,-2.47553,0,0,0,54621,6.79227e+08,8.00577e+13,0,profile_only
L2_final_branch_th16,ad6bb15,W2,16,76,1,0.905347,-11.05,7.47,-2.42553,-11.05,7.47,-2.42553,0,0,0,54621,6.30625e+08,7.9305e+13,0,profile_only
L2_final_branch_th16,ad6bb15,W2,16,77,1,0.862596,-11.2,7.32,-2.32553,-11.2,7.32,-2.32553,0,0,0,54621,7.08448e+08,7.89349e+13,0,profile_only
L2_final_branch_th16,ad6bb15,W2,16,78,1,0.892343,-11.2,7.32,-2.32553,-11.2,7.32,-2.32553,0,0,0,54621,6.11281e+08,7.86651e+13,0,profile_only
L2_final_branch_th16,ad6bb15,W2,16,79,1,0.869486,-11.3,7.17,-2.22553,-11.3,7.17,-2.22553,0,0,0,54621,8.42232e+08,7.64836e+13,0,profile_only
L2_final_branch_th16,ad6bb15,W2,16,80,1,0.846024,-11.35,7.07,-2.17553,-11.35,7.07,-2.17553,0,0,0,54621,6.43755e+08,7.70217e+13,0,profile_only
L2_final_branch_th16,ad6bb15,W2,16,81,1,0.817794,-11.5,6.87,-2.07553,-11.5,6.87,-2.07553,0,0,0,54621,6.73862e+08,7.63152e+13,0,profile_only
L2_final_branch_th16,ad6bb15,W2,16,82,1,0.834133,-11.5,6.77,-2.02553,-11.5,6.77,-2.02553,0,0,0,54621,6.39087e+08,7.49099e+13,0,profile_only
L2_final_branch_th16,ad6bb15,W2,16,83,1,0.79873,-11.55,6.62,-1.97553,-11.55,6.62,-1.97553,0,0,0,54621,6.07711e+08,7.47945e+13,0,profile_only
L2_final_branch_th16,ad6bb15,W2,16,84,1,0.781709,-11.6,6.47,-1.87553,-11.6,6.47,-1.87553,0,0,0,54621,6.32221e+08,7.50737e+13,0,profile_only
L2_final_branch_th16,ad6bb15,W2,16,85,1,0.7878,-11.6,6.37,-1.82553,-11.6,6.37,-1.82553,0,0,0,54621,5.3082e+08,7.61447e+13,0,profile_only
L2_final_branch_th16,ad6bb15,W2,16,86,1,0.819024,-11.6,6.27,-1.77553,-11.6,6.27,-1.77553,0,0,0,54621,5.09685e+08,7.64004e+13,0,profile_only
L2_final_branch_th16,ad6bb15,W2,16,87,1,0.781115,-11.6,6.12,-1.72553,-11.6,6.12,-1.72553,0,0,0,54621,5.85376e+08,7.62287e+13,0,profile_only
L2_final_branch_th16,ad6bb15,W2,16,88,1,0.744042,-11.6,6.02,-1.67553,-11.6,6.02,-1.67553,0,0,0,54621,6.31275e+08,7.76007e+13,0,profile_only
L2_final_branch_th16,ad6bb15,W2,16,89,1,0.799469,-11.6,5.82,-1.57553,-11.6,5.82,-1.57553,0,0,0,54621,6.12824e+08,7.83151e+13,0,profile_only
L2_final_branch_th16,ad6bb15,W2,16,90,1,0.764031,-11.6,5.67,-1.52553,-11.6,5.67,-1.52553,0,0,0,54621,6.66647e+08,7.74186e+13,0,profile_only
L2_final_branch_th16,ad6bb15,W2,16,91,1,0.795055,-11.55,5.57,-1.47553,-11.55,5.57,-1.47553,0,0,0,54621,7.75216e+08,7.917e+13,0,profile_only
L2_final_branch_th16,ad6bb15,W2,16,92,1,0.844043,-11.5,5.37,-1.37553,-11.5,5.37,-1.37553,0,0,0,54621,6.74189e+08,8.04372e+13,0,profile_only
L2_final_branch_th16,ad6bb15,W2,16,93,1,0.786392,-11.45,5.27,-1.32553,-11.45,5.27,-1.32553,0,0,0,54621,6.20648e+08,8.39781e+13,0,profile_only
L2_final_branch_th16,ad6bb15,W2,16,94,1,0.72412,-11.4,5.12,-1.27553,-11.4,5.12,-1.27553,0,0,0,54621,6.14599e+08,8.42868e+13,0,profile_only
L2_final_branch_th16,ad6bb15,W2,16,95,1,0.796037,-11.35,4.97,-1.17553,-11.35,4.97,-1.17553,0,0,0,54621,6.03105e+08,8.76599e+13,0,profile_only
L2_final_branch_th16,ad6bb15,W2,16,96,1,0.783429,-11.3,4.87,-1.12553,-11.3,4.87,-1.12553,0,0,0,54621,6.56194e+08,8.61387e+13,0,profile_only
L2_final_branch_th16,ad6bb15,W2,16,97,1,0.767373,-11.2,4.77,-1.07553,-11.2,4.77,-1.07553,0,0,0,54621,6.15311e+08,8.98518e+13,0,profile_only
L2_final_branch_th16,ad6bb15,W2,16,98,1,0.811859,-11.15,4.67,-0.975528,-11.15,4.67,-0.975528,0,0,0,54621,6.74257e+08,9.12847e+13,0,profile_only
L2_final_branch_th16,ad6bb15,W2,16,99,1,0.807092,-11.05,4.57,-0.875528,-11.05,4.57,-0.875528,0,0,0,54621,7.57283e+08,9.23409e+13,0,profile_only
L2_final_branch_th16,ad6bb15,W2,16,100,1,0.761778,-10.9,4.47,-0.775528,-10.9,4.47,-0.775528,0,0,0,54621,6.75191e+08,9.41965e+13,0,profile_only
L2_final_branch_th16,ad6bb15,W2,16,101,1,0.756719,-10.8,4.42,-0.675528,-10.8,4.42,-0.675528,0,0,0,54621,6.4439e+08,9.52674e+13,0,profile_only
L2_final_branch_th16,ad6bb15,W2,16,102,1,0.74321,-10.7,4.37,-0.575528,-10.7,4.37,-0.575528,0,0,0,54621,5.16247e+08,9.77151e+13,0,profile_only
L2_final_branch_th16,ad6bb15,W2,16,103,1,0.76269,-10.55,4.27,-0.475528,-10.55,4.27,-0.475528,0,0,0,54621,8.97508e+08,9.84937e+13,0,profile_only
L2_final_branch_th16,ad6bb15,W2,16,104,1,0.796706,-10.4,4.27,-0.375528,-10.4,4.27,-0.375528,0,0,0,54621,7.90593e+08,1.02889e+14,0,profile_only
L2_final_branch_th16,ad6bb15,W2,16,105,1,0.821447,-10.25,4.22,-0.275528,-10.25,4.22,-0.275528,0,0,0,54621,6.53417e+08,1.04612e+14,0,profile_only
L2_final_branch_th16,ad6bb15,W2,16,106,1,0.754707,-10.15,4.22,-0.175528,-10.15,4.22,-0.175528,0,0,0,54621,6.90709e+08,1.07787e+14,0,profile_only
L2_final_branch_th16,ad6bb15,W2,16,107,1,0.756162,-10,4.22,-0.125528,-10,4.22,-0.125528,0,0,0,54621,9.30679e+08,1.09705e+14,0,profile_only
L2_final_branch_th16,ad6bb15,W2,16,108,1,0.748123,-9.7,4.17,-0.125528,-9.7,4.17,-0.125528,0,0,0,54621,8.03038e+08,1.1233e+14,0,profile_only
L2_final_branch_th16,ad6bb15,W2,16,109,1,0.707903,-9.45,4.17,-0.125528,-9.45,4.17,-0.125528,0,0,0,54621,7.83564e+08,1.16671e+14,0,profile_only
L2_final_branch_th16,ad6bb15,W2,16,110,1,0.754136,-9.3,4.12,-0.0755283,-9.3,4.12,-0.0755283,0,0,0,54621,7.49236e+08,1.20163e+14,0,profile_only
L2_final_branch_th16,ad6bb15,W2,16,111,1,0.708096,-9.1,4.12,-0.0755283,-9.1,4.12,-0.0755283,0,0,0,54621,6.4292e+08,1.23895e+14,0,profile_only
L2_final_branch_th16,ad6bb15,W2,16,112,1,0.751408,-8.9,4.07,-0.125528,-8.9,4.07,-0.125528,0,0,0,54621,5.2338e+08,1.26522e+14,0,profile_only
L2_final_branch_th16,ad6bb15,W2,16,113,1,0.693747,-8.8,4.07,-0.175528,-8.8,4.07,-0.175528,0,0,0,54621,3.28403e+08,1.29592e+14,0,profile_only
L2_final_branch_th16,ad6bb15,W2,16,114,1,0.719892,-8.65,4.02,-0.225528,-8.65,4.02,-0.225528,0,0,0,54621,4.81539e+08,1.31419e+14,0,profile_only
L2_final_branch_th16,ad6bb15,W2,16,115,1,0.731884,-8.55,3.97,-0.275528,-8.55,3.97,-0.275528,0,0,0,54621,2.62895e+08,1.3364e+14,0,profile_only
L2_final_branch_th16,ad6bb15,W2,16,116,1,0.701241,-8.5,3.97,-0.325528,-8.5,3.97,-0.325528,0,0,0,54621,4.65635e+08,1.34929e+14,0,profile_only
L2_final_branch_th16,ad6bb15,W2,16,117,1,0.700194,-8.35,3.87,-0.325528,-8.35,3.87,-0.325528,0,0,0,54621,3.67712e+08,1.35207e+14,0,profile_only
L2_final_branch_th16,ad6bb15,W2,16,118,1,0.727093,-8.25,3.87,-0.375528,-8.25,3.87,-0.375528,0,0,0,54621,4.32962e+08,1.37601e+14,0,profile_only
L2_final_branch_th16,ad6bb15,W2,16,119,1,0.766591,-8.1,3.77,-0.375528,-8.1,3.77,-0.375528,0,0,0,54621,3.419e+08,1.38799e+14,0,profile_only
L2_final_branch_th16,ad6bb15,W2,16,120,1,0.764894,-7.95,3.72,-0.425528,-7.95,3.72,-0.425528,0,0,0,54621,5.84711e+08,1.4117e+14,0,profile_only
L2_final_branch_th16,ad6bb15,W2,16,121,1,0.813868,-7.8,3.62,-0.425528,-7.8,3.62,-0.425528,0,0,0,54621,6.03748e+08,1.42508e+14,0,profile_only
L2_final_branch_th16,ad6bb15,W2,16,122,1,0.843624,-7.65,3.52,-0.425528,-7.65,3.52,-0.425528,0,0,0,54621,5.76061e+08,1.45008e+14,0,profile_only
L2_final_branch_th16,ad6bb15,W2,16,123,1,0.802322,-7.45,3.42,-0.425528,-7.45,3.42,-0.425528,0,0,0,54621,5.73373e+08,1.47699e+14,0,profile_only
L2_final_branch_th16,ad6bb15,W2,16,124,1,0.797444,-7.4,3.42,-0.475528,-7.4,3.42,-0.475528,0,0,0,54621,5.43215e+08,1.50091e+14,0,profile_only
L2_final_branch_th16,ad6bb15,W2,16,125,1,0.883699,-7.2,3.32,-0.475528,-7.2,3.32,-0.475528,0,0,0,54621,6.4336e+08,1.50347e+14,0,profile_only
L2_final_branch_th16,ad6bb15,W2,16,126,1,0.847264,-7.1,3.27,-0.475528,-7.1,3.27,-0.475528,0,0,0,54621,5.80798e+08,1.53086e+14,0,profile_only
L2_final_branch_th16,ad6bb15,W2,16,127,1,0.868246,-6.95,3.17,-0.475528,-6.95,3.17,-0.475528,0,0,0,54621,5.70571e+08,1.54933e+14,0,profile_only
L2_final_branch_th16,ad6bb15,W2,16,128,1,0.828453,-6.9,3.12,-0.475528,-6.9,3.12,-0.475528,0,0,0,54621,5.71089e+08,1.57506e+14,0,profile_only
L2_final_branch_th16,ad6bb15,W2,16,129,1,0.877338,-6.65,3.02,-0.525528,-6.65,3.02,-0.525528,0,0,0,54621,5.54531e+08,1.5848e+14,0,profile_only
L2_final_branch_th16,ad6bb15,W2,16,130,1,0.86062,-6.5,2.92,-0.525528,-6.5,2.92,-0.525528,0,0,0,54621,5.97873e+08,1.62344e+14,0,profile_only
L2_final_branch_th16,ad6bb15,W2,16,131,1,0.844771,-6.45,2.87,-0.525528,-6.45,2.87,-0.525528,0,0,0,54621,6.05166e+08,1.65267e+14,0,profile_only
L2_final_branch_th16,ad6bb15,W2,16,132,1,0.805046,-6.4,2.82,-0.525528,-6.4,2.82,-0.525528,0,0,0,54621,5.90409e+08,1.66251e+14,0,profile_only
L2_final_branch_th16,ad6bb15,W2,16,133,1,0.837904,-6.1,2.67,-0.575528,-6.1,2.67,-0.575528,0,0,0,54621,5.45807e+08,1.67207e+14,0,profile_only
L2_final_branch_th16,ad6bb15,W2,16,134,1,0.848766,-6.05,2.62,-0.575528,-6.05,2.62,-0.575528,0,0,0,54621,6.69903e+08,1.71208e+14,0,profile_only
L2_final_branch_th16,ad6bb15,W2,16,135,1,0.855013,-5.85,2.47,-0.575528,-5.85,2.47,-0.575528,0,0,0,54621,6.00423e+08,1.71834e+14,0,profile_only
L2_final_branch_th16,ad6bb15,W2,16,136,1,0.809216,-5.65,2.37,-0.625528,-5.65,2.37,-0.625528,0,0,0,54621,5.88385e+08,1.73579e+14,0,profile_only
L2_final_branch_th16,ad6bb15,W2,16,137,1,0.805877,-5.55,2.27,-0.625528,-5.55,2.27,-0.625528,0,0,0,54621,6.92584e+08,1.76348e+14,0,profile_only
L2_final_branch_th16,ad6bb15,W2,16,138,1,0.866917,-5.35,2.12,-0.625528,-5.35,2.12,-0.625528,0,0,0,54621,6.83016e+08,1.77405e+14,0,profile_only
L2_final_branch_th16,ad6bb15,W2,16,139,1,0.856264,-5.2,2.02,-0.625528,-5.2,2.02,-0.625528,0,0,0,54621,6.37688e+08,1.7928e+14,0,profile_only
L2_final_branch_th16,ad6bb15,W2,16,140,1,0.761985,-5,1.87,-0.625528,-5,1.87,-0.625528,0,0,0,54621,6.38544e+08,1.80808e+14,0,profile_only
L2_final_branch_th16,ad6bb15,W2,16,141,1,0.793412,-4.95,1.82,-0.625528,-4.95,1.82,-0.625528,0,0,0,54621,6.14848e+08,1.82499e+14,0,profile_only
L2_final_branch_th16,ad6bb15,W2,16,142,1,0.789581,-4.8,1.72,-0.625528,-4.8,1.72,-0.625528,0,0,0,54621,5.88254e+08,1.83129e+14,0,profile_only
L2_final_branch_th16,ad6bb15,W2,16,143,1,0.852174,-4.65,1.62,-0.625528,-4.65,1.62,-0.625528,0,0,0,54621,6.14501e+08,1.84855e+14,0,profile_only
L2_final_branch_th16,ad6bb15,W2,16,144,1,0.826827,-4.5,1.52,-0.575528,-4.5,1.52,-0.575528,0,0,0,54621,6.30037e+08,1.86048e+14,0,profile_only
L2_final_branch_th16,ad6bb15,W2,16,145,1,0.804647,-4.15,1.32,-0.525528,-4.15,1.32,-0.525528,0,0,0,54621,6.42988e+08,1.8776e+14,0,profile_only
L2_final_branch_th16,ad6bb15,W2,16,146,1,0.857641,-4.2,1.37,-0.525528,-4.2,1.37,-0.525528,0,0,0,54621,5.58524e+08,1.9089e+14,0,profile_only
L2_final_branch_th16,ad6bb15,W2,16,147,1,0.868938,-4.05,1.27,-0.475528,-4.05,1.27,-0.475528,0,0,0,54621,6.43479e+08,1.91052e+14,0,profile_only
L2_final_branch_th16,ad6bb15,W2,16,148,1,0.820569,-3.9,1.22,-0.425528,-3.9,1.22,-0.425528,0,0,0,54621,6.00816e+08,1.91546e+14,0,profile_only
L2_final_branch_th16,ad6bb15,W2,16,149,1,0.821393,-3.75,1.17,-0.425528,-3.75,1.17,-0.425528,0,0,0,54621,6.48241e+08,1.91105e+14,0,profile_only
L2_final_branch_th16,ad6bb15,W2,16,150,1,0.833049,-3.6,1.12,-0.425528,-3.6,1.12,-0.425528,0,0,0,54621,5.69886e+08,1.89377e+14,0,profile_only
L2_final_branch_th16,ad6bb15,W2,16,151,1,0.870958,-3.45,1.02,-0.425528,-3.45,1.02,-0.425528,0,0,0,54621,5.65323e+08,1.87772e+14,0,profile_only
L2_final_branch_th16,ad6bb15,W2,16,152,1,0.847179,-3.3,0.97,-0.475528,-3.3,0.97,-0.475528,0,0,0,54621,5.18101e+08,1.86299e+14,0,profile_only
L2_final_branch_th16,ad6bb15,W2,16,153,1,0.842394,-3.15,0.87,-0.525528,-3.15,0.87,-0.525528,0,0,0,54621,5.45835e+08,1.85137e+14,0,profile_only
L2_final_branch_th16,ad6bb15,W2,16,154,1,0.910631,-3,0.77,-0.525528,-3,0.77,-0.525528,0,0,0,54621,5.47647e+08,1.83526e+14,0,profile_only
L2_final_branch_th16,ad6bb15,W2,16,155,1,0.848648,-2.85,0.67,-0.575528,-2.85,0.67,-0.575528,0,0,0,54621,5.53755e+08,1.82436e+14,0,profile_only
L2_final_branch_th16,ad6bb15,W2,16,156,1,0.812632,-2.7,0.57,-0.575528,-2.7,0.57,-0.575528,0,0,0,54621,6.19716e+08,1.81845e+14,0,profile_only
L2_final_branch_th16,ad6bb15,W2,16,157,1,0.73411,-2.5,0.42,-0.575528,-2.5,0.42,-0.575528,0,0,0,54621,6.02125e+08,1.8105e+14,0,profile_only
L2_final_branch_th16,ad6bb15,W2,16,158,1,0.767267,-2.4,0.32,-0.625528,-2.4,0.32,-0.625528,0,0,0,54621,5.23191e+08,1.78211e+14,0,profile_only
L2_final_branch_th16,ad6bb15,W2,16,159,1,0.79519,-2.25,0.22,-0.625528,-2.25,0.22,-0.625528,0,0,0,54621,6.60737e+08,1.7462e+14,0,profile_only
L2_final_branch_th16,ad6bb15,W2,16,160,1,0.783,-2,0.07,-0.575528,-2,0.07,-0.575528,0,0,0,54621,6.50411e+08,1.71616e+14,0,profile_only
L2_final_branch_th16,ad6bb15,W2,16,161,1,0.791859,-1.8,-0.08,-0.525528,-1.8,-0.08,-0.525528,0,0,0,54621,5.94881e+08,1.68228e+14,0,profile_only
L2_final_branch_th16,ad6bb15,W2,16,162,1,0.852399,-1.55,-0.18,-0.475528,-1.55,-0.18,-0.475528,0,0,0,54621,5.88674e+08,1.65057e+14,0,profile_only
L2_final_branch_th16,ad6bb15,W2,16,163,1,0.852965,-1.35,-0.28,-0.425528,-1.35,-0.28,-0.425528,0,0,0,54621,6.22923e+08,1.63157e+14,0,profile_only
L2_final_branch_th16,ad6bb15,W2,16,164,1,0.837525,-1.2,-0.33,-0.375528,-1.2,-0.33,-0.375528,0,0,0,54621,7.28289e+08,1.61804e+14,0,profile_only
L2_final_branch_th16,ad6bb15,W2,16,165,1,0.784858,-1,-0.38,-0.325528,-1,-0.38,-0.325528,0,0,0,54621,7.13767e+08,1.61241e+14,0,profile_only
L2_final_branch_th16,ad6bb15,W2,16,166,1,0.737509,-0.7,-0.48,-0.225528,-0.7,-0.48,-0.225528,0,0,0,54621,6.80772e+08,1.60136e+14,0,profile_only
L2_final_branch_th16,ad6bb15,W2,16,167,1,0.77055,-0.45,-0.48,-0.175528,-0.45,-0.48,-0.175528,0,0,0,54621,4.72028e+08,1.58802e+14,0,profile_only
L2_final_branch_th16,ad6bb15,W2,16,168,1,0.860092,-0.25,-0.53,-0.125528,-0.25,-0.53,-0.125528,0,0,0,54621,5.66843e+08,1.57905e+14,0,profile_only
L2_final_branch_th16,ad6bb15,W2,16,169,1,0.856567,-0.05,-0.53,-0.0755283,-0.05,-0.53,-0.0755283,0,0,0,54621,3.56417e+08,1.56718e+14,0,profile_only
L2_final_branch_th16,ad6bb15,W2,16,170,1,0.787894,0.1,-0.53,-0.0255283,0.1,-0.53,-0.0255283,0,0,0,54621,4.06283e+08,1.55799e+14,0,profile_only
L2_final_branch_th16,ad6bb15,W2,16,171,1,0.841759,0.35,-0.53,0.0244717,0.35,-0.53,0.0244717,0,0,0,54621,5.45057e+08,1.55179e+14,0,profile_only
L2_final_branch_th16,ad6bb15,W2,16,172,1,0.79142,0.5,-0.53,0.0744717,0.5,-0.53,0.0744717,0,0,0,54621,6.57618e+08,1.53379e+14,0,profile_only
L2_final_branch_th16,ad6bb15,W2,16,173,1,0.856455,0.7,-0.48,0.124472,0.7,-0.48,0.124472,0,0,0,54621,6.70919e+08,1.52944e+14,0,profile_only
L2_final_branch_th16,ad6bb15,W2,16,174,1,0.879055,0.9,-0.43,0.174472,0.9,-0.43,0.174472,0,0,0,54621,6.38146e+08,1.52648e+14,0,profile_only
L2_final_branch_th16,ad6bb15,W2,16,175,1,0.828391,1.1,-0.38,0.224472,1.1,-0.38,0.224472,0,0,0,54621,6.59193e+08,1.52308e+14,0,profile_only
L2_final_branch_th16,ad6bb15,W2,16,176,1,0.756627,1.25,-0.33,0.224472,1.25,-0.33,0.224472,0,0,0,54621,6.26622e+08,1.5193e+14,0,profile_only
L2_final_branch_th16,ad6bb15,W2,16,177,1,0.855098,1.4,-0.28,0.274472,1.4,-0.28,0.274472,0,0,0,54621,6.54657e+08,1.51253e+14,0,profile_only
L2_final_branch_th16,ad6bb15,W2,16,178,1,0.870088,1.65,-0.18,0.324472,1.65,-0.18,0.324472,0,0,0,54621,6.32905e+08,1.51781e+14,0,profile_only
L2_final_branch_th16,ad6bb15,W2,16,179,1,0.814714,1.7,-0.18,0.324472,1.7,-0.18,0.324472,0,0,0,54621,6.1525e+08,1.50228e+14,0,profile_only
L2_final_branch_th16,ad6bb15,W2,16,180,1,0.917371,1.95,-0.08,0.374472,1.95,-0.08,0.374472,0,0,0,54621,6.79292e+08,1.50786e+14,0,profile_only
L2_final_branch_th16,ad6bb15,W2,16,181,1,0.854387,2.1,0.02,0.424472,2.1,0.02,0.424472,0,0,0,54621,6.21607e+08,1.49446e+14,0,profile_only
L2_final_branch_th16,ad6bb15,W2,16,182,1,0.893559,2.3,0.12,0.474472,2.3,0.12,0.474472,0,0,0,54621,6.39023e+08,1.497e+14,0,profile_only
L2_final_branch_th16,ad6bb15,W2,16,183,1,0.856941,2.5,0.27,0.524472,2.5,0.27,0.524472,0,0,0,54621,6.32791e+08,1.48972e+14,0,profile_only
L2_final_branch_th16,ad6bb15,W2,16,184,1,0.900655,2.55,0.27,0.524472,2.55,0.27,0.524472,0,0,0,54621,6.03128e+08,1.47665e+14,0,profile_only
L2_final_branch_th16,ad6bb15,W2,16,185,1,0.924275,2.7,0.37,0.574472,2.7,0.37,0.574472,0,0,0,54621,6.76337e+08,1.46941e+14,0,profile_only
L2_final_branch_th16,ad6bb15,W2,16,186,1,0.872203,2.85,0.47,0.624472,2.85,0.47,0.624472,0,0,0,54621,6.78128e+08,1.45064e+14,0,profile_only
L2_final_branch_th16,ad6bb15,W2,16,187,1,0.922287,3,0.62,0.724472,3,0.62,0.724472,0,0,0,54621,6.92429e+08,1.42503e+14,0,profile_only
L2_final_branch_th16,ad6bb15,W2,16,188,1,0.902839,3.1,0.77,0.824472,3.1,0.77,0.824472,0,0,0,54621,6.79848e+08,1.41513e+14,0,profile_only
L2_final_branch_th16,ad6bb15,W2,16,189,1,0.909434,3.15,0.82,0.874472,3.15,0.82,0.874472,0,0,0,54621,6.08211e+08,1.41362e+14,0,profile_only
L2_final_branch_th16,ad6bb15,W2,16,190,1,0.896889,3.25,0.97,0.974472,3.25,0.97,0.974472,0,0,0,54621,7.09521e+08,1.41357e+14,0,profile_only
L2_final_branch_th16,ad6bb15,W2,16,191,1,0.848974,3.35,1.17,1.07447,3.35,1.17,1.07447,0,0,0,54621,6.71268e+08,1.42187e+14,0,profile_only
L2_final_branch_th16,ad6bb15,W2,16,192,1,0.868825,3.4,1.32,1.17447,3.4,1.32,1.17447,0,0,0,54621,7.04285e+08,1.41929e+14,0,profile_only
L2_final_branch_th16,ad6bb15,W2,16,193,1,0.842698,3.45,1.52,1.27447,3.45,1.52,1.27447,0,0,0,54621,7.10567e+08,1.42879e+14,0,profile_only
L2_final_branch_th16,ad6bb15,W2,16,194,1,0.831579,3.45,1.62,1.32447,3.45,1.62,1.32447,0,0,0,54621,6.61443e+08,1.43733e+14,0,profile_only
L2_final_branch_th16,ad6bb15,W2,16,195,1,0.8357,3.45,1.77,1.42447,3.45,1.77,1.42447,0,0,0,54621,7.07818e+08,1.44169e+14,0,profile_only
L2_final_branch_th16,ad6bb15,W2,16,196,1,0.862001,3.45,1.97,1.52447,3.45,1.97,1.52447,0,0,0,54621,6.68457e+08,1.45385e+14,0,profile_only
L2_final_branch_th16,ad6bb15,W2,16,197,1,0.80526,3.45,2.17,1.62447,3.45,2.17,1.62447,0,0,0,54621,6.40823e+08,1.45898e+14,0,profile_only
L2_final_branch_th16,ad6bb15,W2,16,198,1,0.830186,3.4,2.37,1.72447,3.4,2.37,1.72447,0,0,0,54621,6.4966e+08,1.46021e+14,0,profile_only
L2_final_branch_th16,ad6bb15,W2,16,199,1,0.803675,3.35,2.47,1.77447,3.35,2.47,1.77447,0,0,0,54621,6.42553e+08,1.47113e+14,0,profile_only
L2_final_branch_th16,ad6bb15,W2,16,200,1,0.770601,3.3,2.67,1.87447,3.3,2.67,1.87447,0,0,0,54621,6.62331e+08,1.47175e+14,0,profile_only
L2_final_branch_th16,ad6bb15,W2,16,201,1,0.77613,3.2,2.82,1.92447,3.2,2.82,1.92447,0,0,0,54621,6.2813e+08,1.474e+14,0,profile_only
L2_final_branch_th16,ad6bb15,W2,16,202,1,0.757066,3.15,2.97,1.97447,3.15,2.97,1.97447,0,0,0,54621,6.75212e+08,1.483e+14,0,profile_only
L2_final_branch_th16,ad6bb15,W2,16,203,1,0.732818,3.1,3.07,2.02447,3.1,3.07,2.02447,0,0,0,54621,6.6335e+08,1.4854e+14,0,profile_only
L2_final_branch_th16,ad6bb15,W2,16,204,1,0.764437,3,3.22,2.07447,3,3.22,2.07447,0,0,0,54621,7.00054e+08,1.48434e+14,0,profile_only
L2_final_branch_th16,ad6bb15,W2,16,205,1,0.879175,2.8,3.47,2.17447,2.8,3.47,2.17447,0,0,0,54621,7.33668e+08,1.4918e+14,0,profile_only
L2_final_branch_th16,ad6bb15,W2,16,206,1,0.894208,2.65,3.62,2.22447,2.65,3.62,2.22447,0,0,0,54621,6.34183e+08,1.51836e+14,0,profile_only
L2_final_branch_th16,ad6bb15,W2,16,207,1,0.931501,2.65,3.67,2.27447,2.65,3.67,2.27447,0,0,0,54621,6.7706e+08,1.52821e+14,0,profile_only
L2_final_branch_th16,ad6bb15,W2,16,208,1,0.924986,2.55,3.77,2.32447,2.55,3.77,2.32447,0,0,0,54621,7.02629e+08,1.51838e+14,0,profile_only
L2_final_branch_th16,ad6bb15,W2,16,209,1,0.866482,2.3,3.97,2.37447,2.3,3.97,2.37447,0,0,0,54621,7.10584e+08,1.51043e+14,0,profile_only
L2_final_branch_th16,ad6bb15,W2,16,210,1,0.804829,2.35,3.92,2.37447,2.35,3.92,2.37447,0,0,0,54621,6.42714e+08,1.51366e+14,0,profile_only
L2_final_branch_th16,ad6bb15,W2,16,211,1,0.938292,2.15,4.12,2.42447,2.15,4.12,2.42447,0,0,0,54621,7.15044e+08,1.46925e+14,0,profile_only
L2_final_branch_th16,ad6bb15,W2,16,212,1,0.910664,2,4.22,2.42447,2,4.22,2.42447,0,0,0,54621,6.37756e+08,1.50015e+14,0,profile_only
L2_final_branch_th16,ad6bb15,W2,16,213,1,0.885219,1.85,4.37,2.47447,1.85,4.37,2.47447,0,0,0,54621,6.36677e+08,1.51216e+14,0,profile_only
L2_final_branch_th16,ad6bb15,W2,16,214,1,0.946763,1.65,4.52,2.47447,1.65,4.52,2.47447,0,0,0,54621,5.87738e+08,1.52766e+14,0,profile_only
L2_final_branch_th16,ad6bb15,W2,16,215,1,0.924279,1.65,4.52,2.47447,1.65,4.52,2.47447,0,0,0,54621,6.13232e+08,1.54439e+14,0,profile_only
L2_final_branch_th16,ad6bb15,W2,16,216,1,0.883829,1.5,4.62,2.47447,1.5,4.62,2.47447,0,0,0,54621,6.57166e+08,1.5452e+14,0,profile_only
L2_final_branch_th16,ad6bb15,W2,16,217,1,0.913718,1.25,4.82,2.52447,1.25,4.82,2.52447,0,0,0,54621,6.61394e+08,1.56011e+14,0,profile_only
L2_final_branch_th16,ad6bb15,W2,16,218,1,0.919345,1.1,4.92,2.52447,1.1,4.92,2.52447,0,0,0,54621,6.33264e+08,1.57729e+14,0,profile_only
L2_final_branch_th16,ad6bb15,W2,16,219,1,0.828296,0.95,5.02,2.52447,0.95,5.02,2.52447,0,0,0,54621,6.35883e+08,1.58285e+14,0,profile_only
L2_final_branch_th16,ad6bb15,W2,16,220,1,0.871477,0.65,5.22,2.57447,0.65,5.22,2.57447,0,0,0,54621,6.62797e+08,1.5888e+14,0,profile_only
L2_final_branch_th16,ad6bb15,W2,16,221,1,0.929546,0.55,5.27,2.57447,0.55,5.27,2.57447,0,0,0,54621,6.53465e+08,1.6104e+14,0,profile_only
L2_final_branch_th16,ad6bb15,W2,16,222,1,0.875228,0.4,5.37,2.57447,0.4,5.37,2.57447,0,0,0,54621,6.45951e+08,1.61648e+14,0,profile_only
L2_final_branch_th16,ad6bb15,W2,16,223,1,0.902937,0.05,5.57,2.62447,0.05,5.57,2.62447,0,0,0,54621,6.63513e+08,1.62102e+14,0,profile_only
L2_final_branch_th16,ad6bb15,W2,16,224,1,0.940458,-0.05,5.62,2.62447,-0.05,5.62,2.62447,0,0,0,54621,6.0145e+08,1.62438e+14,0,profile_only
L2_final_branch_th16,ad6bb15,W2,16,225,1,0.937436,-0.15,5.67,2.62447,-0.15,5.67,2.62447,0,0,0,54621,5.88157e+08,1.62692e+14,0,profile_only
L2_final_branch_th16,ad6bb15,W2,16,226,1,0.896468,-0.4,5.82,2.67447,-0.4,5.82,2.67447,0,0,0,54621,5.77684e+08,1.62945e+14,0,profile_only
L2_final_branch_th16,ad6bb15,W2,16,227,1,0.966211,-0.5,5.87,2.67447,-0.5,5.87,2.67447,0,0,0,54621,5.91425e+08,1.62872e+14,0,profile_only
L2_final_branch_th16,ad6bb15,W2,16,228,1,0.957465,-0.6,5.92,2.67447,-0.6,5.92,2.67447,0,0,0,54621,5.69211e+08,1.62446e+14,0,profile_only
L2_final_branch_th16,ad6bb15,W2,16,229,1,0.938438,-0.8,6.02,2.72447,-0.8,6.02,2.72447,0,0,0,54621,6.12513e+08,1.61592e+14,0,profile_only
L2_final_branch_th16,ad6bb15,W2,16,230,1,0.914948,-1.05,6.12,2.77447,-1.05,6.12,2.77447,0,0,0,54621,6.75696e+08,1.60503e+14,0,profile_only
L2_final_branch_th16,ad6bb15,W2,16,231,1,0.942123,-1.1,6.12,2.77447,-1.1,6.12,2.77447,0,0,0,54621,6.23857e+08,1.59898e+14,0,profile_only
L2_final_branch_th16,ad6bb15,W2,16,232,1,0.92594,-1.25,6.17,2.82447,-1.25,6.17,2.82447,0,0,0,54621,6.93742e+08,1.59897e+14,0,profile_only
L2_final_branch_th16,ad6bb15,W2,16,233,1,0.881352,-1.4,6.22,2.87447,-1.4,6.22,2.87447,0,0,0,54621,6.31206e+08,1.59503e+14,0,profile_only
L2_final_branch_th16,ad6bb15,W2,16,234,1,0.85541,-1.5,6.22,2.87447,-1.5,6.22,2.87447,0,0,0,54621,5.33444e+08,1.59379e+14,0,profile_only
L2_final_branch_th16,ad6bb15,W2,16,235,1,0.877829,-1.7,6.27,2.97447,-1.7,6.27,2.97447,0,0,0,54621,6.69684e+08,1.5943e+14,0,profile_only
L2_final_branch_th16,ad6bb15,W2,16,236,1,0.901366,-1.8,6.27,2.97447,-1.8,6.27,2.97447,0,0,0,54621,2.02684e+08,1.60192e+14,0,profile_only
L2_final_branch_th16,ad6bb15,W2,16,237,1,0.79889,-1.95,6.27,3.02447,-1.95,6.27,3.02447,0,0,0,54621,1.88024e+08,1.6011e+14,0,profile_only
L2_final_branch_th16,ad6bb15,W2,16,238,1,0.817703,-2.2,6.32,3.07447,-2.2,6.32,3.07447,0,0,0,54621,2.28395e+08,1.61354e+14,0,profile_only
L2_final_branch_th16,ad6bb15,W2,16,239,1,0.843086,-2.3,6.32,3.12447,-2.3,6.32,3.12447,0,0,0,54621,4.71793e+08,1.61557e+14,0,profile_only
L2_final_branch_th16,ad6bb15,W2,16,240,1,0.82579,-2.45,6.32,-3.10871,-2.45,6.32,-3.10871,0,0,0,54621,3.75797e+08,1.62893e+14,0,profile_only
L2_final_branch_th16,ad6bb15,W2,16,241,1,0.815316,-2.6,6.27,-3.10871,-2.6,6.27,-3.10871,0,0,0,54621,4.32537e+08,1.64029e+14,0,profile_only
L2_final_branch_th16,ad6bb15,W2,16,242,1,0.88035,-2.8,6.27,-3.05871,-2.8,6.27,-3.05871,0,0,0,54621,4.58461e+08,1.65031e+14,0,profile_only
L2_final_branch_th16,ad6bb15,W2,16,243,1,0.881061,-2.9,6.27,-3.00871,-2.9,6.27,-3.00871,0,0,0,54621,4.31391e+08,1.65901e+14,0,profile_only
L2_final_branch_th16,ad6bb15,W2,16,244,1,0.875322,-3.1,6.22,-3.00871,-3.1,6.22,-3.00871,0,0,0,54621,5.58628e+08,1.66714e+14,0,profile_only
L2_final_branch_th16,ad6bb15,W2,16,245,1,0.852595,-3.3,6.17,-2.95871,-3.3,6.17,-2.95871,0,0,0,54621,5.0171e+08,1.67239e+14,0,profile_only
L2_final_branch_th16,ad6bb15,W2,16,246,1,0.87636,-3.45,6.17,-2.95871,-3.45,6.17,-2.95871,0,0,0,54621,5.62598e+08,1.67843e+14,0,profile_only
L2_final_branch_th16,ad6bb15,W2,16,247,1,0.817355,-3.6,6.12,-2.95871,-3.6,6.12,-2.95871,0,0,0,54621,4.66959e+08,1.66554e+14,0,profile_only
L2_final_branch_th16,ad6bb15,W2,16,248,1,0.8067,-3.7,6.12,-2.95871,-3.7,6.12,-2.95871,0,0,0,54621,4.95488e+08,1.66094e+14,0,profile_only
L2_final_branch_th16,ad6bb15,W2,16,249,1,0.819241,-3.85,6.12,-3.00871,-3.85,6.12,-3.00871,0,0,0,54621,5.01343e+08,1.65105e+14,0,profile_only
L2_final_branch_th16,ad6bb15,W2,16,250,1,0.796111,-3.95,6.12,-3.00871,-3.95,6.12,-3.00871,0,0,0,54621,4.87126e+08,1.62687e+14,0,profile_only
L2_final_branch_th16,ad6bb15,W2,16,251,1,0.844592,-4.1,6.12,-3.05871,-4.1,6.12,-3.05871,0,0,0,54621,5.15395e+08,1.61708e+14,0,profile_only
L2_final_branch_th16,ad6bb15,W2,16,252,1,0.837558,-4.2,6.12,-3.10871,-4.2,6.12,-3.10871,0,0,0,54621,5.65874e+08,1.59439e+14,0,profile_only
L2_final_branch_th16,ad6bb15,W2,16,253,1,0.805017,-4.35,6.12,3.12447,-4.35,6.12,3.12447,0,0,0,54621,6.58164e+08,1.57619e+14,0,profile_only
L2_final_branch_th16,ad6bb15,W2,16,254,1,0.784967,-4.35,6.17,3.12447,-4.35,6.17,3.12447,0,0,0,54621,5.94532e+08,1.55065e+14,0,profile_only
L2_final_branch_th16,ad6bb15,W2,16,255,1,0.858091,-4.5,6.17,3.07447,-4.5,6.17,3.07447,0,0,0,54621,5.59666e+08,1.5407e+14,0,profile_only
L2_final_branch_th16,ad6bb15,W2,16,256,1,0.77272,-4.7,6.17,2.97447,-4.7,6.17,2.97447,0,0,0,54621,5.02447e+08,1.51412e+14,0,profile_only
L2_final_branch_th16,ad6bb15,W2,16,257,1,0.82888,-4.8,6.22,2.92447,-4.8,6.22,2.92447,0,0,0,54621,5.60861e+08,1.47795e+14,0,profile_only
L2_final_branch_th16,ad6bb15,W2,16,258,1,0.822053,-4.85,6.27,2.87447,-4.85,6.27,2.87447,0,0,0,54621,5.9339e+08,1.45208e+14,0,profile_only
L2_final_branch_th16,ad6bb15,W2,16,259,1,0.880608,-4.95,6.32,2.82447,-4.95,6.32,2.82447,0,0,0,54621,5.33786e+08,1.43469e+14,0,profile_only
L2_final_branch_th16,ad6bb15,W2,16,260,1,0.819354,-5.05,6.37,2.77447,-5.05,6.37,2.77447,0,0,0,54621,6.84697e+08,1.41195e+14,0,profile_only
L2_final_branch_th16,ad6bb15,W2,16,261,1,0.881112,-5.15,6.42,2.67447,-5.15,6.42,2.67447,0,0,0,54621,7.00532e+08,1.38934e+14,0,profile_only
L2_final_branch_th16,ad6bb15,W2,16,262,1,0.81512,-5.3,6.52,2.57447,-5.3,6.52,2.57447,0,0,0,54621,8.22454e+08,1.36758e+14,0,profile_only
L2_final_branch_th16,ad6bb15,W2,16,263,1,0.832044,-5.35,6.62,2.57447,-5.35,6.62,2.57447,0,0,0,54621,7.2882e+08,1.33733e+14,0,profile_only
L2_final_branch_th16,ad6bb15,W2,16,264,1,0.892554,-5.45,6.72,2.47447,-5.45,6.72,2.47447,0,0,0,54621,7.38234e+08,1.30279e+14,0,profile_only
L2_final_branch_th16,ad6bb15,W2,16,265,1,0.847291,-5.5,6.72,2.37447,-5.5,6.72,2.37447,0,0,0,54621,8.17064e+08,1.27504e+14,0,profile_only
L2_final_branch_th16,ad6bb15,W2,16,266,1,0.867254,-5.6,6.87,2.32447,-5.6,6.87,2.32447,0,0,0,54621,7.57379e+08,1.27101e+14,0,profile_only
L2_final_branch_th16,ad6bb15,W2,16,267,1,0.885716,-5.65,6.97,2.27447,-5.65,6.97,2.27447,0,0,0,54621,6.44702e+08,1.22754e+14,0,profile_only
L2_final_branch_th16,ad6bb15,W2,16,268,1,0.865393,-5.75,7.12,2.22447,-5.75,7.12,2.22447,0,0,0,54621,6.82543e+08,1.20032e+14,0,profile_only
L2_final_branch_th16,ad6bb15,W2,16,269,1,0.885716,-5.8,7.17,2.17447,-5.8,7.17,2.17447,0,0,0,54621,6.30459e+08,1.16078e+14,0,profile_only
L2_final_branch_th16,ad6bb15,W2,16,270,1,0.894139,-5.85,7.27,2.12447,-5.85,7.27,2.12447,0,0,0,54621,6.33474e+08,1.14777e+14,0,profile_only
L2_final_branch_th16,ad6bb15,W2,16,271,1,0.914995,-5.95,7.47,2.12447,-5.95,7.47,2.12447,0,0,0,54621,5.13319e+08,1.12502e+14,0,profile_only
L2_final_branch_th16,ad6bb15,W2,16,272,1,0.890211,-5.95,7.47,2.07447,-5.95,7.47,2.07447,0,0,0,54621,5.36025e+08,1.08193e+14,0,profile_only
L2_final_branch_th16,ad6bb15,W2,16,273,1,0.931581,-6.05,7.67,2.07447,-6.05,7.67,2.07447,0,0,0,54621,5.07115e+08,1.08549e+14,0,profile_only
L2_final_branch_th16,ad6bb15,W2,16,274,1,0.889032,-6.1,7.77,2.07447,-6.1,7.77,2.07447,0,0,0,54621,5.27153e+08,1.04473e+14,0,profile_only
L2_final_branch_th16,ad6bb15,W2,16,275,1,0.88187,-6.2,7.92,2.07447,-6.2,7.92,2.07447,0,0,0,54621,4.85614e+08,1.02411e+14,0,profile_only
L2_final_branch_th16,ad6bb15,W2,16,276,1,0.886108,-6.25,8.02,2.07447,-6.25,8.02,2.07447,0,0,0,54621,5.19802e+08,9.91964e+13,0,profile_only
L2_final_branch_th16,ad6bb15,W2,16,277,1,0.858479,-6.3,8.12,2.07447,-6.3,8.12,2.07447,0,0,0,54621,5.13027e+08,9.73096e+13,0,profile_only
L2_final_branch_th16,ad6bb15,W2,16,278,1,0.905926,-6.35,8.22,2.07447,-6.35,8.22,2.07447,0,0,0,54621,5.13701e+08,9.53739e+13,0,profile_only
L2_final_branch_th16,ad6bb15,W2,16,279,1,0.931081,-6.4,8.32,2.07447,-6.4,8.32,2.07447,0,0,0,54621,5.61754e+08,9.33581e+13,0,profile_only
L2_final_branch_th16,ad6bb15,W2,16,280,1,0.849845,-6.5,8.42,2.12447,-6.5,8.42,2.12447,0,0,0,54621,5.94558e+08,9.12934e+13,0,profile_only
L2_final_branch_th16,ad6bb15,W2,16,281,1,0.920636,-6.5,8.47,2.12447,-6.5,8.47,2.12447,0,0,0,54621,5.99695e+08,8.8886e+13,0,profile_only
L2_final_branch_th16,ad6bb15,W2,16,282,1,0.902773,-6.6,8.62,2.17447,-6.6,8.62,2.17447,0,0,0,54621,6.73843e+08,8.80435e+13,0,profile_only
L2_final_branch_th16,ad6bb15,W2,16,283,1,0.905004,-6.65,8.67,2.17447,-6.65,8.67,2.17447,0,0,0,54621,6.30448e+08,8.50153e+13,0,profile_only
L2_final_branch_th16,ad6bb15,W2,16,284,1,0.912895,-6.75,8.77,2.27447,-6.75,8.77,2.27447,0,0,0,54621,8.57049e+08,8.34689e+13,0,profile_only
L2_final_branch_th16,ad6bb15,W2,16,285,1,0.89563,-6.8,8.82,2.32447,-6.8,8.82,2.32447,0,0,0,54621,5.86801e+08,8.15993e+13,0,profile_only
L2_final_branch_th16,ad6bb15,W2,16,286,1,0.91949,-6.9,8.87,2.42447,-6.9,8.87,2.42447,0,0,0,54621,6.61517e+08,8.05083e+13,0,profile_only
L2_final_branch_th16,ad6bb15,W2,16,287,1,0.904148,-7,8.92,2.52447,-7,8.92,2.52447,0,0,0,54621,4.46387e+08,7.94604e+13,0,profile_only
L2_final_branch_th16,ad6bb15,W2,16,288,1,0.897245,-7.05,8.92,2.57447,-7.05,8.92,2.57447,0,0,0,54621,4.89408e+08,7.8574e+13,0,profile_only
L2_final_branch_th16,ad6bb15,W2,16,289,1,0.89883,-7.2,8.97,2.67447,-7.2,8.97,2.67447,0,0,0,54621,4.48279e+08,7.86164e+13,0,profile_only
L2_final_branch_th16,ad6bb15,W2,16,290,1,0.852352,-7.25,8.97,2.72447,-7.25,8.97,2.72447,0,0,0,54621,5.55181e+08,7.74091e+13,0,profile_only
L2_final_branch_th16,ad6bb15,W2,16,291,1,0.88942,-7.35,9.02,2.82447,-7.35,9.02,2.82447,0,0,0,54621,6.38782e+08,7.74007e+13,0,profile_only
L2_final_branch_th16,ad6bb15,W2,16,292,1,0.88478,-7.45,9.02,2.87447,-7.45,9.02,2.87447,0,0,0,54621,5.3869e+08,7.68339e+13,0,profile_only
L2_final_branch_th16,ad6bb15,W2,16,293,1,0.915108,-7.5,9.02,2.92447,-7.5,9.02,2.92447,0,0,0,54621,6.01317e+08,7.64093e+13,0,profile_only
L2_final_branch_th16,ad6bb15,W2,16,294,1,0.799358,-7.6,9.02,2.97447,-7.6,9.02,2.97447,0,0,0,54621,6.41895e+08,7.66715e+13,0,profile_only
L2_final_branch_th16,ad6bb15,W2,16,295,1,0.865219,-7.6,9.02,2.97447,-7.6,9.02,2.97447,0,0,0,54621,4.90172e+08,7.63733e+13,0,profile_only
L2_final_branch_th16,ad6bb15,W2,16,296,1,0.851575,-7.7,9.02,3.02447,-7.7,9.02,3.02447,0,0,0,54621,5.56828e+08,7.61441e+13,0,profile_only
L2_final_branch_th16,ad6bb15,W2,16,297,1,0.775288,-7.8,9.07,3.07447,-7.8,9.07,3.07447,0,0,0,54621,6.17185e+08,7.5731e+13,0,profile_only
L2_final_branch_th16,ad6bb15,W2,16,298,1,0.821411,-7.85,9.02,3.07447,-7.85,9.02,3.07447,0,0,0,54621,5.14645e+08,7.4556e+13,0,profile_only
L2_final_branch_th16,ad6bb15,W2,16,299,1,0.881094,-8,9.02,3.12447,-8,9.02,3.12447,0,0,0,54621,5.75556e+08,7.43814e+13,0,profile_only
L2_final_branch_th16,ad6bb15,W2,16,300,1,0.821346,-8,9.02,3.12447,-8,9.02,3.12447,0,0,0,54621,4.7543e+08,7.34905e+13,0,profile_only
L2_final_branch_th16,ad6bb15,W2,16,301,1,0.817725,-8.15,9.02,-3.10871,-8.15,9.02,-3.10871,0,0,0,54621,5.64619e+08,7.29997e+13,0,profile_only
L2_final_branch_th16,ad6bb15,W2,16,302,1,0.818324,-8.25,8.97,-3.05871,-8.25,8.97,-3.05871,0,0,0,54621,5.64562e+08,7.25576e+13,0,profile_only
L2_final_branch_th16,ad6bb15,W2,16,303,1,0.880593,-8.4,8.97,-3.00871,-8.4,8.97,-3.00871,0,0,0,54621,5.70548e+08,7.29294e+13,0,profile_only
L2_final_branch_th16,ad6bb15,W2,16,304,1,0.884508,-8.45,8.97,-3.00871,-8.45,8.97,-3.00871,0,0,0,54621,5.97962e+08,7.23778e+13,0,profile_only
L2_final_branch_th16,ad6bb15,W2,16,305,1,0.807814,-8.65,8.92,-2.95871,-8.65,8.92,-2.95871,0,0,0,54621,5.98393e+08,7.24023e+13,0,profile_only
L2_final_branch_th16,ad6bb15,W2,16,306,1,0.913395,-8.7,8.92,-2.95871,-8.7,8.92,-2.95871,0,0,0,54621,5.40554e+08,7.1957e+13,0,profile_only
L2_final_branch_th16,ad6bb15,W2,16,307,1,0.820167,-8.8,8.87,-2.95871,-8.8,8.87,-2.95871,0,0,0,54621,4.92467e+08,7.19334e+13,0,profile_only
L2_final_branch_th16,ad6bb15,W2,16,308,1,0.801219,-8.85,8.87,-2.95871,-8.85,8.87,-2.95871,0,0,0,54621,5.75837e+08,7.17522e+13,0,profile_only
L2_final_branch_th16,ad6bb15,W2,16,309,1,0.856295,-9.05,8.82,-2.90871,-9.05,8.82,-2.90871,0,0,0,54621,5.91701e+08,7.20899e+13,0,profile_only
L2_final_branch_th16,ad6bb15,W2,16,310,1,0.817515,-9.1,8.82,-2.90871,-9.1,8.82,-2.90871,0,0,0,54621,5.09127e+08,7.18606e+13,0,profile_only
L2_final_branch_th16,ad6bb15,W2,16,311,1,0.825949,-9.25,8.77,-2.85871,-9.25,8.77,-2.85871,0,0,0,54621,5.46613e+08,7.18174e+13,0,profile_only
L2_final_branch_th16,ad6bb15,W2,16,312,1,0.825401,-9.35,8.72,-2.85871,-9.35,8.72,-2.85871,0,0,0,54621,5.6525e+08,7.23504e+13,0,profile_only
L2_final_branch_th16,ad6bb15,W2,16,313,1,0.857684,-9.45,8.67,-2.80871,-9.45,8.67,-2.80871,0,0,0,54621,6.11964e+08,7.28073e+13,0,profile_only
L2_final_branch_th16,ad6bb15,W2,16,314,1,0.753786,-9.55,8.62,-2.80871,-9.55,8.62,-2.80871,0,0,0,54621,5.26112e+08,7.40697e+13,0,profile_only
L2_final_branch_th16,ad6bb15,W2,16,315,1,0.864573,-9.65,8.62,-2.75871,-9.65,8.62,-2.75871,0,0,0,54621,6.22904e+08,7.41916e+13,0,profile_only
L2_final_branch_th16,ad6bb15,W2,16,316,1,0.780363,-9.75,8.57,-2.75871,-9.75,8.57,-2.75871,0,0,0,54621,5.47371e+08,7.51154e+13,0,profile_only
L2_final_branch_th16,ad6bb15,W2,16,317,1,0.84642,-9.85,8.52,-2.70871,-9.85,8.52,-2.70871,0,0,0,54621,6.15455e+08,7.62264e+13,0,profile_only
L2_final_branch_th16,ad6bb15,W2,16,318,1,0.829254,-9.95,8.42,-2.65871,-9.95,8.42,-2.65871,0,0,0,54621,6.23432e+08,7.76305e+13,0,profile_only
L2_final_branch_th16,ad6bb15,W2,16,319,1,0.824012,-10,8.42,-2.65871,-10,8.42,-2.65871,0,0,0,54621,5.84982e+08,7.93192e+13,0,profile_only
L2_final_branch_th16,ad6bb15,W2,16,320,1,0.85418,-10.1,8.37,-2.60871,-10.1,8.37,-2.60871,0,0,0,54621,6.98538e+08,7.9806e+13,0,profile_only
L2_final_branch_th16,ad6bb15,W2,16,321,1,0.83635,-10.2,8.27,-2.55871,-10.2,8.27,-2.55871,0,0,0,54621,6.89702e+08,8.07345e+13,0,profile_only
L2_final_branch_th16,ad6bb15,W2,16,322,1,0.819403,-10.3,8.17,-2.50871,-10.3,8.17,-2.50871,0,0,0,54621,6.75735e+08,8.1759e+13,0,profile_only
L2_final_branch_th16,ad6bb15,W2,16,323,1,0.856578,-10.3,8.17,-2.50871,-10.3,8.17,-2.50871,0,0,0,54621,6.2085e+08,8.22721e+13,0,profile_only
L2_final_branch_th16,ad6bb15,W2,16,324,1,0.878899,-10.4,8.07,-2.45871,-10.4,8.07,-2.45871,0,0,0,54621,6.40133e+08,8.20997e+13,0,profile_only
L2_final_branch_th16,ad6bb15,W2,16,325,1,0.887852,-10.5,7.97,-2.40871,-10.5,7.97,-2.40871,0,0,0,54621,6.59189e+08,8.24847e+13,0,profile_only
L2_final_branch_th16,ad6bb15,W2,16,326,1,0.862885,-10.5,7.97,-2.40871,-10.5,7.97,-2.40871,0,0,0,54621,6.40072e+08,8.2818e+13,0,profile_only
L2_final_branch_th16,ad6bb15,W2,16,327,1,0.896149,-10.6,7.87,-2.35871,-10.6,7.87,-2.35871,0,0,0,54621,6.53577e+08,8.26993e+13,0,profile_only
L2_final_branch_th16,ad6bb15,W2,16,328,1,0.879496,-10.65,7.82,-2.30871,-10.65,7.82,-2.30871,0,0,0,54621,6.44189e+08,8.26223e+13,0,profile_only
L2_final_branch_th16,ad6bb15,W2,16,329,1,0.85731,-10.75,7.72,-2.25871,-10.75,7.72,-2.25871,0,0,0,54621,6.49397e+08,8.27273e+13,0,profile_only
L2_final_branch_th16,ad6bb15,W2,16,330,1,0.890873,-10.75,7.67,-2.25871,-10.75,7.67,-2.25871,0,0,0,54621,5.99078e+08,8.2705e+13,0,profile_only
L2_final_branch_th16,ad6bb15,W2,16,331,1,0.917458,-10.8,7.57,-2.20871,-10.8,7.57,-2.20871,0,0,0,54621,6.46244e+08,8.26675e+13,0,profile_only
L2_final_branch_th16,ad6bb15,W2,16,332,1,0.866774,-10.9,7.47,-2.15871,-10.9,7.47,-2.15871,0,0,0,54621,5.89595e+08,8.29156e+13,0,profile_only
L2_final_branch_th16,ad6bb15,W2,16,333,1,0.862448,-10.95,7.37,-2.10871,-10.95,7.37,-2.10871,0,0,0,54621,6.34592e+08,8.22709e+13,0,profile_only
L2_final_branch_th16,ad6bb15,W2,16,334,1,0.828526,-11,7.27,-2.05871,-11,7.27,-2.05871,0,0,0,54621,6.10391e+08,8.22296e+13,0,profile_only
L2_final_branch_th16,ad6bb15,W2,16,335,1,0.858025,-11,7.22,-2.05871,-11,7.22,-2.05871,0,0,0,54621,5.90395e+08,8.28132e+13,0,profile_only
L2_final_branch_th16,ad6bb15,W2,16,336,1,0.796645,-11.05,7.07,-2.00871,-11.05,7.07,-2.00871,0,0,0,54621,6.30422e+08,8.18655e+13,0,profile_only
L2_final_branch_th16,ad6bb15,W2,16,337,1,0.808246,-11.05,7.02,-2.00871,-11.05,7.02,-2.00871,0,0,0,54621,5.81128e+08,8.00452e+13,0,profile_only
L2_final_branch_th16,ad6bb15,W2,16,338,1,0.811293,-11.15,6.87,-1.95871,-11.15,6.87,-1.95871,0,0,0,54621,6.6916e+08,8.00214e+13,0,profile_only
L2_final_branch_th16,ad6bb15,W2,16,339,1,0.820809,-11.15,6.82,-1.95871,-11.15,6.82,-1.95871,0,0,0,54621,5.85999e+08,7.83354e+13,0,profile_only
L2_final_branch_th16,ad6bb15,W2,16,340,1,0.835214,-11.2,6.67,-1.95871,-11.2,6.67,-1.95871,0,0,0,54621,6.95747e+08,7.58389e+13,0,profile_only
L2_final_branch_th16,ad6bb15,W2,16,341,1,0.793151,-11.25,6.57,-1.95871,-11.25,6.57,-1.95871,0,0,0,54621,5.65503e+08,7.52827e+13,0,profile_only
L2_final_branch_th16,ad6bb15,W2,16,342,1,0.78497,-11.3,6.42,-1.90871,-11.3,6.42,-1.90871,0,0,0,54621,6.29781e+08,7.40627e+13,0,profile_only
L2_final_branch_th16,ad6bb15,W2,16,343,1,0.844719,-11.3,6.37,-1.90871,-11.3,6.37,-1.90871,0,0,0,54621,5.36536e+08,7.43721e+13,0,profile_only
L2_final_branch_th16,ad6bb15,W2,16,344,1,0.826163,-11.35,6.22,-1.90871,-11.35,6.22,-1.90871,0,0,0,54621,5.51173e+08,7.4871e+13,0,profile_only
L2_final_branch_th16,ad6bb15,W2,16,345,1,0.764167,-11.4,6.12,-1.85871,-11.4,6.12,-1.85871,0,0,0,54621,5.33842e+08,7.54148e+13,0,profile_only
L2_final_branch_th16,ad6bb15,W2,16,346,1,0.824525,-11.4,6.02,-1.85871,-11.4,6.02,-1.85871,0,0,0,54621,4.13142e+08,7.65209e+13,0,profile_only
L2_final_branch_th16,ad6bb15,W2,16,347,1,0.819482,-11.45,5.87,-1.80871,-11.45,5.87,-1.80871,0,0,0,54621,5.71965e+08,7.71622e+13,0,profile_only
L2_final_branch_th16,ad6bb15,W2,16,348,1,0.794626,-11.45,5.77,-1.80871,-11.45,5.77,-1.80871,0,0,0,54621,5.42841e+08,7.84719e+13,0,profile_only
L2_final_branch_th16,ad6bb15,W2,16,349,1,0.772043,-11.5,5.67,-1.75871,-11.5,5.67,-1.75871,0,0,0,54621,6.62257e+08,7.79182e+13,0,profile_only
L2_final_branch_th16,ad6bb15,W2,16,350,1,0.771213,-11.5,5.52,-1.75871,-11.5,5.52,-1.75871,0,0,0,54621,5.59773e+08,7.93661e+13,0,profile_only
L2_final_branch_th16,ad6bb15,W2,16,351,1,0.869,-11.5,5.42,-1.70871,-11.5,5.42,-1.70871,0,0,0,54621,6.79296e+08,8.05189e+13,0,profile_only
L2_final_branch_th16,ad6bb15,W2,16,352,1,0.840748,-11.5,5.27,-1.65871,-11.5,5.27,-1.65871,0,0,0,54621,6.21962e+08,8.27236e+13,0,profile_only
L2_final_branch_th16,ad6bb15,W2,16,353,1,0.790264,-11.55,5.12,-1.60871,-11.55,5.12,-1.60871,0,0,0,54621,6.50793e+08,8.32653e+13,0,profile_only
L2_final_branch_th16,ad6bb15,W2,16,354,1,0.795773,-11.5,5.02,-1.55871,-11.5,5.02,-1.55871,0,0,0,54621,6.28196e+08,8.39961e+13,0,profile_only
L2_final_branch_th16,ad6bb15,W2,16,355,1,0.771997,-11.55,4.87,-1.45871,-11.55,4.87,-1.45871,0,0,0,54621,6.44794e+08,8.48952e+13,0,profile_only
L2_final_branch_th16,ad6bb15,W2,16,356,1,0.828817,-11.45,4.82,-1.40871,-11.45,4.82,-1.40871,0,0,0,54621,5.61053e+08,8.45334e+13,0,profile_only
L2_final_branch_th16,ad6bb15,W2,16,357,1,0.814845,-11.4,4.72,-1.30871,-11.4,4.72,-1.30871,0,0,0,54621,6.5193e+08,8.68495e+13,0,profile_only
L2_final_branch_th16,ad6bb15,W2,16,358,1,0.76936,-11.35,4.62,-1.20871,-11.35,4.62,-1.20871,0,0,0,54621,6.55396e+08,8.77656e+13,0,profile_only
L2_final_branch_th16,ad6bb15,W2,16,359,1,0.827462,-11.3,4.57,-1.15871,-11.3,4.57,-1.15871,0,0,0,54621,6.55899e+08,8.86999e+13,0,profile_only
L2_final_branch_th16,ad6bb15,W2,16,360,1,0.86171,-11.25,4.52,-1.05871,-11.25,4.52,-1.05871,0,0,0,54621,8.10288e+08,9.07398e+13,0,profile_only
L2_final_branch_th16,ad6bb15,W2,16,361,1,0.791193,-11.15,4.42,-0.958714,-11.15,4.42,-0.958714,0,0,0,54621,7.40588e+08,9.1579e+13,0,profile_only
L2_final_branch_th16,ad6bb15,W2,16,362,1,0.790711,-11.1,4.37,-0.858714,-11.1,4.37,-0.858714,0,0,0,54621,6.72381e+08,9.24558e+13,0,profile_only
L2_final_branch_th16,ad6bb15,W2,16,363,1,0.783337,-11.05,4.37,-0.808714,-11.05,4.37,-0.808714,0,0,0,54621,6.90079e+08,9.36501e+13,0,profile_only
L2_final_branch_th16,ad6bb15,W2,16,364,1,0.795177,-10.95,4.27,-0.658714,-10.95,4.27,-0.658714,0,0,0,54621,7.19438e+08,9.44336e+13,0,profile_only
L2_final_branch_th16,ad6bb15,W2,16,365,1,0.775617,-10.8,4.22,-0.558714,-10.8,4.22,-0.558714,0,0,0,54621,6.50504e+08,9.53931e+13,0,profile_only
L2_final_branch_th16,ad6bb15,W2,16,366,1,0.818286,-10.75,4.22,-0.458714,-10.75,4.22,-0.458714,0,0,0,54621,7.45025e+08,9.85477e+13,0,profile_only
L2_final_branch_th16,ad6bb15,W2,16,367,1,0.786271,-10.65,4.17,-0.358714,-10.65,4.17,-0.358714,0,0,0,54621,7.88723e+08,9.91008e+13,0,profile_only
L2_final_branch_th16,ad6bb15,W2,16,368,1,0.785704,-10.5,4.17,-0.258714,-10.5,4.17,-0.258714,0,0,0,54621,8.65523e+08,1.00878e+14,0,profile_only
L2_final_branch_th16,ad6bb15,W2,16,369,1,0.738256,-10.35,4.17,-0.158714,-10.35,4.17,-0.158714,0,0,0,54621,8.67723e+08,1.03369e+14,0,profile_only
L2_final_branch_th16,ad6bb15,W2,16,370,1,0.830679,-10.25,4.17,-0.158714,-10.25,4.17,-0.158714,0,0,0,54621,8.89558e+08,1.05988e+14,0,profile_only
L2_final_branch_th16,ad6bb15,W2,16,371,1,0.754474,-10.1,4.12,-0.108714,-10.1,4.12,-0.108714,0,0,0,54621,8.04365e+08,1.07389e+14,0,profile_only
L2_final_branch_th16,ad6bb15,W2,16,372,1,0.768301,-10,4.12,-0.108714,-10,4.12,-0.108714,0,0,0,54621,8.06183e+08,1.10547e+14,0,profile_only
L2_final_branch_th16,ad6bb15,W2,16,373,1,0.711845,-9.9,4.07,-0.108714,-9.9,4.07,-0.108714,0,0,0,54621,9.46995e+08,1.12089e+14,0,profile_only
L2_final_branch_th16,ad6bb15,W2,16,374,1,0.791065,-9.7,4.07,-0.108714,-9.7,4.07,-0.108714,0,0,0,54621,9.57972e+08,1.1432e+14,0,profile_only
L2_final_branch_th16,ad6bb15,W2,16,375,1,0.8292,-9.55,4.07,-0.108714,-9.55,4.07,-0.108714,0,0,0,54621,9.51342e+08,1.17494e+14,0,profile_only
L2_final_branch_th16,ad6bb15,W2,16,376,1,0.706176,-9.45,4.02,-0.108714,-9.45,4.02,-0.108714,0,0,0,54621,9.01073e+08,1.19958e+14,0,profile_only
L2_final_branch_th16,ad6bb15,W2,16,377,1,0.749289,-9.35,4.02,-0.108714,-9.35,4.02,-0.108714,0,0,0,54621,7.8081e+08,1.20936e+14,0,profile_only
L2_final_branch_th16,ad6bb15,W2,16,378,1,0.75077,-9.15,4.02,-0.158714,-9.15,4.02,-0.158714,0,0,0,54621,6.25369e+08,1.22797e+14,0,profile_only
L2_final_branch_th16,ad6bb15,W2,16,379,1,0.740529,-9,3.97,-0.208714,-9,3.97,-0.208714,0,0,0,54621,5.80373e+08,1.25766e+14,0,profile_only
L2_final_branch_th16,ad6bb15,W2,16,380,1,0.746035,-8.95,3.92,-0.208714,-8.95,3.92,-0.208714,0,0,0,54621,4.71454e+08,1.27722e+14,0,profile_only
L2_final_branch_th16,ad6bb15,W2,16,381,1,0.754954,-8.75,3.87,-0.258714,-8.75,3.87,-0.258714,0,0,0,54621,4.16411e+08,1.29108e+14,0,profile_only
L2_final_branch_th16,ad6bb15,W2,16,382,1,0.712772,-8.7,3.87,-0.308714,-8.7,3.87,-0.308714,0,0,0,54621,4.36862e+08,1.32666e+14,0,profile_only
L2_final_branch_th16,ad6bb15,W2,16,383,1,0.689778,-8.55,3.82,-0.358714,-8.55,3.82,-0.358714,0,0,0,54621,4.23962e+08,1.33698e+14,0,profile_only
L2_final_branch_th16,ad6bb15,W2,16,384,1,0.747295,-8.45,3.77,-0.408714,-8.45,3.77,-0.408714,0,0,0,54621,4.47638e+08,1.35448e+14,0,profile_only
L2_final_branch_th16,ad6bb15,W2,16,385,1,0.729379,-8.25,3.62,-0.408714,-8.25,3.62,-0.408714,0,0,0,54621,4.52039e+08,1.37844e+14,0,profile_only
L2_final_branch_th16,ad6bb15,W2,16,386,1,0.74158,-8.15,3.62,-0.458714,-8.15,3.62,-0.458714,0,0,0,54621,5.41703e+08,1.39222e+14,0,profile_only
L2_final_branch_th16,ad6bb15,W2,16,387,1,0.796469,-7.9,3.47,-0.458714,-7.9,3.47,-0.458714,0,0,0,54621,6.53755e+08,1.4117e+14,0,profile_only
L2_final_branch_th16,ad6bb15,W2,16,388,1,0.815065,-7.7,3.32,-0.458714,-7.7,3.32,-0.458714,0,0,0,54621,5.64169e+08,1.45064e+14,0,profile_only
L2_final_branch_th16,ad6bb15,W2,16,389,1,0.810885,-7.5,3.22,-0.458714,-7.5,3.22,-0.458714,0,0,0,54621,5.73085e+08,1.48319e+14,0,profile_only
L2_final_branch_th16,ad6bb15,W2,16,390,1,0.785954,-7.35,3.17,-0.458714,-7.35,3.17,-0.458714,0,0,0,54621,6.10417e+08,1.50786e+14,0,profile_only
L2_final_branch_th16,ad6bb15,W2,16,391,1,0.833341,-7.2,3.07,-0.458714,-7.2,3.07,-0.458714,0,0,0,54621,5.57447e+08,1.52668e+14,0,profile_only
L2_final_branch_th16,ad6bb15,W2,16,392,1,0.831775,-7,2.97,-0.458714,-7,2.97,-0.458714,0,0,0,54621,5.50971e+08,1.54734e+14,0,profile_only
L2_final_branch_th16,ad6bb15,W2,16,393,1,0.870537,-6.9,2.92,-0.458714,-6.9,2.92,-0.458714,0,0,0,54621,5.7516e+08,1.58197e+14,0,profile_only
L2_final_branch_th16,ad6bb15,W2,16,394,1,0.899699,-6.7,2.82,-0.458714,-6.7,2.82,-0.458714,0,0,0,54621,5.94101e+08,1.59731e+14,0,profile_only
L2_final_branch_th16,ad6bb15,W2,16,395,1,0.868249,-6.6,2.77,-0.458714,-6.6,2.77,-0.458714,0,0,0,54621,6.04323e+08,1.63057e+14,0,profile_only
L2_final_branch_th16,ad6bb15,W2,16,396,1,0.798841,-6.45,2.72,-0.458714,-6.45,2.72,-0.458714,0,0,0,54621,6.05829e+08,1.65119e+14,0,profile_only
L2_final_branch_th16,ad6bb15,W2,16,397,1,0.794955,-6.3,2.62,-0.408714,-6.3,2.62,-0.408714,0,0,0,54621,5.30458e+08,1.67013e+14,0,profile_only
L2_final_branch_th16,ad6bb15,W2,16,398,1,0.830615,-6.15,2.57,-0.408714,-6.15,2.57,-0.408714,0,0,0,54621,5.93314e+08,1.69455e+14,0,profile_only
L2_final_branch_th16,ad6bb15,W2,16,399,1,0.767731,-5.9,2.47,-0.408714,-5.9,2.47,-0.408714,0,0,0,54621,5.69404e+08,1.71518e+14,0,profile_only
L2_final_branch_th16,ad6bb15,W2,16,400,1,0.904696,-5.75,2.42,-0.358714,-5.75,2.42,-0.358714,0,0,0,54621,6.43248e+08,1.73572e+14,0,profile_only
L2_final_branch_th16,ad6bb15,W2,16,401,1,0.777055,-5.6,2.37,-0.308714,-5.6,2.37,-0.308714,0,0,0,54621,6.00605e+08,1.75268e+14,0,profile_only
L2_final_branch_th16,ad6bb15,W2,16,402,1,0.788192,-5.4,2.32,-0.308714,-5.4,2.32,-0.308714,0,0,0,54621,5.51724e+08,1.77426e+14,0,profile_only
L2_final_branch_th16,ad6bb15,W2,16,403,1,0.740838,-5.1,2.22,-0.358714,-5.1,2.22,-0.358714,0,0,0,54621,5.81107e+08,1.79402e+14,0,profile_only
L2_final_branch_th16,ad6bb15,W2,16,404,1,0.845644,-4.85,2.12,-0.358714,-4.85,2.12,-0.358714,0,0,0,54621,6.15153e+08,1.8216e+14,0,profile_only
L2_final_branch_th16,ad6bb15,W2,16,405,1,0.813716,-4.65,2.02,-0.358714,-4.65,2.02,-0.358714,0,0,0,54621,5.60452e+08,1.85122e+14,0,profile_only
L2_final_branch_th16,ad6bb15,W2,16,406,1,0.861243,-4.5,1.97,-0.408714,-4.5,1.97,-0.408714,0,0,0,54621,5.40856e+08,1.86961e+14,0,profile_only
L2_final_branch_th16,ad6bb15,W2,16,407,1,0.806606,-4.05,1.72,-0.408714,-4.05,1.72,-0.408714,0,0,0,54621,5.37021e+08,1.87927e+14,0,profile_only
L2_final_branch_th16,ad6bb15,W2,16,408,1,0.878526,-4.1,1.77,-0.458714,-4.1,1.77,-0.458714,0,0,0,54621,5.352e+08,1.90602e+14,0,profile_only
L2_final_branch_th16,ad6bb15,W2,16,409,1,0.823856,-3.75,1.57,-0.458714,-3.75,1.57,-0.458714,0,0,0,54621,5.97972e+08,1.90516e+14,0,profile_only
L2_final_branch_th16,ad6bb15,W2,16,410,1,0.80801,-3.65,1.52,-0.508714,-3.65,1.52,-0.508714,0,0,0,54621,5.11166e+08,1.91113e+14,0,profile_only
L2_final_branch_th16,ad6bb15,W2,16,411,1,0.771334,-3.4,1.37,-0.508714,-3.4,1.37,-0.508714,0,0,0,54621,5.03712e+08,1.90946e+14,0,profile_only
L2_final_branch_th16,ad6bb15,W2,16,412,1,0.778995,-3.25,1.27,-0.558714,-3.25,1.27,-0.558714,0,0,0,54621,5.17919e+08,1.90233e+14,0,profile_only
L2_final_branch_th16,ad6bb15,W2,16,413,1,0.796383,-3.35,1.27,-0.608714,-3.35,1.27,-0.608714,0,0,0,54621,5.49334e+08,1.89534e+14,0,profile_only
L2_final_branch_th16,ad6bb15,W2,16,414,1,0.836912,-3.2,1.17,-0.608714,-3.2,1.17,-0.608714,0,0,0,54621,5.42724e+08,1.88652e+14,0,profile_only
L2_final_branch_th16,ad6bb15,W2,16,415,1,0.808866,-3.1,1.12,-0.658714,-3.1,1.12,-0.658714,0,0,0,54621,5.10978e+08,1.87783e+14,0,profile_only
L2_final_branch_th16,ad6bb15,W2,16,416,1,0.858559,-2.95,0.97,-0.658714,-2.95,0.97,-0.658714,0,0,0,54621,6.04877e+08,1.86512e+14,0,profile_only
L2_final_branch_th16,ad6bb15,W2,16,417,1,0.852109,-2.85,0.87,-0.658714,-2.85,0.87,-0.658714,0,0,0,54621,5.9957e+08,1.83869e+14,0,profile_only
L2_final_branch_th16,ad6bb15,W2,16,418,1,0.774254,-2.65,0.72,-0.658714,-2.65,0.72,-0.658714,0,0,0,54621,5.20664e+08,1.82049e+14,0,profile_only
L2_final_branch_th16,ad6bb15,W2,16,419,1,0.738303,-2.55,0.62,-0.658714,-2.55,0.62,-0.658714,0,0,0,54621,5.45781e+08,1.80467e+14,0,profile_only
L2_final_branch_th16,ad6bb15,W2,16,420,1,0.722751,-2.45,0.57,-0.708714,-2.45,0.57,-0.708714,0,0,0,54621,5.25145e+08,1.79417e+14,0,profile_only
L2_final_branch_th16,ad6bb15,W2,16,421,1,0.782384,-2.25,0.37,-0.658714,-2.25,0.37,-0.658714,0,0,0,54621,5.83571e+08,1.77238e+14,0,profile_only
L2_final_branch_th16,ad6bb15,W2,16,422,1,0.856005,-2.1,0.27,-0.608714,-2.1,0.27,-0.608714,0,0,0,54621,6.91675e+08,1.72879e+14,0,profile_only
L2_final_branch_th16,ad6bb15,W2,16,423,1,0.839546,-1.95,0.22,-0.558714,-1.95,0.22,-0.558714,0,0,0,54621,7.01723e+08,1.70287e+14,0,profile_only
L2_final_branch_th16,ad6bb15,W2,16,424,1,0.88347,-1.85,0.17,-0.508714,-1.85,0.17,-0.508714,0,0,0,54621,6.94016e+08,1.68723e+14,0,profile_only
L2_final_branch_th16,ad6bb15,W2,16,425,1,0.820471,-1.65,0.07,-0.408714,-1.65,0.07,-0.408714,0,0,0,54621,7.34045e+08,1.67182e+14,0,profile_only
L2_final_branch_th16,ad6bb15,W2,16,426,1,0.762384,-1.45,0.02,-0.308714,-1.45,0.02,-0.308714,0,0,0,54621,5.96926e+08,1.65513e+14,0,profile_only
L2_final_branch_th16,ad6bb15,W2,16,427,1,0.826047,-1.35,0.02,-0.258714,-1.35,0.02,-0.258714,0,0,0,54621,6.26859e+08,1.64902e+14,0,profile_only
L2_final_branch_th16,ad6bb15,W2,16,428,1,0.755111,-1.15,-0.03,-0.208714,-1.15,-0.03,-0.208714,0,0,0,54621,5.94242e+08,1.65105e+14,0,profile_only
L2_final_branch_th16,ad6bb15,W2,16,429,1,0.740382,-1,-0.03,-0.208714,-1,-0.03,-0.208714,0,0,0,54621,5.70438e+08,1.64185e+14,0,profile_only
L2_final_branch_th16,ad6bb15,W2,16,430,1,0.835617,-0.8,-0.08,-0.158714,-0.8,-0.08,-0.158714,0,0,0,54621,5.82111e+08,1.63293e+14,0,profile_only
L2_final_branch_th16,ad6bb15,W2,16,431,1,0.701391,-0.6,-0.13,-0.158714,-0.6,-0.13,-0.158714,0,0,0,54621,4.59146e+08,1.62312e+14,0,profile_only
L2_final_branch_th16,ad6bb15,W2,16,432,1,0.711168,-0.4,-0.13,-0.158714,-0.4,-0.13,-0.158714,0,0,0,54621,3.67247e+08,1.60604e+14,0,profile_only
L2_final_branch_th16,ad6bb15,W2,16,433,1,0.714215,-0.2,-0.13,-0.108714,-0.2,-0.13,-0.108714,0,0,0,54621,4.26294e+08,1.59239e+14,0,profile_only
L2_final_branch_th16,ad6bb15,W2,16,434,1,0.800551,1.41553e-14,-0.18,-0.108714,1.41553e-14,-0.18,-0.108714,0,0,0,54621,4.41237e+08,1.59127e+14,0,profile_only
L2_final_branch_th16,ad6bb15,W2,16,435,1,0.837783,0.15,-0.18,-0.108714,0.15,-0.18,-0.108714,0,0,0,54621,3.44114e+08,1.57043e+14,0,profile_only
L2_final_branch_th16,ad6bb15,W2,16,436,1,0.719755,0.35,-0.23,-0.108714,0.35,-0.23,-0.108714,0,0,0,54621,3.50181e+08,1.56323e+14,0,profile_only
L2_final_branch_th16,ad6bb15,W2,16,437,1,0.697836,0.5,-0.23,-0.0587136,0.5,-0.23,-0.0587136,0,0,0,54621,5.8324e+08,1.53537e+14,0,profile_only
L2_final_branch_th16,ad6bb15,W2,16,438,1,0.766135,0.75,-0.23,-0.0587136,0.75,-0.23,-0.0587136,0,0,0,54621,5.57958e+08,1.53974e+14,0,profile_only
L2_final_branch_th16,ad6bb15,W2,16,439,1,0.870748,0.9,-0.23,-0.0587136,0.9,-0.23,-0.0587136,0,0,0,54621,5.88151e+08,1.51653e+14,0,profile_only
L2_final_branch_th16,ad6bb15,W2,16,440,1,0.732608,1.05,-0.23,-0.00871357,1.05,-0.23,-0.00871357,0,0,0,54621,6.71773e+08,1.50247e+14,0,profile_only
L2_final_branch_th16,ad6bb15,W2,16,441,1,0.717912,1.2,-0.23,-0.00871357,1.2,-0.23,-0.00871357,0,0,0,54621,6.22715e+08,1.50114e+14,0,profile_only
L2_final_branch_th16,ad6bb15,W2,16,442,1,0.831188,1.35,-0.23,0.0412864,1.35,-0.23,0.0412864,0,0,0,54621,6.43869e+08,1.48572e+14,0,profile_only
L2_final_branch_th16,ad6bb15,W2,16,443,1,0.831046,1.5,-0.18,0.0912864,1.5,-0.18,0.0912864,0,0,0,54621,6.97323e+08,1.48242e+14,0,profile_only
L2_final_branch_th16,ad6bb15,W2,16,444,1,0.784709,1.65,-0.18,0.141286,1.65,-0.18,0.141286,0,0,0,54621,6.81245e+08,1.48249e+14,0,profile_only
L2_final_branch_th16,ad6bb15,W2,16,445,1,0.878638,1.75,-0.13,0.191286,1.75,-0.13,0.191286,0,0,0,54621,7.13215e+08,1.47177e+14,0,profile_only
L2_final_branch_th16,ad6bb15,W2,16,446,1,0.909158,1.9,-0.08,0.291286,1.9,-0.08,0.291286,0,0,0,54621,7.18326e+08,1.47716e+14,0,profile_only
L2_final_branch_th16,ad6bb15,W2,16,447,1,0.879621,1.95,-0.03,0.341286,1.95,-0.03,0.341286,0,0,0,54621,6.41123e+08,1.47886e+14,0,profile_only
L2_final_branch_th16,ad6bb15,W2,16,448,1,0.799209,2.1,0.07,0.441286,2.1,0.07,0.441286,0,0,0,54621,7.14656e+08,1.48642e+14,0,profile_only
L2_final_branch_th16,ad6bb15,W2,16,449,1,0.809574,2.2,0.12,0.541286,2.2,0.12,0.541286,0,0,0,54621,7.36443e+08,1.49075e+14,0,profile_only
L2_final_branch_th16,ad6bb15,W2,16,450,1,0.869308,2.25,0.17,0.641286,2.25,0.17,0.641286,0,0,0,54621,6.92392e+08,1.49741e+14,0,profile_only
L2_final_branch_th16,ad6bb15,W2,16,451,1,0.890385,2.35,0.32,0.741286,2.35,0.32,0.741286,0,0,0,54621,6.90614e+08,1.50958e+14,0,profile_only
L2_final_branch_th16,ad6bb15,W2,16,452,1,0.888882,2.45,0.42,0.841286,2.45,0.42,0.841286,0,0,0,54621,6.6771e+08,1.51922e+14,0,profile_only
L2_final_branch_th16,ad6bb15,W2,16,453,1,0.88297,2.5,0.52,0.891286,2.5,0.52,0.891286,0,0,0,54621,6.71504e+08,1.52116e+14,0,profile_only
L2_final_branch_th16,ad6bb15,W2,16,454,1,0.808235,2.6,0.67,0.991286,2.6,0.67,0.991286,0,0,0,54621,6.60378e+08,1.52144e+14,0,profile_only
L2_final_branch_th16,ad6bb15,W2,16,455,1,0.819452,2.65,0.77,1.04129,2.65,0.77,1.04129,0,0,0,54621,6.21572e+08,1.51824e+14,0,profile_only
L2_final_branch_th16,ad6bb15,W2,16,456,1,0.877231,2.7,0.87,1.09129,2.7,0.87,1.09129,0,0,0,54621,5.87361e+08,1.51725e+14,0,profile_only
L2_final_branch_th16,ad6bb15,W2,16,457,1,0.828329,2.75,1.02,1.14129,2.75,1.02,1.14129,0,0,0,54621,6.75264e+08,1.51067e+14,0,profile_only
L2_final_branch_th16,ad6bb15,W2,16,458,1,0.80324,2.85,1.22,1.24129,2.85,1.22,1.24129,0,0,0,54621,7.08233e+08,1.50263e+14,0,profile_only
L2_final_branch_th16,ad6bb15,W2,16,459,1,0.818549,2.85,1.32,1.29129,2.85,1.32,1.29129,0,0,0,54621,6.02661e+08,1.49252e+14,0,profile_only
L2_final_branch_th16,ad6bb15,W2,16,460,1,0.80172,2.85,1.47,1.34129,2.85,1.47,1.34129,0,0,0,54621,6.89952e+08,1.48769e+14,0,profile_only
L2_final_branch_th16,ad6bb15,W2,16,461,1,0.84202,2.85,1.57,1.39129,2.85,1.57,1.39129,0,0,0,54621,6.29246e+08,1.48894e+14,0,profile_only
L2_final_branch_th16,ad6bb15,W2,16,462,1,0.798324,2.85,1.72,1.44129,2.85,1.72,1.44129,0,0,0,54621,6.04765e+08,1.48077e+14,0,profile_only
L2_final_branch_th16,ad6bb15,W2,16,463,1,0.761644,2.9,1.92,1.54129,2.9,1.92,1.54129,0,0,0,54621,6.83526e+08,1.46725e+14,0,profile_only
L2_final_branch_th16,ad6bb15,W2,16,464,1,0.823221,2.85,1.97,1.54129,2.85,1.97,1.54129,0,0,0,54621,5.73629e+08,1.46109e+14,0,profile_only
L2_final_branch_th16,ad6bb15,W2,16,465,1,0.756921,2.85,2.17,1.59129,2.85,2.17,1.59129,0,0,0,54621,6.35429e+08,1.44786e+14,0,profile_only
L2_final_branch_th16,ad6bb15,W2,16,466,1,0.819176,2.85,2.27,1.64129,2.85,2.27,1.64129,0,0,0,54621,5.98292e+08,1.44214e+14,0,profile_only
L2_final_branch_th16,ad6bb15,W2,16,467,1,0.758862,2.85,2.47,1.69129,2.85,2.47,1.69129,0,0,0,54621,6.25688e+08,1.4219e+14,0,profile_only
L2_final_branch_th16,ad6bb15,W2,16,468,1,0.842067,2.8,2.62,1.69129,2.8,2.62,1.69129,0,0,0,54621,5.43887e+08,1.40465e+14,0,profile_only
L2_final_branch_th16,ad6bb15,W2,16,469,1,0.840402,2.8,2.72,1.69129,2.8,2.72,1.69129,0,0,0,54621,4.99619e+08,1.40172e+14,0,profile_only
L2_final_branch_th16,ad6bb15,W2,16,470,1,0.884457,2.75,2.92,1.69129,2.75,2.92,1.69129,0,0,0,54621,5.43676e+08,1.40251e+14,0,profile_only
L2_final_branch_th16,ad6bb15,W2,16,471,1,0.780008,2.75,3.07,1.69129,2.75,3.07,1.69129,0,0,0,54621,6.37173e+08,1.4156e+14,0,profile_only
L2_final_branch_th16,ad6bb15,W2,16,472,1,0.773253,2.7,3.17,1.69129,2.7,3.17,1.69129,0,0,0,54621,6.72509e+08,1.41819e+14,0,profile_only
L2_final_branch_th16,ad6bb15,W2,16,473,1,0.828028,2.6,3.47,1.74129,2.6,3.47,1.74129,0,0,0,54621,6.56068e+08,1.43508e+14,0,profile_only
L2_final_branch_th16,ad6bb15,W2,16,474,1,0.873951,2.65,3.52,1.74129,2.65,3.52,1.74129,0,0,0,54621,6.43798e+08,1.45225e+14,0,profile_only
L2_final_branch_th16,ad6bb15,W2,16,475,1,0.805652,2.55,3.72,1.79129,2.55,3.72,1.79129,0,0,0,54621,6.29632e+08,1.44523e+14,0,profile_only
L2_final_branch_th16,ad6bb15,W2,16,476,1,0.85426,2.6,3.72,1.79129,2.6,3.72,1.79129,0,0,0,54621,6.28812e+08,1.45511e+14,0,profile_only
L2_final_branch_th16,ad6bb15,W2,16,477,1,0.84896,2.45,3.97,1.84129,2.45,3.97,1.84129,0,0,0,54621,6.88604e+08,1.44741e+14,0,profile_only
L2_final_branch_th16,ad6bb15,W2,16,478,1,0.850719,2.55,3.97,1.84129,2.55,3.97,1.84129,0,0,0,54621,6.61192e+08,1.46004e+14,0,profile_only
L2_final_branch_th16,ad6bb15,W2,16,479,1,0.910149,2.45,4.12,1.89129,2.45,4.12,1.89129,0,0,0,54621,7.03718e+08,1.45277e+14,0,profile_only
L2_final_branch_th16,ad6bb15,W2,16,480,1,0.779108,2.35,4.27,1.94129,2.35,4.27,1.94129,0,0,0,54621,6.77356e+08,1.47044e+14,0,profile_only
L2_final_branch_th16,ad6bb15,W2,16,481,1,0.8778,2.45,4.27,1.94129,2.45,4.27,1.94129,0,0,0,54621,6.39022e+08,1.48912e+14,0,profile_only
L2_final_branch_th16,ad6bb15,W2,16,482,1,0.950924,2.35,4.42,1.99129,2.35,4.42,1.99129,0,0,0,54621,6.4649e+08,1.47746e+14,0,profile_only
L2_final_branch_th16,ad6bb15,W2,16,483,1,0.950377,2.25,4.57,2.04129,2.25,4.57,2.04129,0,0,0,54621,6.57275e+08,1.49271e+14,0,profile_only
L2_final_branch_th16,ad6bb15,W2,16,484,1,0.873085,2.2,4.67,2.09129,2.2,4.67,2.09129,0,0,0,54621,6.49603e+08,1.50131e+14,0,profile_only
L2_final_branch_th16,ad6bb15,W2,16,485,1,0.912086,2.15,4.77,2.14129,2.15,4.77,2.14129,0,0,0,54621,6.43103e+08,1.50543e+14,0,profile_only
L2_final_branch_th16,ad6bb15,W2,16,486,1,0.867516,2.05,4.87,2.19129,2.05,4.87,2.19129,0,0,0,54621,6.37968e+08,1.5056e+14,0,profile_only
L2_final_branch_th16,ad6bb15,W2,16,487,1,0.911328,2,4.92,2.24129,2,4.92,2.24129,0,0,0,54621,6.80879e+08,1.5117e+14,0,profile_only
L2_final_branch_th16,ad6bb15,W2,16,488,1,0.862538,1.85,5.07,2.34129,1.85,5.07,2.34129,0,0,0,54621,6.90263e+08,1.51642e+14,0,profile_only
L2_final_branch_th16,ad6bb15,W2,16,489,1,0.877702,1.8,5.12,2.39129,1.8,5.12,2.39129,0,0,0,54621,6.59542e+08,1.52564e+14,0,profile_only
L2_final_branch_th16,ad6bb15,W2,16,490,1,0.889971,1.7,5.17,2.44129,1.7,5.17,2.44129,0,0,0,54621,6.61011e+08,1.52866e+14,0,profile_only
L2_final_branch_th16,ad6bb15,W2,16,491,1,0.842981,1.7,5.17,2.49129,1.7,5.17,2.49129,0,0,0,54621,7.19121e+08,1.53839e+14,0,profile_only
L2_final_branch_th16,ad6bb15,W2,16,492,1,0.88347,1.4,5.37,2.59129,1.4,5.37,2.59129,0,0,0,54621,7.07131e+08,1.53923e+14,0,profile_only
L2_final_branch_th16,ad6bb15,W2,16,493,1,0.846402,1.35,5.37,2.64129,1.35,5.37,2.64129,0,0,0,54621,6.43779e+08,1.55951e+14,0,profile_only
L2_final_branch_th16,ad6bb15,W2,16,494,1,0.858769,1.15,5.47,2.69129,1.15,5.47,2.69129,0,0,0,54621,6.37261e+08,1.56748e+14,0,profile_only
L2_final_branch_th16,ad6bb15,W2,16,495,1,0.882146,1,5.52,2.74129,1,5.52,2.74129,0,0,0,54621,6.46163e+08,1.57846e+14,0,profile_only
L2_final_branch_th16,ad6bb15,W2,16,496,1,0.854906,0.85,5.57,2.79129,0.85,5.57,2.79129,0,0,0,54621,6.39785e+08,1.59056e+14,0,profile_only
L2_final_branch_th16,ad6bb15,W2,16,497,1,0.851706,0.8,5.57,2.79129,0.8,5.57,2.79129,0,0,0,54621,6.18163e+08,1.60532e+14,0,profile_only
L2_final_branch_th16,ad6bb15,W2,16,498,1,0.926394,0.55,5.67,2.84129,0.55,5.67,2.84129,0,0,0,54621,6.56602e+08,1.60963e+14,0,profile_only
L2_final_branch_th16,ad6bb15,W2,16,499,1,0.866866,0.4,5.72,2.84129,0.4,5.72,2.84129,0,0,0,54621,5.82434e+08,1.62557e+14,0,profile_only
L2_final_branch_th16,ad6bb15,W2,16,500,1,0.853904,0.3,5.72,2.84129,0.3,5.72,2.84129,0,0,0,54621,6.00718e+08,1.62761e+14,0,profile_only
L2_final_branch_th16,ad6bb15,W2,16,501,1,0.876004,0.05,5.82,2.89129,0.05,5.82,2.89129,0,0,0,54621,5.42344e+08,1.63346e+14,0,profile_only
L2_final_branch_th16,ad6bb15,W2,16,502,1,0.914527,-0.15,5.87,2.89129,-0.15,5.87,2.89129,0,0,0,54621,5.53347e+08,1.64041e+14,0,profile_only
L2_final_branch_th16,ad6bb15,W2,16,503,1,0.946796,-0.35,5.92,2.89129,-0.35,5.92,2.89129,0,0,0,54621,5.59998e+08,1.64507e+14,0,profile_only
L2_final_branch_th16,ad6bb15,W2,16,504,1,0.93543,-0.4,5.92,2.89129,-0.4,5.92,2.89129,0,0,0,54621,5.7008e+08,1.64678e+14,0,profile_only
L2_final_branch_th16,ad6bb15,W2,16,505,1,0.930192,-0.6,5.97,2.89129,-0.6,5.97,2.89129,0,0,0,54621,5.31281e+08,1.64166e+14,0,profile_only
L2_final_branch_th16,ad6bb15,W2,16,506,1,0.931534,-0.8,6.02,2.89129,-0.8,6.02,2.89129,0,0,0,54621,6.37009e+08,1.63049e+14,0,profile_only
L2_final_branch_th16,ad6bb15,W2,16,507,1,0.908302,-0.95,6.07,2.89129,-0.95,6.07,2.89129,0,0,0,54621,6.60388e+08,1.61865e+14,0,profile_only
L2_final_branch_th16,ad6bb15,W2,16,508,1,0.903049,-1.05,6.07,2.89129,-1.05,6.07,2.89129,0,0,0,54621,6.57647e+08,1.60797e+14,0,profile_only
L2_final_branch_th16,ad6bb15,W2,16,509,1,0.87833,-1.35,6.17,2.94129,-1.35,6.17,2.94129,0,0,0,54621,5.99331e+08,1.60574e+14,0,profile_only
L2_final_branch_th16,ad6bb15,W2,16,510,1,0.883634,-1.4,6.17,2.94129,-1.4,6.17,2.94129,0,0,0,54621,5.08655e+08,1.59759e+14,0,profile_only
L2_final_branch_th16,ad6bb15,W2,16,511,1,0.915351,-1.6,6.22,2.94129,-1.6,6.22,2.94129,0,0,0,54621,4.5207e+08,1.60509e+14,0,profile_only
L2_final_branch_th16,ad6bb15,W2,16,512,1,0.846355,-1.7,6.22,2.94129,-1.7,6.22,2.94129,0,0,0,54621,1.77146e+08,1.60225e+14,0,profile_only
L2_final_branch_th16,ad6bb15,W2,16,513,1,0.912296,-1.9,6.27,2.94129,-1.9,6.27,2.94129,0,0,0,54621,4.82219e+08,1.61406e+14,0,profile_only
L2_final_branch_th16,ad6bb15,W2,16,514,1,0.841987,-1.95,6.27,2.94129,-1.95,6.27,2.94129,0,0,0,54621,2.57618e+08,1.60762e+14,0,profile_only
L2_final_branch_th16,ad6bb15,W2,16,515,1,0.874981,-2.15,6.32,2.99129,-2.15,6.32,2.99129,0,0,0,54621,4.11613e+08,1.61629e+14,0,profile_only
L2_final_branch_th16,ad6bb15,W2,16,516,1,0.87246,-2.25,6.32,2.99129,-2.25,6.32,2.99129,0,0,0,54621,2.36133e+08,1.62508e+14,0,profile_only
L2_final_branch_th16,ad6bb15,W2,16,517,1,0.835359,-2.4,6.37,3.04129,-2.4,6.37,3.04129,0,0,0,54621,3.00185e+08,1.63034e+14,0,profile_only
L2_final_branch_th16,ad6bb15,W2,16,518,1,0.873951,-2.6,6.37,3.09129,-2.6,6.37,3.09129,0,0,0,54621,2.93872e+08,1.64027e+14,0,profile_only
L2_final_branch_th16,ad6bb15,W2,16,519,1,0.898246,-2.7,6.37,3.09129,-2.7,6.37,3.09129,0,0,0,54621,4.29941e+08,1.65552e+14,0,profile_only
L2_final_branch_th16,ad6bb15,W2,16,520,1,0.900201,-2.8,6.37,3.09129,-2.8,6.37,3.09129,0,0,0,54621,4.70358e+08,1.66005e+14,0,profile_only
L2_final_branch_th16,ad6bb15,W2,16,521,1,0.912797,-3,6.37,3.14129,-3,6.37,3.14129,0,0,0,54621,5.27066e+08,1.66753e+14,0,profile_only
L2_final_branch_th16,ad6bb15,W2,16,522,1,0.889387,-3.2,6.37,3.14129,-3.2,6.37,3.14129,0,0,0,54621,4.86306e+08,1.68355e+14,0,profile_only
L2_final_branch_th16,ad6bb15,W2,16,523,1,0.871038,-3.3,6.37,3.14129,-3.3,6.37,3.14129,0,0,0,54621,4.52286e+08,1.67375e+14,0,profile_only
L2_final_branch_th16,ad6bb15,W2,16,524,1,0.864603,-3.45,6.37,3.14129,-3.45,6.37,3.14129,0,0,0,54621,5.28452e+08,1.66956e+14,0,profile_only
L2_final_branch_th16,ad6bb15,W2,16,525,1,0.8449,-3.65,6.37,-3.0919,-3.65,6.37,-3.0919,0,0,0,54621,5.10025e+08,1.65776e+14,0,profile_only
L2_final_branch_th16,ad6bb15,W2,16,526,1,0.827549,-3.8,6.37,3.14129,-3.8,6.37,3.14129,0,0,0,54621,4.43113e+08,1.64829e+14,0,profile_only
L2_final_branch_th16,ad6bb15,W2,16,527,1,0.871767,-3.95,6.37,3.14129,-3.95,6.37,3.14129,0,0,0,54621,4.48015e+08,1.62128e+14,0,profile_only
L2_final_branch_th16,ad6bb15,W2,16,528,1,0.805159,-4.05,6.42,3.14129,-4.05,6.42,3.14129,0,0,0,54621,7.5485e+08,1.6034e+14,0,profile_only
L2_final_branch_th16,ad6bb15,W2,16,529,1,0.798651,-4.3,6.37,3.09129,-4.3,6.37,3.09129,0,0,0,54621,5.85755e+08,1.57616e+14,0,profile_only
L2_final_branch_th16,ad6bb15,W2,16,530,1,0.863358,-4.4,6.42,3.09129,-4.4,6.42,3.09129,0,0,0,54621,8.29599e+08,1.54096e+14,0,profile_only
L2_final_branch_th16,ad6bb15,W2,16,531,1,0.763897,-4.6,6.37,3.04129,-4.6,6.37,3.04129,0,0,0,54621,5.80647e+08,1.50701e+14,0,profile_only
L2_final_branch_th16,ad6bb15,W2,16,532,1,0.835976,-4.7,6.42,3.04129,-4.7,6.42,3.04129,0,0,0,54621,6.51962e+08,1.48281e+14,0,profile_only
L2_final_branch_th16,ad6bb15,W2,16,533,1,0.794497,-4.9,6.42,2.99129,-4.9,6.42,2.99129,0,0,0,54621,5.25935e+08,1.46261e+14,0,profile_only
L2_final_branch_th16,ad6bb15,W2,16,534,1,0.81142,-5.05,6.47,2.94129,-5.05,6.47,2.94129,0,0,0,54621,5.67349e+08,1.43328e+14,0,profile_only
L2_final_branch_th16,ad6bb15,W2,16,535,1,0.85151,-5.15,6.57,2.94129,-5.15,6.57,2.94129,0,0,0,54621,5.48623e+08,1.40233e+14,0,profile_only
L2_final_branch_th16,ad6bb15,W2,16,536,1,0.884635,-5.3,6.57,2.84129,-5.3,6.57,2.84129,0,0,0,54621,5.04413e+08,1.36474e+14,0,profile_only
L2_final_branch_th16,ad6bb15,W2,16,537,1,0.901384,-5.4,6.62,2.79129,-5.4,6.62,2.79129,0,0,0,54621,6.5001e+08,1.34202e+14,0,profile_only
L2_final_branch_th16,ad6bb15,W2,16,538,1,0.906492,-5.5,6.67,2.69129,-5.5,6.67,2.69129,0,0,0,54621,6.65874e+08,1.30938e+14,0,profile_only
L2_final_branch_th16,ad6bb15,W2,16,539,1,0.872685,-5.6,6.82,2.64129,-5.6,6.82,2.64129,0,0,0,54621,6.42961e+08,1.28581e+14,0,profile_only
L2_final_branch_th16,ad6bb15,W2,16,540,1,0.919537,-5.7,6.87,2.54129,-5.7,6.87,2.54129,0,0,0,54621,4.63897e+08,1.237e+14,0,profile_only
L2_final_branch_th16,ad6bb15,W2,16,541,1,0.901253,-5.8,6.97,2.44129,-5.8,6.97,2.44129,0,0,0,54621,4.51182e+08,1.20674e+14,0,profile_only
L2_final_branch_th16,ad6bb15,W2,16,542,1,0.860271,-5.85,7.02,2.34129,-5.85,7.02,2.34129,0,0,0,54621,7.42842e+08,1.17378e+14,0,profile_only
L2_final_branch_th16,ad6bb15,W2,16,543,1,0.844733,-5.9,7.17,2.29129,-5.9,7.17,2.29129,0,0,0,54621,7.00393e+08,1.15287e+14,0,profile_only
L2_final_branch_th16,ad6bb15,W2,16,544,1,0.861483,-6,7.32,2.24129,-6,7.32,2.24129,0,0,0,54621,5.00448e+08,1.12067e+14,0,profile_only
L2_final_branch_th16,ad6bb15,W2,16,545,1,0.890987,-6.05,7.37,2.14129,-6.05,7.37,2.14129,0,0,0,54621,5.22347e+08,1.08597e+14,0,profile_only
L2_final_branch_th16,ad6bb15,W2,16,546,1,0.869242,-6.1,7.47,2.09129,-6.1,7.47,2.09129,0,0,0,54621,5.45329e+08,1.08282e+14,0,profile_only
L2_final_branch_th16,ad6bb15,W2,16,547,1,0.86396,-6.2,7.67,2.14129,-6.2,7.67,2.14129,0,0,0,54621,5.90993e+08,1.0687e+14,0,profile_only
L2_final_branch_th16,ad6bb15,W2,16,548,1,0.883826,-6.25,7.72,2.09129,-6.25,7.72,2.09129,0,0,0,54621,4.99409e+08,1.02171e+14,0,profile_only
L2_final_branch_th16,ad6bb15,W2,16,549,1,0.900056,-6.3,7.82,2.09129,-6.3,7.82,2.09129,0,0,0,54621,5.26149e+08,1.01393e+14,0,profile_only
L2_final_branch_th16,ad6bb15,W2,16,550,1,0.888691,-6.35,7.92,2.09129,-6.35,7.92,2.09129,0,0,0,54621,5.9677e+08,9.95745e+13,0,profile_only
L2_final_branch_th16,ad6bb15,W2,16,551,1,0.849312,-6.4,7.97,2.09129,-6.4,7.97,2.09129,0,0,0,54621,5.71599e+08,9.77287e+13,0,profile_only
L2_final_branch_th16,ad6bb15,W2,16,552,1,0.932423,-6.45,8.07,2.14129,-6.45,8.07,2.14129,0,0,0,54621,5.7992e+08,9.65344e+13,0,profile_only
L2_final_branch_th16,ad6bb15,W2,16,553,1,0.868778,-6.55,8.17,2.19129,-6.55,8.17,2.19129,0,0,0,54621,6.02869e+08,9.43272e+13,0,profile_only
L2_final_branch_th16,ad6bb15,W2,16,554,1,0.938372,-6.6,8.27,2.19129,-6.6,8.27,2.19129,0,0,0,54621,5.29762e+08,9.17812e+13,0,profile_only
L2_final_branch_th16,ad6bb15,W2,16,555,1,0.893494,-6.65,8.32,2.24129,-6.65,8.32,2.24129,0,0,0,54621,5.76997e+08,8.98135e+13,0,profile_only
L2_final_branch_th16,ad6bb15,W2,16,556,1,0.938695,-6.75,8.42,2.29129,-6.75,8.42,2.29129,0,0,0,54621,6.81443e+08,8.85189e+13,0,profile_only
L2_final_branch_th16,ad6bb15,W2,16,557,1,0.913054,-6.8,8.47,2.34129,-6.8,8.47,2.34129,0,0,0,54621,6.64091e+08,8.5954e+13,0,profile_only
L2_final_branch_th16,ad6bb15,W2,16,558,1,0.943578,-6.95,8.57,2.44129,-6.95,8.57,2.44129,0,0,0,54621,8.19127e+08,8.49374e+13,0,profile_only
L2_final_branch_th16,ad6bb15,W2,16,559,1,0.925697,-7.05,8.62,2.54129,-7.05,8.62,2.54129,0,0,0,54621,6.11948e+08,8.2606e+13,0,profile_only
L2_final_branch_th16,ad6bb15,W2,16,560,1,0.888451,-7.15,8.67,2.59129,-7.15,8.67,2.59129,0,0,0,54621,5.59479e+08,8.16076e+13,0,profile_only
L2_final_branch_th16,ad6bb15,W2,16,561,1,0.847146,-7.3,8.72,2.69129,-7.3,8.72,2.69129,0,0,0,54621,5.84577e+08,8.00784e+13,0,profile_only
L2_final_branch_th16,ad6bb15,W2,16,562,1,0.888418,-7.35,8.72,2.74129,-7.35,8.72,2.74129,0,0,0,54621,5.52414e+08,7.83832e+13,0,profile_only
L2_final_branch_th16,ad6bb15,W2,16,563,1,0.78172,-7.5,8.77,2.84129,-7.5,8.77,2.84129,0,0,0,54621,5.33174e+08,7.755e+13,0,profile_only
L2_final_branch_th16,ad6bb15,W2,16,564,1,0.814554,-7.6,8.77,2.89129,-7.6,8.77,2.89129,0,0,0,54621,5.45271e+08,7.60113e+13,0,profile_only
L2_final_branch_th16,ad6bb15,W2,16,565,1,0.891085,-7.75,8.77,2.99129,-7.75,8.77,2.99129,0,0,0,54621,4.92291e+08,7.51217e+13,0,profile_only
L2_final_branch_th16,ad6bb15,W2,16,566,1,0.89267,-7.85,8.77,3.04129,-7.85,8.77,3.04129,0,0,0,54621,5.31151e+08,7.46583e+13,0,profile_only
L2_final_branch_th16,ad6bb15,W2,16,567,1,0.896566,-7.95,8.77,3.09129,-7.95,8.77,3.09129,0,0,0,54621,5.49483e+08,7.42495e+13,0,profile_only
L2_final_branch_th16,ad6bb15,W2,16,568,1,0.785083,-8.05,8.77,3.14129,-8.05,8.77,3.14129,0,0,0,54621,6.03728e+08,7.39537e+13,0,profile_only
L2_final_branch_th16,ad6bb15,W2,16,569,1,0.846355,-8.25,8.77,-3.0919,-8.25,8.77,-3.0919,0,0,0,54621,6.10739e+08,7.38118e+13,0,profile_only
L2_final_branch_th16,ad6bb15,W2,16,570,1,0.797584,-8.35,8.72,-3.0919,-8.35,8.72,-3.0919,0,0,0,54621,5.2744e+08,7.27214e+13,0,profile_only
L2_final_branch_th16,ad6bb15,W2,16,571,1,0.776532,-8.45,8.72,-3.0419,-8.45,8.72,-3.0419,0,0,0,54621,6.39069e+08,7.23398e+13,0,profile_only
L2_final_branch_th16,ad6bb15,W2,16,572,1,0.881468,-8.55,8.72,-3.0419,-8.55,8.72,-3.0419,0,0,0,54621,5.52519e+08,7.23352e+13,0,profile_only
L2_final_branch_th16,ad6bb15,W2,16,573,1,0.762439,-8.6,8.67,-3.0419,-8.6,8.67,-3.0419,0,0,0,54621,5.12791e+08,7.15907e+13,0,profile_only
L2_final_branch_th16,ad6bb15,W2,16,574,1,0.885251,-8.75,8.67,-2.9919,-8.75,8.67,-2.9919,0,0,0,54621,5.91374e+08,7.18003e+13,0,profile_only
L2_final_branch_th16,ad6bb15,W2,16,575,1,0.761339,-8.9,8.67,-2.9419,-8.9,8.67,-2.9419,0,0,0,54621,5.16092e+08,7.17111e+13,0,profile_only
L2_final_branch_th16,ad6bb15,W2,16,576,1,0.854681,-8.95,8.62,-2.9419,-8.95,8.62,-2.9419,0,0,0,54621,5.14932e+08,7.15757e+13,0,profile_only
L2_final_branch_th16,ad6bb15,W2,16,577,1,0.73625,-9,8.57,-2.9419,-9,8.57,-2.9419,0,0,0,54621,5.16784e+08,7.19473e+13,0,profile_only
L2_final_branch_th16,ad6bb15,W2,16,578,1,0.877053,-9.15,8.57,-2.8919,-9.15,8.57,-2.8919,0,0,0,54621,6.41464e+08,7.26185e+13,0,profile_only
L2_final_branch_th16,ad6bb15,W2,16,579,1,0.752125,-9.25,8.57,-2.8419,-9.25,8.57,-2.8419,0,0,0,54621,5.72144e+08,7.23977e+13,0,profile_only
L2_final_branch_th16,ad6bb15,W2,16,580,1,0.801059,-9.35,8.52,-2.8419,-9.35,8.52,-2.8419,0,0,0,54621,5.72161e+08,7.2964e+13,0,profile_only
L2_final_branch_th16,ad6bb15,W2,16,581,1,0.856183,-9.45,8.47,-2.7919,-9.45,8.47,-2.7919,0,0,0,54621,6.02065e+08,7.34111e+13,0,profile_only
L2_final_branch_th16,ad6bb15,W2,16,582,1,0.815603,-9.55,8.42,-2.7419,-9.55,8.42,-2.7419,0,0,0,54621,5.46094e+08,7.49381e+13,0,profile_only
L2_final_branch_th16,ad6bb15,W2,16,583,1,0.801509,-9.7,8.32,-2.6919,-9.7,8.32,-2.6919,0,0,0,54621,5.76712e+08,7.7843e+13,0,profile_only
L2_final_branch_th16,ad6bb15,W2,16,584,1,0.746339,-9.85,8.22,-2.6419,-9.85,8.22,-2.6419,0,0,0,54621,6.47686e+08,8.03664e+13,0,profile_only
L2_final_branch_th16,ad6bb15,W2,16,585,1,0.824738,-9.9,8.22,-2.6419,-9.9,8.22,-2.6419,0,0,0,54621,6.04197e+08,8.239e+13,0,profile_only
L2_final_branch_th16,ad6bb15,W2,16,586,1,0.828945,-10.05,8.12,-2.5919,-10.05,8.12,-2.5919,0,0,0,54621,7.30856e+08,8.26191e+13,0,profile_only
L2_final_branch_th16,ad6bb15,W2,16,587,1,0.802282,-10.25,7.92,-2.4919,-10.25,7.92,-2.4919,0,0,0,54621,7.26492e+08,8.32831e+13,0,profile_only
L2_final_branch_th16,ad6bb15,W2,16,588,1,0.824814,-10.25,7.92,-2.4919,-10.25,7.92,-2.4919,0,0,0,54621,6.15808e+08,8.43682e+13,0,profile_only
L2_final_branch_th16,ad6bb15,W2,16,589,1,0.877239,-10.45,7.77,-2.3919,-10.45,7.77,-2.3919,0,0,0,54621,7.76013e+08,8.4357e+13,0,profile_only
L2_final_branch_th16,ad6bb15,W2,16,590,1,0.8869,-10.55,7.62,-2.3419,-10.55,7.62,-2.3419,0,0,0,54621,7.09363e+08,8.40648e+13,0,profile_only
L2_final_branch_th16,ad6bb15,W2,16,591,1,0.912338,-10.65,7.52,-2.2919,-10.65,7.52,-2.2919,0,0,0,54621,7.03118e+08,8.39662e+13,0,profile_only
L2_final_branch_th16,ad6bb15,W2,16,592,1,0.87937,-10.75,7.37,-2.2419,-10.75,7.37,-2.2419,0,0,0,54621,6.46743e+08,8.37105e+13,0,profile_only
L2_final_branch_th16,ad6bb15,W2,16,593,1,0.905257,-10.85,7.22,-2.1919,-10.85,7.22,-2.1919,0,0,0,54621,6.77564e+08,8.2947e+13,0,profile_only
L2_final_branch_th16,ad6bb15,W2,16,594,1,0.863263,-10.9,7.12,-2.1419,-10.9,7.12,-2.1419,0,0,0,54621,6.32309e+08,8.23199e+13,0,profile_only
L2_final_branch_th16,ad6bb15,W2,16,595,1,0.863863,-11,6.97,-2.0919,-11,6.97,-2.0919,0,0,0,54621,7.01918e+08,8.11521e+13,0,profile_only
L2_final_branch_th16,ad6bb15,W2,16,596,1,0.87238,-11.05,6.82,-2.0419,-11.05,6.82,-2.0419,0,0,0,54621,6.93337e+08,7.85567e+13,0,profile_only
L2_final_branch_th16,ad6bb15,W2,16,597,1,0.855631,-11.1,6.72,-1.9919,-11.1,6.72,-1.9919,0,0,0,54621,6.18334e+08,7.65544e+13,0,profile_only
L2_final_branch_th16,ad6bb15,W2,16,598,1,0.82506,-11.15,6.57,-1.9419,-11.15,6.57,-1.9419,0,0,0,54621,6.32177e+08,7.44619e+13,0,profile_only
L2_final_branch_th16,ad6bb15,W2,16,599,1,0.794217,-11.2,6.42,-1.8919,-11.2,6.42,-1.8919,0,0,0,54621,6.95484e+08,7.33067e+13,0,profile_only
L2_final_branch_th16,ad6bb15,W2,16,600,1,0.796775,-11.2,6.32,-1.8919,-11.2,6.32,-1.8919,0,0,0,54621,5.42986e+08,7.29749e+13,0,profile_only
L2_final_branch_th16,ad6bb15,W2,16,601,1,0.772683,-11.25,6.17,-1.7919,-11.25,6.17,-1.7919,0,0,0,54621,6.05329e+08,7.3972e+13,0,profile_only
L2_final_branch_th16,ad6bb15,W2,16,602,1,0.835962,-11.25,5.97,-1.7419,-11.25,5.97,-1.7419,0,0,0,54621,5.70601e+08,7.55276e+13,0,profile_only
L2_final_branch_th16,ad6bb15,W2,16,603,1,0.760158,-11.25,5.87,-1.7419,-11.25,5.87,-1.7419,0,0,0,54621,5.70398e+08,7.91121e+13,0,profile_only
L2_final_branch_th16,ad6bb15,W2,16,604,1,0.787856,-11.3,5.72,-1.6419,-11.3,5.72,-1.6419,0,0,0,54621,6.45831e+08,7.86278e+13,0,profile_only
L2_final_branch_th16,ad6bb15,W2,16,605,1,0.762296,-11.3,5.57,-1.5919,-11.3,5.57,-1.5919,0,0,0,54621,6.28119e+08,7.86861e+13,0,profile_only
L2_final_branch_th16,ad6bb15,W2,16,606,1,0.744697,-11.3,5.37,-1.5419,-11.3,5.37,-1.5419,0,0,0,54621,6.38973e+08,8.25278e+13,0,profile_only
L2_final_branch_th16,ad6bb15,W2,16,607,1,0.831095,-11.25,5.22,-1.4919,-11.25,5.22,-1.4919,0,0,0,54621,5.80469e+08,8.36864e+13,0,profile_only
L2_final_branch_th16,ad6bb15,W2,16,608,1,0.750663,-11.2,5.07,-1.4419,-11.2,5.07,-1.4419,0,0,0,54621,6.07805e+08,8.75994e+13,0,profile_only
L2_final_branch_th16,ad6bb15,W2,16,609,1,0.742472,-11.2,5.02,-1.3919,-11.2,5.02,-1.3919,0,0,0,54621,6.5937e+08,8.8009e+13,0,profile_only
L2_final_branch_th16,ad6bb15,W2,16,610,1,0.745986,-11.15,4.77,-1.2419,-11.15,4.77,-1.2419,0,0,0,54621,6.90955e+08,8.91244e+13,0,profile_only
L2_final_branch_th16,ad6bb15,W2,16,611,1,0.773893,-11.1,4.72,-1.1919,-11.1,4.72,-1.1919,0,0,0,54621,6.15415e+08,9.12747e+13,0,profile_only
L2_final_branch_th16,ad6bb15,W2,16,612,1,0.771449,-11,4.62,-1.0919,-11,4.62,-1.0919,0,0,0,54621,7.75831e+08,9.23831e+13,0,profile_only
L2_final_branch_th16,ad6bb15,W2,16,613,1,0.761195,-10.95,4.52,-1.0419,-10.95,4.52,-1.0419,0,0,0,54621,7.18603e+08,9.40738e+13,0,profile_only
L2_final_branch_th16,ad6bb15,W2,16,614,1,0.749747,-10.85,4.42,-0.891899,-10.85,4.42,-0.891899,0,0,0,54621,8.12285e+08,9.45041e+13,0,profile_only
L2_final_branch_th16,ad6bb15,W2,16,615,1,0.781046,-10.7,4.32,-0.791899,-10.7,4.32,-0.791899,0,0,0,54621,6.99579e+08,9.61734e+13,0,profile_only
L2_final_branch_th16,ad6bb15,W2,16,616,1,0.729073,-10.65,4.32,-0.741899,-10.65,4.32,-0.741899,0,0,0,54621,6.61164e+08,9.80024e+13,0,profile_only
L2_final_branch_th16,ad6bb15,W2,16,617,1,0.762678,-10.5,4.22,-0.591899,-10.5,4.22,-0.591899,0,0,0,54621,8.09487e+08,9.98658e+13,0,profile_only
L2_final_branch_th16,ad6bb15,W2,16,618,1,0.797125,-10.4,4.17,-0.491899,-10.4,4.17,-0.491899,0,0,0,54621,6.05707e+08,1.01425e+14,0,profile_only
L2_final_branch_th16,ad6bb15,W2,16,619,1,0.78447,-10.25,4.12,-0.391899,-10.25,4.12,-0.391899,0,0,0,54621,6.18089e+08,1.04746e+14,0,profile_only
L2_final_branch_th16,ad6bb15,W2,16,620,1,0.777027,-10.1,4.12,-0.291899,-10.1,4.12,-0.291899,0,0,0,54621,6.1569e+08,1.07412e+14,0,profile_only
L2_final_branch_th16,ad6bb15,W2,16,621,1,0.754757,-9.95,4.07,-0.191899,-9.95,4.07,-0.191899,0,0,0,54621,9.60062e+08,1.10052e+14,0,profile_only
L2_final_branch_th16,ad6bb15,W2,16,622,1,0.820882,-9.8,4.07,-0.141899,-9.8,4.07,-0.141899,0,0,0,54621,9.52296e+08,1.13211e+14,0,profile_only
L2_final_branch_th16,ad6bb15,W2,16,623,1,0.82978,-9.65,4.07,-0.0918989,-9.65,4.07,-0.0918989,0,0,0,54621,9.75403e+08,1.15443e+14,0,profile_only
L2_final_branch_th16,ad6bb15,W2,16,624,1,0.717543,-9.5,4.07,-0.0918989,-9.5,4.07,-0.0918989,0,0,0,54621,9.23158e+08,1.1843e+14,0,profile_only
L2_final_branch_th16,ad6bb15,W2,16,625,1,0.677114,-9.35,4.02,-0.0418989,-9.35,4.02,-0.0418989,0,0,0,54621,8.30518e+08,1.20311e+14,0,profile_only
L2_final_branch_th16,ad6bb15,W2,16,626,1,0.724542,-9.15,4.02,-0.0418989,-9.15,4.02,-0.0418989,0,0,0,54621,6.5961e+08,1.23025e+14,0,profile_only
L2_final_branch_th16,ad6bb15,W2,16,627,1,0.755421,-8.9,4.02,-0.0918989,-8.9,4.02,-0.0918989,0,0,0,54621,7.5075e+08,1.2558e+14,0,profile_only
L2_final_branch_th16,ad6bb15,W2,16,628,1,0.722211,-8.75,4.02,-0.0918989,-8.75,4.02,-0.0918989,0,0,0,54621,3.75948e+08,1.30334e+14,0,profile_only
L2_final_branch_th16,ad6bb15,W2,16,629,1,0.696244,-8.55,3.97,-0.141899,-8.55,3.97,-0.141899,0,0,0,54621,4.84541e+08,1.32598e+14,0,profile_only
L2_final_branch_th16,ad6bb15,W2,16,630,1,0.699596,-8.45,3.97,-0.191899,-8.45,3.97,-0.191899,0,0,0,54621,3.6875e+08,1.34295e+14,0,profile_only
L2_final_branch_th16,ad6bb15,W2,16,631,1,0.730225,-8.25,3.92,-0.241899,-8.25,3.92,-0.241899,0,0,0,54621,4.39138e+08,1.35419e+14,0,profile_only
L2_final_branch_th16,ad6bb15,W2,16,632,1,0.776628,-8.05,3.87,-0.241899,-8.05,3.87,-0.241899,0,0,0,54621,5.87124e+08,1.38452e+14,0,profile_only
L2_final_branch_th16,ad6bb15,W2,16,633,1,0.800306,-7.9,3.82,-0.291899,-7.9,3.82,-0.291899,0,0,0,54621,5.29168e+08,1.40557e+14,0,profile_only
L2_final_branch_th16,ad6bb15,W2,16,634,1,0.817096,-7.65,3.67,-0.291899,-7.65,3.67,-0.291899,0,0,0,54621,5.71045e+08,1.42415e+14,0,profile_only
L2_final_branch_th16,ad6bb15,W2,16,635,1,0.868941,-7.5,3.62,-0.341899,-7.5,3.62,-0.341899,0,0,0,54621,5.22669e+08,1.45956e+14,0,profile_only
L2_final_branch_th16,ad6bb15,W2,16,636,1,0.799587,-7.3,3.52,-0.391899,-7.3,3.52,-0.391899,0,0,0,54621,5.29341e+08,1.4753e+14,0,profile_only
L2_final_branch_th16,ad6bb15,W2,16,637,1,0.866495,-7.2,3.47,-0.391899,-7.2,3.47,-0.391899,0,0,0,54621,5.77277e+08,1.49296e+14,0,profile_only
L2_final_branch_th16,ad6bb15,W2,16,638,1,0.811447,-7.05,3.42,-0.441899,-7.05,3.42,-0.441899,0,0,0,54621,5.35539e+08,1.5118e+14,0,profile_only
L2_final_branch_th16,ad6bb15,W2,16,639,1,0.863228,-6.9,3.32,-0.441899,-6.9,3.32,-0.441899,0,0,0,54621,5.56477e+08,1.53676e+14,0,profile_only
L2_final_branch_th16,ad6bb15,W2,16,640,1,0.811215,-6.7,3.22,-0.441899,-6.7,3.22,-0.441899,0,0,0,54621,5.56355e+08,1.56336e+14,0,profile_only
L2_final_branch_th16,ad6bb15,W2,16,641,1,0.821618,-6.6,3.17,-0.441899,-6.6,3.17,-0.441899,0,0,0,54621,5.55314e+08,1.59883e+14,0,profile_only
L2_final_branch_th16,ad6bb15,W2,16,642,1,0.821497,-6.4,3.07,-0.441899,-6.4,3.07,-0.441899,0,0,0,54621,5.81502e+08,1.6154e+14,0,profile_only
L2_final_branch_th16,ad6bb15,W2,16,643,1,0.798006,-6.15,2.97,-0.441899,-6.15,2.97,-0.441899,0,0,0,54621,5.24342e+08,1.65195e+14,0,profile_only
L2_final_branch_th16,ad6bb15,W2,16,644,1,0.77756,-5.95,2.87,-0.441899,-5.95,2.87,-0.441899,0,0,0,54621,5.97843e+08,1.69133e+14,0,profile_only
L2_final_branch_th16,ad6bb15,W2,16,645,1,0.783795,-5.75,2.77,-0.441899,-5.75,2.77,-0.441899,0,0,0,54621,5.96952e+08,1.70726e+14,0,profile_only
L2_final_branch_th16,ad6bb15,W2,16,646,1,0.836391,-5.55,2.67,-0.441899,-5.55,2.67,-0.441899,0,0,0,54621,5.89776e+08,1.72725e+14,0,profile_only
L2_final_branch_th16,ad6bb15,W2,16,647,1,0.782378,-5.35,2.57,-0.441899,-5.35,2.57,-0.441899,0,0,0,54621,5.78384e+08,1.7566e+14,0,profile_only
L2_final_branch_th16,ad6bb15,W2,16,648,1,0.811663,-5.1,2.47,-0.441899,-5.1,2.47,-0.441899,0,0,0,54621,5.91515e+08,1.7797e+14,0,profile_only
L2_final_branch_th16,ad6bb15,W2,16,649,1,0.794899,-5,2.42,-0.441899,-5,2.42,-0.441899,0,0,0,54621,5.88572e+08,1.80355e+14,0,profile_only
L2_final_branch_th16,ad6bb15,W2,16,650,1,0.768809,-4.8,2.32,-0.441899,-4.8,2.32,-0.441899,0,0,0,54621,5.98351e+08,1.81263e+14,0,profile_only
L2_final_branch_th16,ad6bb15,W2,16,651,1,0.792879,-4.6,2.22,-0.491899,-4.6,2.22,-0.491899,0,0,0,54621,5.61404e+08,1.83781e+14,0,profile_only
L2_final_branch_th16,ad6bb15,W2,16,652,1,0.848811,-4.45,2.12,-0.491899,-4.45,2.12,-0.491899,0,0,0,54621,6.16662e+08,1.85604e+14,0,profile_only
L2_final_branch_th16,ad6bb15,W2,16,653,1,0.793949,-4.05,1.92,-0.491899,-4.05,1.92,-0.491899,0,0,0,54621,5.638e+08,1.86843e+14,0,profile_only
L2_final_branch_th16,ad6bb15,W2,16,654,1,0.793949,-3.85,1.77,-0.491899,-3.85,1.77,-0.491899,0,0,0,54621,5.41577e+08,1.89548e+14,0,profile_only
L2_final_branch_th16,ad6bb15,W2,16,655,1,0.842473,-3.95,1.82,-0.541899,-3.95,1.82,-0.541899,0,0,0,54621,5.36485e+08,1.90428e+14,0,profile_only
L2_final_branch_th16,ad6bb15,W2,16,656,1,0.808819,-3.6,1.62,-0.541899,-3.6,1.62,-0.541899,0,0,0,54621,6.13243e+08,1.90369e+14,0,profile_only
L2_final_branch_th16,ad6bb15,W2,16,657,1,0.787452,-3.4,1.52,-0.541899,-3.4,1.52,-0.541899,0,0,0,54621,5.22853e+08,1.9041e+14,0,profile_only
L2_final_branch_th16,ad6bb15,W2,16,658,1,0.770978,-3.2,1.37,-0.591899,-3.2,1.37,-0.591899,0,0,0,54621,5.05576e+08,1.90319e+14,0,profile_only
L2_final_branch_th16,ad6bb15,W2,16,659,1,0.832483,-3.3,1.37,-0.641899,-3.3,1.37,-0.641899,0,0,0,54621,5.51898e+08,1.8957e+14,0,profile_only
L2_final_branch_th16,ad6bb15,W2,16,660,1,0.770877,-3.15,1.27,-0.691899,-3.15,1.27,-0.691899,0,0,0,54621,5.55462e+08,1.89089e+14,0,profile_only
L2_final_branch_th16,ad6bb15,W2,16,661,1,0.893283,-3,1.12,-0.691899,-3,1.12,-0.691899,0,0,0,54621,6.48123e+08,1.8825e+14,0,profile_only
L2_final_branch_th16,ad6bb15,W2,16,662,1,0.804386,-2.9,1.02,-0.741899,-2.9,1.02,-0.741899,0,0,0,54621,6.26628e+08,1.86226e+14,0,profile_only
L2_final_branch_th16,ad6bb15,W2,16,663,1,0.87521,-2.75,0.87,-0.741899,-2.75,0.87,-0.741899,0,0,0,54621,6.13583e+08,1.84315e+14,0,profile_only
L2_final_branch_th16,ad6bb15,W2,16,664,1,0.804582,-2.65,0.77,-0.741899,-2.65,0.77,-0.741899,0,0,0,54621,5.7678e+08,1.81737e+14,0,profile_only
L2_final_branch_th16,ad6bb15,W2,16,665,1,0.896323,-2.55,0.67,-0.791899,-2.55,0.67,-0.791899,0,0,0,54621,5.42937e+08,1.81416e+14,0,profile_only
L2_final_branch_th16,ad6bb15,W2,16,666,1,0.814554,-2.4,0.52,-0.791899,-2.4,0.52,-0.791899,0,0,0,54621,4.79763e+08,1.7986e+14,0,profile_only
L2_final_branch_th16,ad6bb15,W2,16,667,1,0.917549,-2.25,0.37,-0.791899,-2.25,0.37,-0.791899,0,0,0,54621,5.88103e+08,1.76481e+14,0,profile_only
L2_final_branch_th16,ad6bb15,W2,16,668,1,0.839223,-2.1,0.22,-0.741899,-2.1,0.22,-0.741899,0,0,0,54621,6.47685e+08,1.72598e+14,0,profile_only
L2_final_branch_th16,ad6bb15,W2,16,669,1,0.873012,-2,0.12,-0.691899,-2,0.12,-0.691899,0,0,0,54621,7.2892e+08,1.69551e+14,0,profile_only
L2_final_branch_th16,ad6bb15,W2,16,670,1,0.805953,-1.75,-0.03,-0.591899,-1.75,-0.03,-0.591899,0,0,0,54621,7.10287e+08,1.67297e+14,0,profile_only
L2_final_branch_th16,ad6bb15,W2,16,671,1,0.857006,-1.65,-0.08,-0.541899,-1.65,-0.08,-0.541899,0,0,0,54621,6.22747e+08,1.64497e+14,0,profile_only
L2_final_branch_th16,ad6bb15,W2,16,672,1,0.835247,-1.5,-0.13,-0.491899,-1.5,-0.13,-0.491899,0,0,0,54621,5.94444e+08,1.63821e+14,0,profile_only
L2_final_branch_th16,ad6bb15,W2,16,673,1,0.799615,-1.25,-0.23,-0.391899,-1.25,-0.23,-0.391899,0,0,0,54621,6.67118e+08,1.62974e+14,0,profile_only
L2_final_branch_th16,ad6bb15,W2,16,674,1,0.830495,-1.15,-0.28,-0.391899,-1.15,-0.28,-0.391899,0,0,0,54621,6.09599e+08,1.6272e+14,0,profile_only
L2_final_branch_th16,ad6bb15,W2,16,675,1,0.776242,-0.85,-0.38,-0.341899,-0.85,-0.38,-0.341899,0,0,0,54621,6.98343e+08,1.621e+14,0,profile_only
L2_final_branch_th16,ad6bb15,W2,16,676,1,0.816379,-0.7,-0.43,-0.341899,-0.7,-0.43,-0.341899,0,0,0,54621,6.58048e+08,1.59826e+14,0,profile_only
L2_final_branch_th16,ad6bb15,W2,16,677,1,0.774591,-0.5,-0.53,-0.341899,-0.5,-0.53,-0.341899,0,0,0,54621,6.52018e+08,1.58698e+14,0,profile_only
L2_final_branch_th16,ad6bb15,W2,16,678,1,0.821534,-0.25,-0.58,-0.291899,-0.25,-0.58,-0.291899,0,0,0,54621,6.77859e+08,1.56228e+14,0,profile_only
L2_final_branch_th16,ad6bb15,W2,16,679,1,0.783998,-0.05,-0.63,-0.241899,-0.05,-0.63,-0.241899,0,0,0,54621,6.2791e+08,1.54994e+14,0,profile_only
L2_final_branch_th16,ad6bb15,W2,16,680,1,0.733061,0.05,-0.68,-0.241899,0.05,-0.68,-0.241899,0,0,0,54621,5.01022e+08,1.5358e+14,0,profile_only
L2_final_branch_th16,ad6bb15,W2,16,681,1,0.856796,0.3,-0.68,-0.141899,0.3,-0.68,-0.141899,0,0,0,54621,4.74819e+08,1.51418e+14,0,profile_only
L2_final_branch_th16,ad6bb15,W2,16,682,1,0.796818,0.45,-0.68,-0.0918989,0.45,-0.68,-0.0918989,0,0,0,54621,5.58592e+08,1.50681e+14,0,profile_only
L2_final_branch_th16,ad6bb15,W2,16,683,1,0.742417,0.65,-0.68,-0.0418989,0.65,-0.68,-0.0418989,0,0,0,54621,6.06822e+08,1.50167e+14,0,profile_only
L2_final_branch_th16,ad6bb15,W2,16,684,1,0.850142,0.85,-0.68,0.0581011,0.85,-0.68,0.0581011,0,0,0,54621,6.99592e+08,1.49436e+14,0,profile_only
L2_final_branch_th16,ad6bb15,W2,16,685,1,0.794199,1,-0.63,0.108101,1,-0.63,0.108101,0,0,0,54621,6.33145e+08,1.49858e+14,0,profile_only
L2_final_branch_th16,ad6bb15,W2,16,686,1,0.697549,1.3,-0.53,0.208101,1.3,-0.53,0.208101,0,0,0,54621,6.44086e+08,1.50503e+14,0,profile_only
L2_final_branch_th16,ad6bb15,W2,16,687,1,0.856473,1.45,-0.53,0.258101,1.45,-0.53,0.258101,0,0,0,54621,6.03906e+08,1.50649e+14,0,profile_only
L2_final_branch_th16,ad6bb15,W2,16,688,1,0.895061,1.6,-0.48,0.308101,1.6,-0.48,0.308101,0,0,0,54621,6.4417e+08,1.5027e+14,0,profile_only
L2_final_branch_th16,ad6bb15,W2,16,689,1,0.848339,1.8,-0.38,0.358101,1.8,-0.38,0.358101,0,0,0,54621,6.04067e+08,1.50401e+14,0,profile_only
L2_final_branch_th16,ad6bb15,W2,16,690,1,0.867142,2,-0.28,0.458101,2,-0.28,0.458101,0,0,0,54621,6.54035e+08,1.5001e+14,0,profile_only
L2_final_branch_th16,ad6bb15,W2,16,691,1,0.91616,2.15,-0.18,0.508101,2.15,-0.18,0.508101,0,0,0,54621,6.13399e+08,1.50149e+14,0,profile_only
L2_final_branch_th16,ad6bb15,W2,16,692,1,0.833292,2.35,-0.03,0.608101,2.35,-0.03,0.608101,0,0,0,54621,6.75775e+08,1.49895e+14,0,profile_only
L2_final_branch_th16,ad6bb15,W2,16,693,1,0.813227,2.45,0.02,0.608101,2.45,0.02,0.608101,0,0,0,54621,5.77943e+08,1.50245e+14,0,profile_only
L2_final_branch_th16,ad6bb15,W2,16,694,1,0.86593,2.6,0.17,0.708101,2.6,0.17,0.708101,0,0,0,54621,7.41581e+08,1.48744e+14,0,profile_only
L2_final_branch_th16,ad6bb15,W2,16,695,1,0.894205,2.75,0.32,0.758101,2.75,0.32,0.758101,0,0,0,54621,6.39308e+08,1.48411e+14,0,profile_only
L2_final_branch_th16,ad6bb15,W2,16,696,1,0.866318,2.85,0.42,0.808101,2.85,0.42,0.808101,0,0,0,54621,6.70778e+08,1.46954e+14,0,profile_only
L2_final_branch_th16,ad6bb15,W2,16,697,1,0.880416,3,0.67,0.908101,3,0.67,0.908101,0,0,0,54621,6.64182e+08,1.45517e+14,0,profile_only
L2_final_branch_th16,ad6bb15,W2,16,698,1,0.878348,3.1,0.77,0.958101,3.1,0.77,0.958101,0,0,0,54621,6.44902e+08,1.45179e+14,0,profile_only
L2_final_branch_th16,ad6bb15,W2,16,699,1,0.850766,3.15,0.92,1.0081,3.15,0.92,1.0081,0,0,0,54621,6.1565e+08,1.44155e+14,0,profile_only
L2_final_branch_th16,ad6bb15,W2,16,700,1,0.826051,3.25,1.07,1.0581,3.25,1.07,1.0581,0,0,0,54621,6.75003e+08,1.44313e+14,0,profile_only
L2_final_branch_th16,ad6bb15,W2,16,701,1,0.861305,3.35,1.32,1.1581,3.35,1.32,1.1581,0,0,0,54621,6.86762e+08,1.43495e+14,0,profile_only
L2_final_branch_th16,ad6bb15,W2,16,702,1,0.852381,3.4,1.47,1.2081,3.4,1.47,1.2081,0,0,0,54621,6.71797e+08,1.43006e+14,0,profile_only
L2_final_branch_th16,ad6bb15,W2,16,703,1,0.82382,3.45,1.62,1.2581,3.45,1.62,1.2581,0,0,0,54621,6.31716e+08,1.42737e+14,0,profile_only
L2_final_branch_th16,ad6bb15,W2,16,704,1,0.777392,3.55,1.92,1.3581,3.55,1.92,1.3581,0,0,0,54621,6.63317e+08,1.42382e+14,0,profile_only
L2_final_branch_th16,ad6bb15,W2,16,705,1,0.833567,3.55,2.07,1.4081,3.55,2.07,1.4081,0,0,0,54621,6.10475e+08,1.41878e+14,0,profile_only
L2_final_branch_th16,ad6bb15,W2,16,706,1,0.870313,3.55,2.22,1.4581,3.55,2.22,1.4581,0,0,0,54621,5.82985e+08,1.42179e+14,0,profile_only
L2_final_branch_th16,ad6bb15,W2,16,707,1,0.771116,3.55,2.52,1.5581,3.55,2.52,1.5581,0,0,0,54621,6.0776e+08,1.41896e+14,0,profile_only
L2_final_branch_th16,ad6bb15,W2,16,708,1,0.794192,3.55,2.72,1.6081,3.55,2.72,1.6081,0,0,0,54621,5.94298e+08,1.41977e+14,0,profile_only
L2_final_branch_th16,ad6bb15,W2,16,709,1,0.760828,3.5,2.87,1.6581,3.5,2.87,1.6581,0,0,0,54621,6.45574e+08,1.42153e+14,0,profile_only
L2_final_branch_th16,ad6bb15,W2,16,710,1,0.716474,3.45,3.07,1.7081,3.45,3.07,1.7081,0,0,0,54621,6.75342e+08,1.42523e+14,0,profile_only
L2_final_branch_th16,ad6bb15,W2,16,711,1,0.787064,3.35,3.37,1.8081,3.35,3.37,1.8081,0,0,0,54621,7.07422e+08,1.43209e+14,0,profile_only
L2_final_branch_th16,ad6bb15,W2,16,712,1,0.827971,3.35,3.47,1.8581,3.35,3.47,1.8581,0,0,0,54621,7.13433e+08,1.43788e+14,0,profile_only
L2_final_branch_th16,ad6bb15,W2,16,713,1,0.868372,3.3,3.62,1.9081,3.3,3.62,1.9081,0,0,0,54621,7.13586e+08,1.44314e+14,0,profile_only
L2_final_branch_th16,ad6bb15,W2,16,714,1,0.787564,3.1,3.92,2.0081,3.1,3.92,2.0081,0,0,0,54621,7.24444e+08,1.44872e+14,0,profile_only
L2_final_branch_th16,ad6bb15,W2,16,715,1,0.814174,3.05,4.02,2.0581,3.05,4.02,2.0581,0,0,0,54621,6.17138e+08,1.4749e+14,0,profile_only
L2_final_branch_th16,ad6bb15,W2,16,716,1,0.883834,2.9,4.22,2.1081,2.9,4.22,2.1081,0,0,0,54621,6.53228e+08,1.47842e+14,0,profile_only
L2_final_branch_th16,ad6bb15,W2,16,717,1,0.930371,2.85,4.32,2.1581,2.85,4.32,2.1581,0,0,0,54621,6.72016e+08,1.49183e+14,0,profile_only
L2_final_branch_th16,ad6bb15,W2,16,718,1,0.910937,2.8,4.42,2.2081,2.8,4.42,2.2081,0,0,0,54621,6.68055e+08,1.49453e+14,0,profile_only
L2_final_branch_th16,ad6bb15,W2,16,719,1,0.963422,2.7,4.52,2.2581,2.7,4.52,2.2581,0,0,0,54621,6.75686e+08,1.4927e+14,0,profile_only
L2_final_branch_th16,ad6bb15,W2,16,720,1,0.87473,2.6,4.62,2.3081,2.6,4.62,2.3081,0,0,0,54621,6.82689e+08,1.49741e+14,0,profile_only
L2_final_branch_th16,ad6bb15,W2,16,721,1,0.857086,2.35,4.87,2.4081,2.35,4.87,2.4081,0,0,0,54621,7.1089e+08,1.50328e+14,0,profile_only
L2_final_branch_th16,ad6bb15,W2,16,722,1,0.860711,2.2,4.97,2.4581,2.2,4.97,2.4581,0,0,0,54621,6.15491e+08,1.52167e+14,0,profile_only
L2_final_branch_th16,ad6bb15,W2,16,723,1,0.913751,2.15,5.02,2.5081,2.15,5.02,2.5081,0,0,0,54621,6.60506e+08,1.52157e+14,0,profile_only
L2_final_branch_th16,ad6bb15,W2,16,724,1,0.907479,1.95,5.12,2.5581,1.95,5.12,2.5581,0,0,0,54621,6.69097e+08,1.5238e+14,0,profile_only
L2_final_branch_th16,ad6bb15,W2,16,725,1,0.927961,1.85,5.17,2.6081,1.85,5.17,2.6081,0,0,0,54621,6.35566e+08,1.53568e+14,0,profile_only
L2_final_branch_th16,ad6bb15,W2,16,726,1,0.880369,1.75,5.22,2.6581,1.75,5.22,2.6581,0,0,0,54621,6.43095e+08,1.54187e+14,0,profile_only
L2_final_branch_th16,ad6bb15,W2,16,727,1,0.869246,1.6,5.27,2.7081,1.6,5.27,2.7081,0,0,0,54621,6.34264e+08,1.54781e+14,0,profile_only
L2_final_branch_th16,ad6bb15,W2,16,728,1,0.834296,1.45,5.32,2.7581,1.45,5.32,2.7581,0,0,0,54621,6.61753e+08,1.56023e+14,0,profile_only
L2_final_branch_th16,ad6bb15,W2,16,729,1,0.849943,1.3,5.37,2.8081,1.3,5.37,2.8081,0,0,0,54621,6.4537e+08,1.57086e+14,0,profile_only
L2_final_branch_th16,ad6bb15,W2,16,730,1,0.825873,1.15,5.42,2.8081,1.15,5.42,2.8081,0,0,0,54621,6.10309e+08,1.58352e+14,0,profile_only
L2_final_branch_th16,ad6bb15,W2,16,731,1,0.79076,0.85,5.57,2.8581,0.85,5.57,2.8581,0,0,0,54621,5.90843e+08,1.58986e+14,0,profile_only
L2_final_branch_th16,ad6bb15,W2,16,732,1,0.825648,0.7,5.62,2.8581,0.7,5.62,2.8581,0,0,0,54621,6.10547e+08,1.60997e+14,0,profile_only
L2_final_branch_th16,ad6bb15,W2,16,733,1,0.846711,0.5,5.67,2.8581,0.5,5.67,2.8581,0,0,0,54621,5.68658e+08,1.61819e+14,0,profile_only
L2_final_branch_th16,ad6bb15,W2,16,734,1,0.864218,0.35,5.72,2.8581,0.35,5.72,2.8581,0,0,0,54621,6.18174e+08,1.62921e+14,0,profile_only
L2_final_branch_th16,ad6bb15,W2,16,735,1,0.849446,0.25,5.77,2.8581,0.25,5.77,2.8581,0,0,0,54621,6.2191e+08,1.63074e+14,0,profile_only
L2_final_branch_th16,ad6bb15,W2,16,736,1,0.8578,0.05,5.82,2.8581,0.05,5.82,2.8581,0,0,0,54621,5.4287e+08,1.6289e+14,0,profile_only
L2_final_branch_th16,ad6bb15,W2,16,737,1,0.876033,2.26347e-14,5.82,2.8081,2.26347e-14,5.82,2.8081,0,0,0,54621,5.97246e+08,1.63788e+14,0,profile_only
L2_final_branch_th16,ad6bb15,W2,16,738,1,0.891974,-0.15,5.87,2.8081,-0.15,5.87,2.8081,0,0,0,54621,6.36157e+08,1.63658e+14,0,profile_only
L2_final_branch_th16,ad6bb15,W2,16,739,1,0.908335,-0.25,5.92,2.8081,-0.25,5.92,2.8081,0,0,0,54621,6.2705e+08,1.64016e+14,0,profile_only
L2_final_branch_th16,ad6bb15,W2,16,740,1,0.928171,-0.4,5.97,2.8081,-0.4,5.97,2.8081,0,0,0,54621,6.35566e+08,1.63876e+14,0,profile_only
L2_final_branch_th16,ad6bb15,W2,16,741,1,0.955444,-0.55,6.02,2.8081,-0.55,6.02,2.8081,0,0,0,54621,6.33263e+08,1.63664e+14,0,profile_only
L2_final_branch_th16,ad6bb15,W2,16,742,1,0.956964,-0.7,6.07,2.8081,-0.7,6.07,2.8081,0,0,0,54621,6.0851e+08,1.63192e+14,0,profile_only
L2_final_branch_th16,ad6bb15,W2,16,743,1,0.913316,-0.9,6.17,2.8081,-0.9,6.17,2.8081,0,0,0,54621,5.69111e+08,1.62524e+14,0,profile_only
L2_final_branch_th16,ad6bb15,W2,16,744,1,0.885912,-0.95,6.17,2.7581,-0.95,6.17,2.7581,0,0,0,54621,6.18877e+08,1.61411e+14,0,profile_only
L2_final_branch_th16,ad6bb15,W2,16,745,1,0.916192,-1.05,6.22,2.7581,-1.05,6.22,2.7581,0,0,0,54621,6.39708e+08,1.61081e+14,0,profile_only
L2_final_branch_th16,ad6bb15,W2,16,746,1,0.880223,-1.2,6.27,2.7581,-1.2,6.27,2.7581,0,0,0,54621,6.54538e+08,1.61362e+14,0,profile_only
L2_final_branch_th16,ad6bb15,W2,16,747,1,0.83578,-1.4,6.37,2.7581,-1.4,6.37,2.7581,0,0,0,54621,6.32566e+08,1.61741e+14,0,profile_only
L2_final_branch_th16,ad6bb15,W2,16,748,1,0.833096,-1.4,6.37,2.7081,-1.4,6.37,2.7081,0,0,0,54621,3.08475e+08,1.60635e+14,0,profile_only
L2_final_branch_th16,ad6bb15,W2,16,749,1,0.874336,-1.5,6.42,2.7081,-1.5,6.42,2.7081,0,0,0,54621,6.36321e+08,1.61e+14,0,profile_only
L2_final_branch_th16,ad6bb15,W2,16,750,1,0.851604,-1.6,6.47,2.7081,-1.6,6.47,2.7081,0,0,0,54621,5.64209e+08,1.61204e+14,0,profile_only
L2_final_branch_th16,ad6bb15,W2,16,751,1,0.806341,-1.65,6.52,2.7081,-1.65,6.52,2.7081,0,0,0,54621,5.41682e+08,1.61077e+14,0,profile_only
L2_final_branch_th16,ad6bb15,W2,16,752,1,0.846482,-1.7,6.52,2.7081,-1.7,6.52,2.7081,0,0,0,54621,2.85022e+08,1.60394e+14,0,profile_only
L2_final_branch_th16,ad6bb15,W2,16,753,1,0.794152,-1.75,6.57,2.7081,-1.75,6.57,2.7081,0,0,0,54621,2.36294e+08,1.60951e+14,0,profile_only
L2_final_branch_th16,ad6bb15,W2,16,754,1,0.782721,-1.8,6.57,2.7081,-1.8,6.57,2.7081,0,0,0,54621,2.70467e+08,1.60164e+14,0,profile_only
L2_final_branch_th16,ad6bb15,W2,16,755,1,0.7963,-1.75,6.57,2.7081,-1.75,6.57,2.7081,0,0,0,54621,1.74246e+08,1.60196e+14,0,profile_only
L2_final_branch_th16,ad6bb15,W2,16,756,1,0.780748,-1.75,6.57,2.7081,-1.75,6.57,2.7081,0,0,0,54621,2.70364e+08,1.60201e+14,0,profile_only
L2_final_branch_th16,ad6bb15,W2,16,757,1,0.780635,-1.8,6.57,2.7081,-1.8,6.57,2.7081,0,0,0,54621,2.70412e+08,1.60191e+14,0,profile_only
L2_final_branch_th16,ad6bb15,W2,16,758,1,0.779503,-1.75,6.57,2.7081,-1.75,6.57,2.7081,0,0,0,54621,1.74216e+08,1.60165e+14,0,profile_only
L2_final_branch_th16,ad6bb15,W2,16,759,1,0.77593,-1.75,6.57,2.7081,-1.75,6.57,2.7081,0,0,0,54621,2.91548e+08,1.60201e+14,0,profile_only
L2_final_branch_th16,ad6bb15,W2,16,760,1,0.7839,-1.75,6.57,2.7081,-1.75,6.57,2.7081,0,0,0,54621,2.91551e+08,1.60193e+14,0,profile_only
L2_final_branch_th16,ad6bb15,W2,16,761,1,0.772244,-1.75,6.57,2.7081,-1.75,6.57,2.7081,0,0,0,54621,2.91535e+08,1.602e+14,0,profile_only
L2_final_branch_th16,ad6bb15,W2,16,762,1,0.77724,-1.75,6.57,2.7081,-1.75,6.57,2.7081,0,0,0,54621,2.70377e+08,1.60188e+14,0,profile_only
L2_final_branch_th16,ad6bb15,W2,16,763,1,0.770579,-1.75,6.57,2.7081,-1.75,6.57,2.7081,0,0,0,54621,2.80429e+08,1.60196e+14,0,profile_only
L2_final_branch_th16,ad6bb15,W2,16,764,1,0.774653,-1.75,6.57,2.7081,-1.75,6.57,2.7081,0,0,0,54621,2.71298e+08,1.60198e+14,0,profile_only
L2_final_branch_th16,ad6bb15,W2,16,765,1,0.776706,-1.75,6.57,2.7081,-1.75,6.57,2.7081,0,0,0,54621,2.71348e+08,1.60191e+14,0,profile_only
L2_final_branch_th16,ad6bb15,W2,16,766,1,0.775009,-1.75,6.57,2.7081,-1.75,6.57,2.7081,0,0,0,54621,2.91527e+08,1.60194e+14,0,profile_only
L2_final_branch_th16,ad6bb15,W2,16,767,1,0.767993,-1.75,6.57,2.7081,-1.75,6.57,2.7081,0,0,0,54621,2.91502e+08,1.60196e+14,0,profile_only
L2_final_branch_th16,ad6bb15,W2,16,768,1,0.77614,-1.75,6.57,2.7081,-1.75,6.57,2.7081,0,0,0,54621,2.70409e+08,1.60193e+14,0,profile_only
L2_final_branch_th16,ad6bb15,W2,16,769,1,0.782445,-1.75,6.57,2.7081,-1.75,6.57,2.7081,0,0,0,54621,2.80459e+08,1.60207e+14,0,profile_only
L2_final_branch_th16,ad6bb15,W2,16,770,1,0.779115,-1.75,6.57,2.7081,-1.75,6.57,2.7081,0,0,0,54621,2.80435e+08,1.60201e+14,0,profile_only
L2_final_branch_th16,ad6bb15,W2,16,771,1,0.785388,-1.75,6.57,2.7081,-1.75,6.57,2.7081,0,0,0,54621,2.70483e+08,1.60192e+14,0,profile_only
L2_final_branch_th16,ad6bb15,W2,16,772,1,0.780425,-1.8,6.57,2.7081,-1.8,6.57,2.7081,0,0,0,54621,2.7043e+08,1.6019e+14,0,profile_only
L2_final_branch_th16,ad6bb15,W2,16,773,1,0.78521,-1.75,6.57,2.7081,-1.75,6.57,2.7081,0,0,0,54621,1.74169e+08,1.60167e+14,0,profile_only
L2_final_branch_th16,ad6bb15,W2,16,774,1,0.79339,-1.8,6.57,2.7081,-1.8,6.57,2.7081,0,0,0,54621,2.51296e+08,1.60176e+14,0,profile_only
L2_final_branch_th16,ad6bb15,W2,16,775,1,0.789639,-1.75,6.57,2.7081,-1.75,6.57,2.7081,0,0,0,54621,1.74211e+08,1.60154e+14,0,profile_only
L2_final_branch_th16,ad6bb15,W2,16,776,1,0.781201,-1.8,6.57,2.7081,-1.8,6.57,2.7081,0,0,0,54621,2.70475e+08,1.60195e+14,0,profile_only
L2_final_branch_th16,ad6bb15,W2,16,777,1,0.782866,-1.8,6.57,2.7081,-1.8,6.57,2.7081,0,0,0,54621,1.74188e+08,1.60158e+14,0,profile_only
L2_final_branch_th16,ad6bb15,W2,16,778,1,0.783512,-1.75,6.57,2.7081,-1.75,6.57,2.7081,0,0,0,54621,1.74189e+08,1.60165e+14,0,profile_only
L2_final_branch_th16,ad6bb15,W2,16,779,1,0.782057,-1.75,6.57,2.7081,-1.75,6.57,2.7081,0,0,0,54621,2.80452e+08,1.602e+14,0,profile_only
L2_final_branch_th16,ad6bb15,W2,16,780,1,0.776496,-1.75,6.57,2.7081,-1.75,6.57,2.7081,0,0,0,54621,2.7139e+08,1.60188e+14,0,profile_only
L2_final_branch_th16,ad6bb15,W2,16,781,1,0.782656,-1.8,6.57,2.7081,-1.8,6.57,2.7081,0,0,0,54621,2.71385e+08,1.60199e+14,0,profile_only
L2_final_branch_th16,ad6bb15,W2,16,782,1,0.77614,-1.75,6.57,2.7081,-1.75,6.57,2.7081,0,0,0,54621,1.74172e+08,1.60167e+14,0,profile_only
L2_final_branch_th16,ad6bb15,W2,16,783,1,0.777595,-1.75,6.57,2.7081,-1.75,6.57,2.7081,0,0,0,54621,2.70375e+08,1.60184e+14,0,profile_only
L2_final_branch_th16,ad6bb15,W2,16,784,1,0.780603,-1.75,6.57,2.7081,-1.75,6.57,2.7081,0,0,0,54621,2.70391e+08,1.60189e+14,0,profile_only
L2_final_branch_th16,ad6bb15,W2,16,785,1,0.776173,-1.75,6.57,2.7081,-1.75,6.57,2.7081,0,0,0,54621,2.70342e+08,1.60188e+14,0,profile_only
L2_final_branch_th16,ad6bb15,W2,16,786,1,0.77462,-1.75,6.57,2.7081,-1.75,6.57,2.7081,0,0,0,54621,2.80485e+08,1.60196e+14,0,profile_only
L2_final_branch_th16,ad6bb15,W2,16,787,1,0.774007,-1.8,6.57,2.7081,-1.8,6.57,2.7081,0,0,0,54621,2.52278e+08,1.60197e+14,0,profile_only
L2_final_branch_th16,ad6bb15,W2,16,788,1,0.772875,-1.8,6.57,2.7081,-1.8,6.57,2.7081,0,0,0,54621,1.74219e+08,1.60158e+14,0,profile_only
L2_final_branch_th16,ad6bb15,W2,16,789,1,0.781702,-1.75,6.57,2.7081,-1.75,6.57,2.7081,0,0,0,54621,1.74228e+08,1.60174e+14,0,profile_only
L2_final_branch_th16,ad6bb15,W2,16,790,1,0.786519,-1.75,6.57,2.7081,-1.75,6.57,2.7081,0,0,0,54621,2.80562e+08,1.60184e+14,0,profile_only
L2_final_branch_th16,ad6bb15,W2,16,791,1,0.775009,-1.75,6.57,2.7081,-1.75,6.57,2.7081,0,0,0,54621,2.70339e+08,1.60194e+14,0,profile_only
L2_final_branch_th16,ad6bb15,W2,16,792,1,0.773587,-1.75,6.57,2.7081,-1.75,6.57,2.7081,0,0,0,54621,2.78401e+08,1.60201e+14,0,profile_only
L2_final_branch_th16,ad6bb15,W2,16,793,1,0.780958,-1.75,6.57,2.7081,-1.75,6.57,2.7081,0,0,0,54621,2.70375e+08,1.60189e+14,0,profile_only
L2_final_branch_th16,ad6bb15,W2,16,794,1,0.781912,-1.8,6.57,2.7081,-1.8,6.57,2.7081,0,0,0,54621,2.70506e+08,1.60194e+14,0,profile_only
L2_final_branch_th16,ad6bb15,W2,16,795,1,0.787263,-1.75,6.57,2.7081,-1.75,6.57,2.7081,0,0,0,54621,1.74217e+08,1.6016e+14,0,profile_only
L2_final_branch_th16,ad6bb15,W2,16,796,1,0.777806,-1.75,6.57,2.7081,-1.75,6.57,2.7081,0,0,0,54621,2.70448e+08,1.60191e+14,0,profile_only
L2_final_branch_th16,ad6bb15,W2,16,797,1,0.779293,-1.75,6.57,2.7081,-1.75,6.57,2.7081,0,0,0,54621,2.70384e+08,1.60204e+14,0,profile_only
L2_final_branch_th16,ad6bb15,W2,16,798,1,0.783011,-1.75,6.57,2.7081,-1.75,6.57,2.7081,0,0,0,54621,2.70366e+08,1.60201e+14,0,profile_only
